url,sources,old_first_status,old_final_status,old_final_url,new_first_status,new_final_status,new_final_url,verdict,wayback_first_200,wayback_last_200,wayback_200_captures,linked_from_new_pages
/,hint+repo+root+wayback-cdx,302,200,/2015/,200,200,,SAME_BENIGN,,,,
/.nojekyll,hint,404,404,,200,200,,OLD_NOT_OK_NEW_OK,,,,
/2005,root,404,404,,404,404,,BOTH_NOT_OK_SAME,,,,
/2005/,root,404,404,,404,404,,BOTH_NOT_OK_SAME,,,,
/2006,hint+root,302,302,,301,301,,EXT_REDIRECT_SCHEME,,,,
/2006/,hint+root,302,302,,301,301,,EXT_REDIRECT_SCHEME,,,,
/2007,hint+root,302,302,,301,301,,EXT_REDIRECT_SCHEME,,,,
/2007/,hint+root,302,302,,301,301,,EXT_REDIRECT_SCHEME,,,,
/2008,hint+root,302,302,,301,301,,EXT_REDIRECT_SAME,,,,3
/2008/,hint+root,302,302,,301,301,,EXT_REDIRECT_SAME,,,,
/2009,hint+root,302,302,,301,301,,EXT_REDIRECT_SAME,,,,3
/2009/,hint+root,302,302,,301,301,,EXT_REDIRECT_SAME,,,,
/2009/photos,hint+repo+wayback-cdx,302,302,,301,301,,EXT_REDIRECT_SCHEME,,,,1471
/2009/photos.html,hint+repo,302,302,,301,301,,EXT_REDIRECT_DIFF,,,,
/2010,hint+root,301,200,/2010/,301,200,/2010/,LINK_TARGET_DIFF,,,,
/2010/,hint+repo+root+wayback-cdx,200,200,,200,200,,LINK_TARGET_DIFF,20100528,20260829,103,
/2010/.google-analytics.com/ga.js,old-link,404,404,,404,404,,BOTH_NOT_OK_SAME,,,,
/2010/atom.xml,hint+repo,200,200,,200,200,,IDENTICAL,,,,
/2010/cheatsheet.html,hint+wayback-cdx,404,404,,404,404,,BOTH_NOT_OK_SAME,20101010,20120207,3,3
/2010/images/html.gif,hint+repo,200,200,,200,200,,IDENTICAL,,,,
/2010/images/ical.gif,hint+repo,200,200,,200,200,,IDENTICAL,,,,
/2010/images/logo-contentsone.jpg,hint+repo,200,200,,200,200,,IDENTICAL,,,,
/2010/images/logo-dena.jpg,hint+repo,200,200,,200,200,,IDENTICAL,,,,
/2010/images/logo-etolabo.jpg,hint+repo,200,200,,200,200,,IDENTICAL,,,,
/2010/images/logo-eyoffice.png,hint+repo,200,200,,200,200,,IDENTICAL,,,,
/2010/images/logo-gaiax.jpg,hint+repo,200,200,,200,200,,IDENTICAL,,,,
/2010/images/logo-gree.jpg,hint+repo,200,200,,200,200,,IDENTICAL,,,,
/2010/images/logo-jpa.png,hint+repo,404,404,,200,200,,OLD_NOT_OK_NEW_OK,,,,
/2010/images/logo-lancard.gif,hint+repo,200,200,,200,200,,IDENTICAL,,,,
/2010/images/logo-livedoor.jpg,hint+repo,200,200,,200,200,,IDENTICAL,,,,
/2010/images/logo-mixi.jpg,hint+repo,200,200,,200,200,,IDENTICAL,,,,
/2010/images/logo-mobilefactory.jpg,hint+repo,200,200,,200,200,,IDENTICAL,,,,
/2010/images/logo-nhnjapan.jpg,hint+repo,200,200,,200,200,,IDENTICAL,,,,
/2010/images/logo-onsite.jpg,hint+repo,200,200,,200,200,,IDENTICAL,,,,
/2010/images/logo-oreilly.png,hint+repo,200,200,,200,200,,IDENTICAL,,,,
/2010/images/logo-palmquist.png,hint+repo,200,200,,200,200,,IDENTICAL,,,,
/2010/images/logo-paperboy.jpg,hint+repo,200,200,,200,200,,IDENTICAL,,,,
/2010/images/logo-recruit.jpg,hint+repo,200,200,,200,200,,IDENTICAL,,,,
/2010/images/logo-s2factory.gif,hint+repo,200,200,,200,200,,IDENTICAL,,,,
/2010/images/logo-sixapart.jpg,hint+repo,200,200,,200,200,,IDENTICAL,,,,
/2010/images/logo-skyarc.gif,hint+repo,200,200,,200,200,,IDENTICAL,,,,
/2010/images/logo-soffritto.png,hint+repo,200,200,,200,200,,IDENTICAL,,,,
/2010/images/logo-tmix.png,hint+repo,200,200,,200,200,,IDENTICAL,,,,
/2010/images/logo_activestate.jpg,hint+repo,200,200,,200,200,,IDENTICAL,,,,
/2010/images/logo_naver.gif,hint+repo,200,200,,200,200,,IDENTICAL,,,,
/2010/images/xml.gif,hint+repo,200,200,,200,200,,IDENTICAL,,,,
/2010/index,repo,404,404,,200,200,,OLD_NOT_OK_NEW_OK,,,,
/2010/index.html,hint+repo+wayback-cdx,200,200,,200,200,,LINK_TARGET_DIFF,20231208,20260810,8,
/2010/info/,wayback-cdx,200,200,,404,404,,LOST,20100807,20101007,3,
/2010/info/social.html,wayback-cdx,404,404,,404,404,,BOTH_NOT_OK_SAME,20101012,20120208,3,
/2010/info/static/js/DD_belatedPNG.js,old-link,404,404,,404,404,,BOTH_NOT_OK_SAME,,,,
/2010/info/yapcasia-2010.html,hint+wayback-cdx,404,404,,404,404,,BOTH_NOT_OK_SAME,20101028,20101028,1,2
/2010/info/yapcasia-reselling.html,hint+wayback-cdx,404,404,,404,404,,BOTH_NOT_OK_SAME,20101004,20120207,4,2
/2010/info/yapcasia-sponsored.html,hint+wayback-cdx,404,404,,404,404,,BOTH_NOT_OK_SAME,20100829,20120208,4,2
/2010/info/yapcasia-tokyo-2010-lt.html,hint+wayback-cdx,404,404,,404,404,,BOTH_NOT_OK_SAME,20100805,20100805,2,2
/2010/info/yapcasia2010-tshirts.html,wayback-cdx,404,404,,404,404,,BOTH_NOT_OK_SAME,20101010,20120208,3,
/2010/mt.js,hint+repo,200,200,,200,200,,IDENTICAL,,,,
/2010/news/.google-analytics.com/ga.js,old-link,404,404,,404,404,,BOTH_NOT_OK_SAME,,,,
/2010/news/post,repo,404,404,,200,200,,OLD_NOT_OK_NEW_OK,,,,
/2010/news/post.html,hint+repo+wayback-cdx,200,200,,200,200,,SAME_EXCEPT_SELFHOST_URL_FORM,20120523,20250424,8,
/2010/news/qr,repo,404,404,,200,200,,OLD_NOT_OK_NEW_OK,,,,
/2010/news/qr.html,hint+repo+wayback-cdx,200,200,,200,200,,SAME_EXCEPT_SELFHOST_URL_FORM,20120523,20250424,8,
/2010/news/social,repo,404,404,,200,200,,OLD_NOT_OK_NEW_OK,,,,
/2010/news/social.html,hint+repo+wayback-cdx,200,200,,200,200,,SAME_EXCEPT_SELFHOST_URL_FORM,20120523,20250424,7,
/2010/news/static/js/DD_belatedPNG.js,hint,404,404,,404,404,,BOTH_NOT_OK_SAME,,,,
/2010/news/talks-still-wanted-and-prize-announcement,repo,404,404,,200,200,,OLD_NOT_OK_NEW_OK,,,,
/2010/news/talks-still-wanted-and-prize-announcement.html,hint+repo+wayback-cdx,200,200,,200,200,,SAME_EXCEPT_SELFHOST_URL_FORM,20120523,20250424,7,
/2010/news/tells-us-your-yapcasia-experience,repo,404,404,,200,200,,OLD_NOT_OK_NEW_OK,,,,
/2010/news/tells-us-your-yapcasia-experience.html,hint+repo+wayback-cdx,200,200,,200,200,,SAME_EXCEPT_SELFHOST_URL_FORM,20120523,20250424,10,
/2010/news/thanks-for-the-talk-sbumissions,repo,404,404,,200,200,,OLD_NOT_OK_NEW_OK,,,,
/2010/news/thanks-for-the-talk-sbumissions.html,hint+repo+wayback-cdx,200,200,,200,200,,SAME_EXCEPT_SELFHOST_URL_FORM,20120523,20250424,8,
/2010/news/yapcasia-deadline,repo,404,404,,200,200,,OLD_NOT_OK_NEW_OK,,,,
/2010/news/yapcasia-deadline.html,hint+repo+wayback-cdx,200,200,,200,200,,SAME_EXCEPT_SELFHOST_URL_FORM,20120523,20250424,8,
/2010/news/yapcasia-en-group-opened-for-foreign-visitors,repo,404,404,,200,200,,OLD_NOT_OK_NEW_OK,,,,
/2010/news/yapcasia-en-group-opened-for-foreign-visitors.html,hint+repo+wayback-cdx,200,200,,200,200,,SAME_EXCEPT_SELFHOST_URL_FORM,20120523,20250424,8,
/2010/news/yapcasia-on-android,repo,404,404,,200,200,,OLD_NOT_OK_NEW_OK,,,,
/2010/news/yapcasia-on-android.html,hint+repo+wayback-cdx,200,200,,200,200,,SAME_EXCEPT_SELFHOST_URL_FORM,20120523,20250424,8,
/2010/news/yapcasia-pre-conference-meetup-yapcasia,repo,404,404,,200,200,,OLD_NOT_OK_NEW_OK,,,,
/2010/news/yapcasia-pre-conference-meetup-yapcasia.html,hint+repo+wayback-cdx,200,200,,200,200,,SAME_EXCEPT_SELFHOST_URL_FORM,20120523,20250424,7,
/2010/news/yapcasia-reselling,repo,404,404,,200,200,,OLD_NOT_OK_NEW_OK,,,,
/2010/news/yapcasia-reselling.html,hint+repo+wayback-cdx,200,200,,200,200,,SAME_EXCEPT_SELFHOST_URL_FORM,20120523,20250424,8,
/2010/news/yapcasia-sponsored,repo,404,404,,200,200,,OLD_NOT_OK_NEW_OK,,,,
/2010/news/yapcasia-sponsored.html,hint+repo+wayback-cdx,200,200,,200,200,,SAME_EXCEPT_SELFHOST_URL_FORM,20120523,20250424,8,
/2010/news/yapcasia-tickets,repo,404,404,,200,200,,OLD_NOT_OK_NEW_OK,,,,
/2010/news/yapcasia-tickets.html,hint+repo+wayback-cdx,200,200,,200,200,,SAME_EXCEPT_SELFHOST_URL_FORM,20120523,20250424,8,
/2010/news/yapcasia-tokyo-2010-blog.html,wayback-cdx,200,200,,404,404,,LOST,20100807,20100807,1,
/2010/news/yapcasia-tokyo-2010-talk-timetable-announced,repo,404,404,,200,200,,OLD_NOT_OK_NEW_OK,,,,
/2010/news/yapcasia-tokyo-2010-talk-timetable-announced.html,hint+repo+wayback-cdx,200,200,,200,200,,SAME_EXCEPT_SELFHOST_URL_FORM,20120523,20250424,8,
/2010/news/yapcasia2010-tshirts,repo,404,404,,200,200,,OLD_NOT_OK_NEW_OK,,,,
/2010/news/yapcasia2010-tshirts.html,hint+repo+wayback-cdx,200,200,,200,200,,SAME_EXCEPT_SELFHOST_URL_FORM,20120523,20250424,7,
/2010/order,wayback-cdx,404,404,,404,404,,BOTH_NOT_OK_SAME,20100910,20100910,1,
/2010/order/check,wayback-cdx,404,404,,404,404,,BOTH_NOT_OK_SAME,20100910,20100910,1,
/2010/order/view/GET8ARhJa6pa,wayback-cdx,404,404,,404,404,,BOTH_NOT_OK_SAME,20101004,20101004,1,
/2010/photos,hint+repo+wayback-cdx,302,302,,301,301,,EXT_REDIRECT_SCHEME,20230923,20250524,6,1471
/2010/photos.html,hint+repo,404,404,,301,301,,BOTH_NOT_OK_DIFF,,,,
/2010/post.html,wayback-cdx,404,404,,404,404,,BOTH_NOT_OK_SAME,20101012,20120207,3,
/2010/qr.html,wayback-cdx,404,404,,404,404,,BOTH_NOT_OK_SAME,20120204,20120208,2,
/2010/rsd.xml,hint+repo,200,200,,200,200,,IDENTICAL,,,,
/2010/schedule,repo,404,404,,200,200,,OLD_NOT_OK_NEW_OK,,,,
/2010/schedule.html,hint+repo+wayback-cdx,200,200,,200,200,,SAME_EXCEPT_SELFHOST_URL_FORM,20100918,20250929,15,
/2010/static/css/reset.css,hint+repo,200,200,,200,200,,IDENTICAL,,,,
/2010/static/css/style.css,hint+repo,200,200,,200,200,,IDENTICAL,,,,
/2010/static/img/aside_bg.png,hint+repo,200,200,,200,200,,IDENTICAL,,,,
/2010/static/img/bullet_01.png,hint+repo,200,200,,200,200,,IDENTICAL,,,,
/2010/static/img/bullet_02.png,hint+repo,200,200,,200,200,,IDENTICAL,,,,
/2010/static/img/footer_bg.png,hint+repo,200,200,,200,200,,IDENTICAL,,,,
/2010/static/img/footer_image.png,hint+repo,200,200,,200,200,,IDENTICAL,,,,
/2010/static/img/header_bg.gif,hint+repo,200,200,,200,200,,IDENTICAL,,,,
/2010/static/img/header_line.gif,hint+repo,200,200,,200,200,,IDENTICAL,,,,
/2010/static/img/jesse.jpg,hint+repo,200,200,,200,200,,IDENTICAL,,,,
/2010/static/img/logo.gif,hint+repo,200,200,,200,200,,IDENTICAL,,,,
/2010/static/img/main_bg.png,hint+repo,200,200,,200,200,,IDENTICAL,,,,
/2010/static/img/welcomeperl.gif,hint+repo,200,200,,200,200,,IDENTICAL,,,,
/2010/static/js/DD_belatedPNG.js,hint+repo,200,200,,200,200,,IDENTICAL,,,,
/2010/styles.css,hint+repo,200,200,,200,200,,IDENTICAL,,,,
/2010/talks,hint+repo+wayback-cdx,301,200,/2010/talks/,200,200,,SAME_EXCEPT_SELFHOST_URL_FORM,20100806,20241208,6,
/2010/talks-still-wanted-and-prize-announcement.html,wayback-cdx,404,404,,404,404,,BOTH_NOT_OK_SAME,20100829,20120208,2,
/2010/talks.html,hint+repo+wayback-cdx,404,404,,200,200,,OLD_NOT_OK_NEW_OK,20231208,20250424,2,
/2010/talks/,hint+repo,200,200,,200,200,,SAME_EXCEPT_SELFHOST_URL_FORM,20140809,20210119,3,
/2010/talks/.google-analytics.com/ga.js,old-link,404,404,,404,404,,BOTH_NOT_OK_SAME,,,,
/2010/talks/0D19DEC2-DB4E-11DF-A508-000D6083B17E,hint+repo+wayback-cdx,200,200,,200,200,,CONTENT_DIFF,20111104,20150906,2,
/2010/talks/0D19DEC2-DB4E-11DF-A508-000D6083B17E.html,hint+repo+wayback-cdx,200,200,,200,200,,CONTENT_DIFF,20250524,20250524,1,
/2010/talks/33B93C6E-DD6D-11DF-A508-000D6083B17E,hint+repo+wayback-cdx,200,200,,200,200,,CONTENT_DIFF,20101029,20260613,4,
/2010/talks/33B93C6E-DD6D-11DF-A508-000D6083B17E.html,hint+repo+wayback-cdx,200,200,,200,200,,CONTENT_DIFF,20250524,20250524,1,
/2010/talks/3CFF1DCA-D903-11DF-A508-000D6083B17E,hint+repo+wayback-cdx,200,200,,200,200,,CONTENT_DIFF,20150906,20150906,1,
/2010/talks/3CFF1DCA-D903-11DF-A508-000D6083B17E.html,hint+repo+wayback-cdx,200,200,,200,200,,CONTENT_DIFF,20250524,20250524,1,
/2010/talks/51B0D54E-D8F2-11DF-A508-000D6083B17E,hint+repo+wayback-cdx,200,200,,200,200,,CONTENT_DIFF,20150906,20150906,1,
/2010/talks/51B0D54E-D8F2-11DF-A508-000D6083B17E.html,hint+repo+wayback-cdx,200,200,,200,200,,CONTENT_DIFF,20250524,20250524,1,
/2010/talks/63C7A08C-BC8C-11DF-8791-B9FC0F276C45,hint+repo+wayback-cdx,200,200,,200,200,,CONTENT_DIFF,20101029,20251225,7,
/2010/talks/63C7A08C-BC8C-11DF-8791-B9FC0F276C45.html,hint+repo+wayback-cdx,200,200,,200,200,,CONTENT_DIFF,20250524,20250524,1,
/2010/talks/63CC0BC2-BC8C-11DF-8791-B9FC0F276C45,hint+repo+wayback-cdx,200,200,,200,200,,CONTENT_DIFF,20111104,20260508,6,
/2010/talks/63CC0BC2-BC8C-11DF-8791-B9FC0F276C45.html,hint+repo+wayback-cdx,200,200,,200,200,,CONTENT_DIFF,20250524,20250524,1,
/2010/talks/63CF6BBE-BC8C-11DF-8791-B9FC0F276C45,hint+repo+wayback-cdx,200,200,,200,200,,CONTENT_DIFF,20111104,20240223,6,
/2010/talks/63CF6BBE-BC8C-11DF-8791-B9FC0F276C45.html,hint+repo+wayback-cdx,200,200,,200,200,,CONTENT_DIFF,20250524,20250524,1,
/2010/talks/63CFC6F4-BC8C-11DF-8791-B9FC0F276C45,hint+repo+wayback-cdx,200,200,,200,200,,CONTENT_DIFF,20111104,20251225,6,
/2010/talks/63CFC6F4-BC8C-11DF-8791-B9FC0F276C45.html,hint+repo+wayback-cdx,200,200,,200,200,,CONTENT_DIFF,20250524,20250524,1,
/2010/talks/63CFEDB4-BC8C-11DF-8791-B9FC0F276C45,hint+repo+wayback-cdx,200,200,,200,200,,CONTENT_DIFF,20100919,20200923,5,
/2010/talks/63CFEDB4-BC8C-11DF-8791-B9FC0F276C45.html,hint+repo+wayback-cdx,200,200,,200,200,,CONTENT_DIFF,20250524,20250524,1,
/2010/talks/63D01EE2-BC8C-11DF-8791-B9FC0F276C45,hint+repo+wayback-cdx,200,200,,200,200,,CONTENT_DIFF,20101004,20250930,4,
/2010/talks/63D01EE2-BC8C-11DF-8791-B9FC0F276C45.html,hint+repo+wayback-cdx,200,200,,200,200,,CONTENT_DIFF,20250524,20250524,1,
/2010/talks/63D077F2-BC8C-11DF-8791-B9FC0F276C45,hint+repo+wayback-cdx,200,200,,200,200,,CONTENT_DIFF,20101016,20260613,8,
/2010/talks/63D077F2-BC8C-11DF-8791-B9FC0F276C45.html,hint+repo+wayback-cdx,200,200,,200,200,,CONTENT_DIFF,20250524,20250524,1,
/2010/talks/63D09CB4-BC8C-11DF-8791-B9FC0F276C45,hint+repo+wayback-cdx,200,200,,200,200,,CONTENT_DIFF,20101029,20200923,4,
/2010/talks/63D09CB4-BC8C-11DF-8791-B9FC0F276C45.html,hint+repo+wayback-cdx,200,200,,200,200,,CONTENT_DIFF,20250524,20250524,1,
/2010/talks/63D0CCF2-BC8C-11DF-8791-B9FC0F276C45,hint+repo+wayback-cdx,200,200,,200,200,,CONTENT_DIFF,20100919,20251225,6,
/2010/talks/63D0CCF2-BC8C-11DF-8791-B9FC0F276C45.html,hint+repo+wayback-cdx,200,200,,200,200,,CONTENT_DIFF,20250524,20250524,1,
/2010/talks/63D0F70E-BC8C-11DF-8791-B9FC0F276C45,hint+repo+wayback-cdx,200,200,,200,200,,CONTENT_DIFF,20101019,20251225,6,
/2010/talks/63D0F70E-BC8C-11DF-8791-B9FC0F276C45.html,hint+repo+wayback-cdx,200,200,,200,200,,CONTENT_DIFF,20250524,20250524,1,
/2010/talks/63D13B9C-BC8C-11DF-8791-B9FC0F276C45,hint+repo+wayback-cdx,200,200,,200,200,,CONTENT_DIFF,20150906,20150906,1,
/2010/talks/63D13B9C-BC8C-11DF-8791-B9FC0F276C45.html,hint+repo+wayback-cdx,200,200,,200,200,,CONTENT_DIFF,20250524,20250524,1,
/2010/talks/63D1524E-BC8C-11DF-8791-B9FC0F276C45,hint+repo+wayback-cdx,200,200,,200,200,,CONTENT_DIFF,20150906,20150906,1,
/2010/talks/63D1524E-BC8C-11DF-8791-B9FC0F276C45.html,hint+repo+wayback-cdx,200,200,,200,200,,CONTENT_DIFF,20250524,20250524,1,
/2010/talks/63D1686A-BC8C-11DF-8791-B9FC0F276C45,hint+repo+wayback-cdx,200,200,,200,200,,CONTENT_DIFF,20100919,20251225,6,
/2010/talks/63D1686A-BC8C-11DF-8791-B9FC0F276C45.html,hint+repo+wayback-cdx,200,200,,200,200,,CONTENT_DIFF,20250524,20250524,1,
/2010/talks/63D1BA4A-BC8C-11DF-8791-B9FC0F276C45,hint+repo+wayback-cdx,200,200,,200,200,,CONTENT_DIFF,20150906,20150906,1,
/2010/talks/63D1BA4A-BC8C-11DF-8791-B9FC0F276C45.html,hint+repo+wayback-cdx,200,200,,200,200,,CONTENT_DIFF,20250524,20250524,1,
/2010/talks/63D1D26E-BC8C-11DF-8791-B9FC0F276C45,hint+repo+wayback-cdx,200,200,,200,200,,CONTENT_DIFF,20101016,20251225,9,
/2010/talks/63D1D26E-BC8C-11DF-8791-B9FC0F276C45.html,hint+repo+wayback-cdx,200,200,,200,200,,CONTENT_DIFF,20250524,20250524,1,
/2010/talks/63D1EF24-BC8C-11DF-8791-B9FC0F276C45,hint+repo+wayback-cdx,200,200,,200,200,,CONTENT_DIFF,20111104,20251018,5,
/2010/talks/63D1EF24-BC8C-11DF-8791-B9FC0F276C45.html,hint+repo+wayback-cdx,200,200,,200,200,,CONTENT_DIFF,20250524,20250524,1,
/2010/talks/63D20996-BC8C-11DF-8791-B9FC0F276C45,hint+repo+wayback-cdx,200,200,,200,200,,CONTENT_DIFF,20111104,20251225,5,
/2010/talks/63D20996-BC8C-11DF-8791-B9FC0F276C45.html,hint+repo+wayback-cdx,200,200,,200,200,,CONTENT_DIFF,20250524,20250524,1,
/2010/talks/63D22246-BC8C-11DF-8791-B9FC0F276C45,hint+repo+wayback-cdx,200,200,,200,200,,CONTENT_DIFF,20101016,20251119,7,
/2010/talks/63D22246-BC8C-11DF-8791-B9FC0F276C45.html,hint+repo+wayback-cdx,200,200,,200,200,,CONTENT_DIFF,20250524,20250524,1,
/2010/talks/63D24546-BC8C-11DF-8791-B9FC0F276C45,hint+repo+wayback-cdx,200,200,,200,200,,CONTENT_DIFF,20100919,20251225,7,
/2010/talks/63D24546-BC8C-11DF-8791-B9FC0F276C45.html,hint+repo+wayback-cdx,200,200,,200,200,,CONTENT_DIFF,20250524,20250524,1,
/2010/talks/63D25DBA-BC8C-11DF-8791-B9FC0F276C45,hint+repo+wayback-cdx,200,200,,200,200,,CONTENT_DIFF,20101016,20251225,7,
/2010/talks/63D25DBA-BC8C-11DF-8791-B9FC0F276C45.html,hint+repo+wayback-cdx,200,200,,200,200,,CONTENT_DIFF,20250524,20250524,1,
/2010/talks/63D27868-BC8C-11DF-8791-B9FC0F276C45,hint+repo+wayback-cdx,200,200,,200,200,,CONTENT_DIFF,20100919,20251225,7,
/2010/talks/63D27868-BC8C-11DF-8791-B9FC0F276C45.html,hint+repo+wayback-cdx,200,200,,200,200,,CONTENT_DIFF,20250524,20250524,1,
/2010/talks/63D2ADF6-BC8C-11DF-8791-B9FC0F276C45,hint+repo+wayback-cdx,200,200,,200,200,,CONTENT_DIFF,20100928,20201128,6,
/2010/talks/63D2ADF6-BC8C-11DF-8791-B9FC0F276C45.html,hint+repo+wayback-cdx,200,200,,200,200,,CONTENT_DIFF,20250524,20260101,2,
/2010/talks/63D2FA22-BC8C-11DF-8791-B9FC0F276C45,hint+repo+wayback-cdx,200,200,,200,200,,CONTENT_DIFF,20111104,20251225,6,
/2010/talks/63D2FA22-BC8C-11DF-8791-B9FC0F276C45.html,hint+repo+wayback-cdx,200,200,,200,200,,CONTENT_DIFF,20250524,20250524,1,
/2010/talks/63D310D4-BC8C-11DF-8791-B9FC0F276C45,hint+repo+wayback-cdx,200,200,,200,200,,CONTENT_DIFF,20150906,20150906,1,
/2010/talks/63D310D4-BC8C-11DF-8791-B9FC0F276C45.html,hint+repo+wayback-cdx,200,200,,200,200,,CONTENT_DIFF,20250524,20250524,1,
/2010/talks/63D34DBA-BC8C-11DF-8791-B9FC0F276C45,hint+repo+wayback-cdx,200,200,,200,200,,CONTENT_DIFF,20100928,20251225,7,
/2010/talks/63D34DBA-BC8C-11DF-8791-B9FC0F276C45.html,hint+repo+wayback-cdx,200,200,,200,200,,CONTENT_DIFF,20250524,20250524,1,
/2010/talks/63D364EE-BC8C-11DF-8791-B9FC0F276C45,hint+repo+wayback-cdx,200,200,,200,200,,CONTENT_DIFF,20101209,20251225,6,
/2010/talks/63D364EE-BC8C-11DF-8791-B9FC0F276C45.html,hint+repo+wayback-cdx,200,200,,200,200,,CONTENT_DIFF,20250524,20250524,1,
/2010/talks/63D376DC-BC8C-11DF-8791-B9FC0F276C45,hint+repo+wayback-cdx,200,200,,200,200,,CONTENT_DIFF,20150906,20150906,1,
/2010/talks/63D376DC-BC8C-11DF-8791-B9FC0F276C45.html,hint+repo+wayback-cdx,200,200,,200,200,,CONTENT_DIFF,20250524,20250524,1,
/2010/talks/63D3B6E2-BC8C-11DF-8791-B9FC0F276C45,hint+repo+wayback-cdx,200,200,,200,200,,CONTENT_DIFF,20150906,20180101,5,
/2010/talks/63D3B6E2-BC8C-11DF-8791-B9FC0F276C45.html,hint+repo+wayback-cdx,200,200,,200,200,,CONTENT_DIFF,20250524,20250524,1,
/2010/talks/63D3CCCC-BC8C-11DF-8791-B9FC0F276C45,hint+repo+wayback-cdx,200,200,,200,200,,CONTENT_DIFF,20150906,20150906,1,
/2010/talks/63D3CCCC-BC8C-11DF-8791-B9FC0F276C45.html,hint+repo+wayback-cdx,200,200,,200,200,,CONTENT_DIFF,20250524,20250524,1,
/2010/talks/63D3E2D4-BC8C-11DF-8791-B9FC0F276C45,hint+repo+wayback-cdx,200,200,,200,200,,CONTENT_DIFF,20101029,20251225,8,
/2010/talks/63D3E2D4-BC8C-11DF-8791-B9FC0F276C45.html,hint+repo+wayback-cdx,200,200,,200,200,,CONTENT_DIFF,20250524,20250524,1,
/2010/talks/63D40174-BC8C-11DF-8791-B9FC0F276C45,hint+repo+wayback-cdx,200,200,,200,200,,CONTENT_DIFF,20150906,20150906,1,
/2010/talks/63D40174-BC8C-11DF-8791-B9FC0F276C45.html,hint+repo+wayback-cdx,200,200,,200,200,,CONTENT_DIFF,20250524,20250524,1,
/2010/talks/63D417A4-BC8C-11DF-8791-B9FC0F276C45,hint+repo+wayback-cdx,200,200,,200,200,,CONTENT_DIFF,20100930,20201128,4,
/2010/talks/63D417A4-BC8C-11DF-8791-B9FC0F276C45.html,hint+repo+wayback-cdx,200,200,,200,200,,CONTENT_DIFF,20250524,20250524,1,
/2010/talks/63D4305E-BC8C-11DF-8791-B9FC0F276C45,hint+repo+wayback-cdx,200,200,,200,200,,CONTENT_DIFF,20100919,20201128,5,
/2010/talks/63D4305E-BC8C-11DF-8791-B9FC0F276C45.html,hint+repo+wayback-cdx,200,200,,200,200,,CONTENT_DIFF,20250524,20250524,1,
/2010/talks/63D4481E-BC8C-11DF-8791-B9FC0F276C45,hint+repo+wayback-cdx,200,200,,200,200,,CONTENT_DIFF,20111104,20251225,6,
/2010/talks/63D4481E-BC8C-11DF-8791-B9FC0F276C45.html,hint+repo+wayback-cdx,200,200,,200,200,,CONTENT_DIFF,20250524,20250524,1,
/2010/talks/63D4668C-BC8C-11DF-8791-B9FC0F276C45,hint+repo+wayback-cdx,200,200,,200,200,,CONTENT_DIFF,20111023,20251225,11,
/2010/talks/63D4668C-BC8C-11DF-8791-B9FC0F276C45.html,hint+repo+wayback-cdx,200,200,,200,200,,CONTENT_DIFF,20250524,20250524,1,
/2010/talks/63D47E42-BC8C-11DF-8791-B9FC0F276C45,hint+repo+wayback-cdx,200,200,,200,200,,CONTENT_DIFF,20111104,20150906,2,
/2010/talks/63D47E42-BC8C-11DF-8791-B9FC0F276C45.html,hint+repo+wayback-cdx,200,200,,200,200,,CONTENT_DIFF,20250524,20250524,1,
/2010/talks/63D4C5D2-BC8C-11DF-8791-B9FC0F276C45,hint+repo+wayback-cdx,200,200,,200,200,,CONTENT_DIFF,20100930,20200923,4,
/2010/talks/63D4C5D2-BC8C-11DF-8791-B9FC0F276C45.html,hint+repo+wayback-cdx,200,200,,200,200,,CONTENT_DIFF,20250524,20250524,1,
/2010/talks/63D4DD7E-BC8C-11DF-8791-B9FC0F276C45,hint+repo+wayback-cdx,200,200,,200,200,,CONTENT_DIFF,20111104,20150906,2,
/2010/talks/63D4DD7E-BC8C-11DF-8791-B9FC0F276C45.html,hint+repo+wayback-cdx,200,200,,200,200,,CONTENT_DIFF,20250524,20250524,1,
/2010/talks/63D4FBA6-BC8C-11DF-8791-B9FC0F276C45,hint+repo+wayback-cdx,200,200,,200,200,,CONTENT_DIFF,20100919,20251225,7,
/2010/talks/63D4FBA6-BC8C-11DF-8791-B9FC0F276C45.html,hint+repo+wayback-cdx,200,200,,200,200,,CONTENT_DIFF,20250524,20250524,1,
/2010/talks/63D5124E-BC8C-11DF-8791-B9FC0F276C45,hint+repo+wayback-cdx,200,200,,200,200,,CONTENT_DIFF,20111104,20150906,2,
/2010/talks/63D5124E-BC8C-11DF-8791-B9FC0F276C45.html,hint+repo+wayback-cdx,200,200,,200,200,,CONTENT_DIFF,20250524,20250524,1,
/2010/talks/63D5293C-BC8C-11DF-8791-B9FC0F276C45,hint+repo+wayback-cdx,200,200,,200,200,,CONTENT_DIFF,20111104,20251225,6,
/2010/talks/63D5293C-BC8C-11DF-8791-B9FC0F276C45.html,hint+repo+wayback-cdx,200,200,,200,200,,CONTENT_DIFF,20250524,20250524,1,
/2010/talks/63D53B2A-BC8C-11DF-8791-B9FC0F276C45,hint+repo+wayback-cdx,200,200,,200,200,,CONTENT_DIFF,20111104,20200923,3,
/2010/talks/63D53B2A-BC8C-11DF-8791-B9FC0F276C45.html,hint+repo+wayback-cdx,200,200,,200,200,,CONTENT_DIFF,20250524,20250524,1,
/2010/talks/63D551F0-BC8C-11DF-8791-B9FC0F276C45,hint+repo+wayback-cdx,200,200,,200,200,,CONTENT_DIFF,20100928,20251225,7,
/2010/talks/63D551F0-BC8C-11DF-8791-B9FC0F276C45.html,hint+repo+wayback-cdx,200,200,,200,200,,CONTENT_DIFF,20250524,20250524,1,
/2010/talks/63D56CD0-BC8C-11DF-8791-B9FC0F276C45,hint+repo+wayback-cdx,200,200,,200,200,,CONTENT_DIFF,20100919,20200923,5,
/2010/talks/63D56CD0-BC8C-11DF-8791-B9FC0F276C45.html,hint+repo+wayback-cdx,200,200,,200,200,,CONTENT_DIFF,20250524,20250524,1,
/2010/talks/63D58378-BC8C-11DF-8791-B9FC0F276C45,hint+repo+wayback-cdx,200,200,,200,200,,CONTENT_DIFF,20101019,20200923,4,
/2010/talks/63D58378-BC8C-11DF-8791-B9FC0F276C45.html,hint+repo+wayback-cdx,200,200,,200,200,,CONTENT_DIFF,20250524,20250524,1,
/2010/talks/63D5A15A-BC8C-11DF-8791-B9FC0F276C45,hint+repo+wayback-cdx,200,200,,200,200,,CONTENT_DIFF,20150906,20150906,1,
/2010/talks/63D5A15A-BC8C-11DF-8791-B9FC0F276C45.html,hint+repo+wayback-cdx,200,200,,200,200,,CONTENT_DIFF,20250524,20250524,1,
/2010/talks/63D5BABE-BC8C-11DF-8791-B9FC0F276C45,hint+repo+wayback-cdx,200,200,,200,200,,CONTENT_DIFF,20111104,20201128,3,
/2010/talks/63D5BABE-BC8C-11DF-8791-B9FC0F276C45.html,hint+repo+wayback-cdx,200,200,,200,200,,CONTENT_DIFF,20250524,20250524,1,
/2010/talks/63D5D274-BC8C-11DF-8791-B9FC0F276C45,hint+repo+wayback-cdx,200,200,,200,200,,CONTENT_DIFF,20111104,20251225,7,
/2010/talks/63D5D274-BC8C-11DF-8791-B9FC0F276C45.html,hint+repo+wayback-cdx,200,200,,200,200,,CONTENT_DIFF,20250524,20250524,1,
/2010/talks/63D5EA98-BC8C-11DF-8791-B9FC0F276C45,hint+repo+wayback-cdx,200,200,,200,200,,CONTENT_DIFF,20100930,20260613,10,
/2010/talks/63D5EA98-BC8C-11DF-8791-B9FC0F276C45.html,hint+repo+wayback-cdx,200,200,,200,200,,CONTENT_DIFF,20250524,20250524,1,
/2010/talks/63D6069A-BC8C-11DF-8791-B9FC0F276C45,hint+repo+wayback-cdx,200,200,,200,200,,CONTENT_DIFF,20100919,20251119,6,
/2010/talks/63D6069A-BC8C-11DF-8791-B9FC0F276C45.html,hint+repo+wayback-cdx,200,200,,200,200,,CONTENT_DIFF,20250524,20250524,1,
/2010/talks/63D62846-BC8C-11DF-8791-B9FC0F276C45,hint+repo+wayback-cdx,200,200,,200,200,,CONTENT_DIFF,20100930,20201128,5,
/2010/talks/63D62846-BC8C-11DF-8791-B9FC0F276C45.html,hint+repo+wayback-cdx,200,200,,200,200,,CONTENT_DIFF,20250524,20250524,1,
/2010/talks/63D639C6-BC8C-11DF-8791-B9FC0F276C45,hint+repo+wayback-cdx,200,200,,200,200,,CONTENT_DIFF,20101028,20240810,9,
/2010/talks/63D639C6-BC8C-11DF-8791-B9FC0F276C45.html,hint+repo+wayback-cdx,200,200,,200,200,,CONTENT_DIFF,20250524,20250524,1,
/2010/talks/63D64FBA-BC8C-11DF-8791-B9FC0F276C45,wayback-cdx,404,404,,404,404,,BOTH_NOT_OK_SAME,20100919,20100919,1,
/2010/talks/63D68232-BC8C-11DF-8791-B9FC0F276C45,hint+repo+wayback-cdx,200,200,,200,200,,CONTENT_DIFF,20111104,20260308,7,
/2010/talks/63D68232-BC8C-11DF-8791-B9FC0F276C45.html,hint+repo+wayback-cdx,200,200,,200,200,,CONTENT_DIFF,20250524,20250524,1,
/2010/talks/63D6A01E-BC8C-11DF-8791-B9FC0F276C45,hint+repo+wayback-cdx,200,200,,200,200,,CONTENT_DIFF,20101019,20251119,8,
/2010/talks/63D6A01E-BC8C-11DF-8791-B9FC0F276C45.html,hint+repo+wayback-cdx,200,200,,200,200,,CONTENT_DIFF,20250524,20250524,1,
/2010/talks/63D6B7B6-BC8C-11DF-8791-B9FC0F276C45,hint+repo+wayback-cdx,200,200,,200,200,,CONTENT_DIFF,20100930,20200923,4,
/2010/talks/63D6B7B6-BC8C-11DF-8791-B9FC0F276C45.html,hint+repo+wayback-cdx,200,200,,200,200,,CONTENT_DIFF,20250524,20250524,1,
/2010/talks/63D6D192-BC8C-11DF-8791-B9FC0F276C45,hint+repo+wayback-cdx,200,200,,200,200,,CONTENT_DIFF,20100919,20251225,8,
/2010/talks/63D6D192-BC8C-11DF-8791-B9FC0F276C45.html,hint+repo+wayback-cdx,200,200,,200,200,,CONTENT_DIFF,20250524,20250524,1,
/2010/talks/63D6EAB0-BC8C-11DF-8791-B9FC0F276C45,hint+repo+wayback-cdx,200,200,,200,200,,CONTENT_DIFF,20101004,20251119,7,
/2010/talks/63D6EAB0-BC8C-11DF-8791-B9FC0F276C45.html,hint+repo+wayback-cdx,200,200,,200,200,,CONTENT_DIFF,20250524,20250524,1,
/2010/talks/63D70374-BC8C-11DF-8791-B9FC0F276C45,hint+repo+wayback-cdx,200,200,,200,200,,CONTENT_DIFF,20101016,20200923,4,
/2010/talks/63D70374-BC8C-11DF-8791-B9FC0F276C45.html,hint+repo+wayback-cdx,200,200,,200,200,,CONTENT_DIFF,20250524,20250524,1,
/2010/talks/63D71B48-BC8C-11DF-8791-B9FC0F276C45,hint+repo+wayback-cdx,200,200,,200,200,,CONTENT_DIFF,20100919,20251225,10,
/2010/talks/63D71B48-BC8C-11DF-8791-B9FC0F276C45.html,hint+repo+wayback-cdx,200,200,,200,200,,CONTENT_DIFF,20250524,20250524,1,
/2010/talks/63D73934-BC8C-11DF-8791-B9FC0F276C45,hint+repo+wayback-cdx,200,200,,200,200,,CONTENT_DIFF,20111104,20251018,6,
/2010/talks/63D73934-BC8C-11DF-8791-B9FC0F276C45.html,hint+repo+wayback-cdx,200,200,,200,200,,CONTENT_DIFF,20250524,20250524,1,
/2010/talks/63D74D5C-BC8C-11DF-8791-B9FC0F276C45,hint+repo+wayback-cdx,200,200,,200,200,,CONTENT_DIFF,20100919,20251018,7,
/2010/talks/63D74D5C-BC8C-11DF-8791-B9FC0F276C45.html,hint+repo+wayback-cdx,200,200,,200,200,,CONTENT_DIFF,20250524,20250524,1,
/2010/talks/63D75BD0-BC8C-11DF-8791-B9FC0F276C45,hint+repo+wayback-cdx,200,200,,200,200,,CONTENT_DIFF,20111104,20150906,2,
/2010/talks/63D75BD0-BC8C-11DF-8791-B9FC0F276C45.html,hint+repo+wayback-cdx,200,200,,200,200,,CONTENT_DIFF,20250524,20250524,1,
/2010/talks/63D769A4-BC8C-11DF-8791-B9FC0F276C45,hint+repo+wayback-cdx,200,200,,200,200,,CONTENT_DIFF,20100930,20251119,9,
/2010/talks/63D769A4-BC8C-11DF-8791-B9FC0F276C45.html,hint+repo+wayback-cdx,200,200,,200,200,,CONTENT_DIFF,20250524,20250524,1,
/2010/talks/63D777E6-BC8C-11DF-8791-B9FC0F276C45,hint+repo+wayback-cdx,200,200,,200,200,,CONTENT_DIFF,20100919,20251225,6,
/2010/talks/63D777E6-BC8C-11DF-8791-B9FC0F276C45.html,hint+repo+wayback-cdx,200,200,,200,200,,CONTENT_DIFF,20250524,20250524,1,
/2010/talks/63D785B0-BC8C-11DF-8791-B9FC0F276C45,hint+repo+wayback-cdx,200,200,,200,200,,CONTENT_DIFF,20111104,20150906,2,
/2010/talks/63D785B0-BC8C-11DF-8791-B9FC0F276C45.html,hint+repo+wayback-cdx,200,200,,200,200,,CONTENT_DIFF,20250524,20250524,1,
/2010/talks/63D7BA3A-BC8C-11DF-8791-B9FC0F276C45,wayback-cdx,404,404,,404,404,,BOTH_NOT_OK_SAME,20101004,20101004,1,
/2010/talks/63D7CA98-BC8C-11DF-8791-B9FC0F276C45,wayback-cdx,404,404,,404,404,,BOTH_NOT_OK_SAME,20101004,20101004,1,
/2010/talks/63D80EEA-BC8C-11DF-8791-B9FC0F276C45,hint+repo+wayback-cdx,200,200,,200,200,,CONTENT_DIFF,20100919,20251126,5,
/2010/talks/63D80EEA-BC8C-11DF-8791-B9FC0F276C45.html,hint+repo+wayback-cdx,200,200,,200,200,,CONTENT_DIFF,20250524,20250524,1,
/2010/talks/63D83C58-BC8C-11DF-8791-B9FC0F276C45,hint+repo+wayback-cdx,200,200,,200,200,,CONTENT_DIFF,20150906,20150906,1,
/2010/talks/63D83C58-BC8C-11DF-8791-B9FC0F276C45.html,hint+repo+wayback-cdx,200,200,,200,200,,CONTENT_DIFF,20250524,20250524,1,
/2010/talks/63D85260-BC8C-11DF-8791-B9FC0F276C45,hint+repo+wayback-cdx,200,200,,200,200,,CONTENT_DIFF,20150906,20150906,1,
/2010/talks/63D85260-BC8C-11DF-8791-B9FC0F276C45.html,hint+repo+wayback-cdx,200,200,,200,200,,CONTENT_DIFF,20250524,20250524,1,
/2010/talks/716608A0-D8ED-11DF-A508-000D6083B17E,hint+repo+wayback-cdx,200,200,,200,200,,CONTENT_DIFF,20111104,20150906,2,
/2010/talks/716608A0-D8ED-11DF-A508-000D6083B17E.html,hint+repo+wayback-cdx,200,200,,200,200,,CONTENT_DIFF,20250524,20250524,1,
/2010/talks/9060B83A-D8F3-11DF-A508-000D6083B17E,hint+repo+wayback-cdx,200,200,,200,200,,CONTENT_DIFF,20150906,20150906,1,
/2010/talks/9060B83A-D8F3-11DF-A508-000D6083B17E.html,hint+repo+wayback-cdx,200,200,,200,200,,CONTENT_DIFF,20250524,20250524,1,
/2010/talks/9FBCB0AC-DF67-11DF-81F8-C4BADA155C61,hint+repo+wayback-cdx,200,200,,200,200,,CONTENT_DIFF,20111104,20150906,2,
/2010/talks/9FBCB0AC-DF67-11DF-81F8-C4BADA155C61.html,hint+repo+wayback-cdx,200,200,,200,200,,CONTENT_DIFF,20250524,20250524,1,
/2010/talks/A6CFB218-D8EB-11DF-A508-000D6083B17E,hint+repo+wayback-cdx,200,200,,200,200,,CONTENT_DIFF,20111104,20150906,2,
/2010/talks/A6CFB218-D8EB-11DF-A508-000D6083B17E.html,hint+repo+wayback-cdx,200,200,,200,200,,CONTENT_DIFF,20250524,20250524,1,
/2010/talks/A7882084-DD6C-11DF-A508-000D6083B17E,hint+repo+wayback-cdx,200,200,,200,200,,CONTENT_DIFF,20111104,20150906,2,
/2010/talks/A7882084-DD6C-11DF-A508-000D6083B17E.html,hint+repo+wayback-cdx,200,200,,200,200,,CONTENT_DIFF,20250524,20250524,1,
/2010/talks/ABCBD69E-BFB3-11DF-A508-000D6083B17E,hint+repo+wayback-cdx,200,200,,200,200,,CONTENT_DIFF,20111104,20251225,5,
/2010/talks/ABCBD69E-BFB3-11DF-A508-000D6083B17E.html,hint+repo+wayback-cdx,200,200,,200,200,,CONTENT_DIFF,20250524,20250524,1,
/2010/talks/D4E1121C-DB4F-11DF-A508-000D6083B17E,hint+repo+wayback-cdx,200,200,,200,200,,CONTENT_DIFF,20111104,20150906,2,
/2010/talks/D4E1121C-DB4F-11DF-A508-000D6083B17E.html,hint+repo+wayback-cdx,200,200,,200,200,,CONTENT_DIFF,20250524,20250524,1,
/2010/talks/D9B411EA-D8ED-11DF-A508-000D6083B17E,hint+repo+wayback-cdx,200,200,,200,200,,CONTENT_DIFF,20111104,20221206,3,
/2010/talks/D9B411EA-D8ED-11DF-A508-000D6083B17E.html,hint+repo+wayback-cdx,200,200,,200,200,,CONTENT_DIFF,20250524,20250524,1,
/2010/talks/E3C7DED8-D8EC-11DF-A508-000D6083B17E,hint+repo+wayback-cdx,200,200,,200,200,,CONTENT_DIFF,20111104,20150906,2,
/2010/talks/E3C7DED8-D8EC-11DF-A508-000D6083B17E.html,hint+repo+wayback-cdx,200,200,,200,200,,CONTENT_DIFF,20250524,20250524,1,
/2010/talks/index,repo,404,404,,200,200,,OLD_NOT_OK_NEW_OK,,,,
/2010/talks/index.html,hint+repo,200,200,,200,200,,SAME_EXCEPT_SELFHOST_URL_FORM,,,,
/2010/talks/static/js/DD_belatedPNG.js,hint,404,404,,404,404,,BOTH_NOT_OK_SAME,,,,
/2010/tells-us-your-yapcasia-experience.html,wayback-cdx,404,404,,404,404,,BOTH_NOT_OK_SAME,20101022,20120208,3,
/2010/thanks-for-the-talk-sbumissions.html,wayback-cdx,404,404,,404,404,,BOTH_NOT_OK_SAME,20120204,20120207,2,
/2010/tickets.html,hint+wayback-cdx,404,404,,404,404,,BOTH_NOT_OK_SAME,20100910,20111010,2,4
/2010/tickets_en.html,hint+wayback-cdx,404,404,,404,404,,BOTH_NOT_OK_SAME,20100911,20100911,1,4
/2010/timetable,repo,404,404,,200,200,,OLD_NOT_OK_NEW_OK,,,,
/2010/timetable.html,hint+repo+wayback-cdx,200,200,,200,200,,SAME_BENIGN,20100913,20241208,17,
/2010/yapcasia-deadline.html,wayback-cdx,404,404,,404,404,,BOTH_NOT_OK_SAME,20101012,20120208,2,
/2010/yapcasia-en-group-opened-for-foreign-visitors.html,wayback-cdx,404,404,,404,404,,BOTH_NOT_OK_SAME,20120204,20120207,2,
/2010/yapcasia-on-android.html,wayback-cdx,404,404,,404,404,,BOTH_NOT_OK_SAME,20120204,20120207,2,
/2010/yapcasia-pre-conference-meetup-yapcasia.html,wayback-cdx,404,404,,404,404,,BOTH_NOT_OK_SAME,20120204,20120208,2,
/2010/yapcasia-tickets.html,wayback-cdx,404,404,,404,404,,BOTH_NOT_OK_SAME,20120204,20120208,2,
/2010/yapcasia-tokyo-2010-talk-timetable-announced.html,wayback-cdx,404,404,,404,404,,BOTH_NOT_OK_SAME,20100919,20120208,4,
/2011,hint+root,301,200,/2011/,301,200,/2011/,CONTENT_DIFF,,,,
/2011/,hint+repo+root+wayback-cdx,200,200,,200,200,,CONTENT_DIFF,20101022,20260829,114,
/2011/.google-analytics.com/ga.js,old-link,404,404,,404,404,,BOTH_NOT_OK_SAME,,,,
/2011//timetable.html,old-link,200,200,,200,200,,CONTENT_DIFF,20120523,20251202,3,
/2011/2011/10/12/hidek.jpg,hint,404,404,,404,404,,BOTH_NOT_OK_SAME,,,,2
/2011/2011/10/12/lestrrat.jpg,hint,404,404,,404,404,,BOTH_NOT_OK_SAME,,,,2
/2011/2011/10/12/tokuhirom.jpg,hint,404,404,,404,404,,BOTH_NOT_OK_SAME,,,,2
/2011/assets_c/2011/08/YAPC2011-Tshirts-30.html,hint,404,404,,404,404,,BOTH_NOT_OK_SAME,,,,3
/2011/assets_c/2011/08/YAPC2011-Tshirts-thumb-300x256-30.jpg,hint,404,404,,404,404,,BOTH_NOT_OK_SAME,,,,3
/2011/atom.xml,hint+repo,200,200,,200,200,,IDENTICAL,,,,
/2011/contessa1.jpg,old-link,404,404,,404,404,,BOTH_NOT_OK_SAME,,,,
/2011/css/common.css,hint+repo,200,200,,200,200,,IDENTICAL,,,,
/2011/css/html.css,hint+repo,200,200,,200,200,,IDENTICAL,,,,
/2011/css/style.css,hint+repo,200,200,,200,200,,SAME_CSS_NORMALIZED,,,,
/2011/css/styles.css,hint+repo,200,200,,200,200,,SAME_CSS_NORMALIZED,,,,
/2011/en/,wayback-cdx,404,404,,404,404,,BOTH_NOT_OK_SAME,20110615,20111231,3,
/2011/favicon.ico,hint,404,404,,404,404,,BOTH_NOT_OK_SAME,,,,989
/2011/images/arrow_a.png,hint+repo,200,200,,200,200,,IDENTICAL,,,,
/2011/images/arrow_b.png,hint+repo,200,200,,200,200,,IDENTICAL,,,,
/2011/images/arrow_c.png,hint+repo,200,200,,200,200,,IDENTICAL,,,,
/2011/images/banner_base.png,hint+repo,200,200,,200,200,,IDENTICAL,,,,
/2011/images/banner_pict_01.jpg,hint+repo,200,200,,200,200,,IDENTICAL,,,,
/2011/images/banner_pict_02.jpg,hint+repo,200,200,,200,200,,IDENTICAL,,,,
/2011/images/banner_pict_03.jpg,hint+repo,200,200,,200,200,,IDENTICAL,,,,
/2011/images/banner_pict_04.jpg,hint+repo,200,200,,200,200,,IDENTICAL,,,,
/2011/images/banner_pict_05.jpg,hint+repo,200,200,,200,200,,IDENTICAL,,,,
/2011/images/base.png,hint+repo,200,200,,200,200,,IDENTICAL,,,,
/2011/images/face_Kimura.png,hint+repo,200,200,,200,200,,IDENTICAL,,,,
/2011/images/face_Ricardo.jpg,hint+repo,200,200,,200,200,,IDENTICAL,,,,
/2011/images/face_schmorp.jpg,hint+repo,200,200,,200,200,,IDENTICAL,,,,
/2011/images/footer_base.png,hint+repo,200,200,,200,200,,IDENTICAL,,,,
/2011/images/header_base.png,hint+repo,200,200,,200,200,,IDENTICAL,,,,
/2011/images/header_yapc_logo.png,hint+repo,200,200,,200,200,,IDENTICAL,,,,
/2011/images/hr_dotted.png,hint+repo,200,200,,200,200,,IDENTICAL,,,,
/2011/images/sns_icon_flickr.png,hint+repo,200,200,,200,200,,IDENTICAL,,,,
/2011/images/sns_icon_hateb.png,hint+repo,200,200,,200,200,,IDENTICAL,,,,
/2011/images/sns_icon_twitter.png,hint+repo,200,200,,200,200,,IDENTICAL,,,,
/2011/images/sponsors/logo-contentsone.png,hint+repo,200,200,,200,200,,IDENTICAL,,,,
/2011/images/sponsors/logo-dena.png,hint+repo,200,200,,200,200,,IDENTICAL,,,,
/2011/images/sponsors/logo-eyoffice.png,hint+repo,200,200,,200,200,,IDENTICAL,,,,
/2011/images/sponsors/logo-gaiax.png,hint+repo,200,200,,200,200,,IDENTICAL,,,,
/2011/images/sponsors/logo-gree.png,hint+repo,200,200,,200,200,,IDENTICAL,,,,
/2011/images/sponsors/logo-jpa.png,hint+repo,200,200,,200,200,,IDENTICAL,,,,
/2011/images/sponsors/logo-lancard.png,hint+repo,200,200,,200,200,,IDENTICAL,,,,
/2011/images/sponsors/logo-livedoor.png,hint+repo,200,200,,200,200,,IDENTICAL,,,,
/2011/images/sponsors/logo-mixi.png,hint+repo,200,200,,200,200,,IDENTICAL,,,,
/2011/images/sponsors/logo-mobilefactory.png,hint+repo,200,200,,200,200,,IDENTICAL,,,,
/2011/images/sponsors/logo-nhnjapan.png,hint+repo,200,200,,200,200,,IDENTICAL,,,,
/2011/images/sponsors/logo-onsite.png,hint+repo,200,200,,200,200,,IDENTICAL,,,,
/2011/images/sponsors/logo-oreilly.png,hint+repo,200,200,,200,200,,IDENTICAL,,,,
/2011/images/sponsors/logo-palmquist.png,hint+repo,200,200,,200,200,,IDENTICAL,,,,
/2011/images/sponsors/logo-s2factory.png,hint+repo,200,200,,200,200,,IDENTICAL,,,,
/2011/images/sponsors/logo-sixapart.png,hint+repo,200,200,,200,200,,IDENTICAL,,,,
/2011/images/sponsors/logo-skyarc.png,hint+repo,200,200,,200,200,,IDENTICAL,,,,
/2011/images/sponsors/logo-soffritto.png,hint+repo,200,200,,200,200,,IDENTICAL,,,,
/2011/images/sponsors/logo-tmix.png,hint+repo,200,200,,200,200,,IDENTICAL,,,,
/2011/images/sponsors/logo_30days.gif,hint+repo,200,200,,200,200,,IDENTICAL,,,,
/2011/images/sponsors/logo_activestate.png,hint+repo,200,200,,200,200,,IDENTICAL,,,,
/2011/images/sponsors/logo_adways.jpg,hint+repo,200,200,,200,200,,IDENTICAL,,,,
/2011/images/sponsors/logo_bookscan.jpg,hint+repo,200,200,,200,200,,IDENTICAL,,,,
/2011/images/sponsors/logo_commercelink.jpg,hint+repo,200,200,,200,200,,IDENTICAL,,,,
/2011/images/sponsors/logo_dotcloud.gif,hint+repo,200,200,,200,200,,IDENTICAL,,,,
/2011/images/sponsors/logo_fonfun.jpg,hint+repo,200,200,,200,200,,IDENTICAL,,,,
/2011/images/sponsors/logo_gihyo.gif,hint+repo,200,200,,200,200,,IDENTICAL,,,,
/2011/images/sponsors/logo_gree.jpg,hint+repo,200,200,,200,200,,IDENTICAL,,,,
/2011/images/sponsors/logo_hatena.gif,hint+repo,200,200,,200,200,,IDENTICAL,,,,
/2011/images/sponsors/logo_idac.jpg,hint+repo,200,200,,200,200,,IDENTICAL,,,,
/2011/images/sponsors/logo_kayac.gif,hint+repo,200,200,,200,200,,IDENTICAL,,,,
/2011/images/sponsors/logo_kwc.jpg,hint+repo,200,200,,200,200,,IDENTICAL,,,,
/2011/images/sponsors/logo_naver.png,hint+repo,200,200,,200,200,,IDENTICAL,,,,
/2011/images/sponsors/logo_ngi.jpg,hint+repo,200,200,,200,200,,IDENTICAL,,,,
/2011/images/sponsors/logo_paperboy.jpg,hint+repo,200,200,,200,200,,IDENTICAL,,,,
/2011/images/sponsors/logo_quan.jpg,hint+repo,200,200,,200,200,,IDENTICAL,,,,
/2011/images/sponsors/logo_recruit.jpg,hint+repo,200,200,,200,200,,IDENTICAL,,,,
/2011/images/sponsors/logo_sakura.gif,hint+repo,200,200,,200,200,,IDENTICAL,,,,
/2011/images/sponsors/logo_seesaa.gif,hint+repo,200,200,,200,200,,IDENTICAL,,,,
/2011/images/sponsors/logo_wano.jpg,hint+repo,200,200,,200,200,,IDENTICAL,,,,
/2011/images/sticker_a.jpg,hint+repo,200,200,,200,200,,IDENTICAL,,,,
/2011/images/t-shirt_b.jpg,hint+repo,200,200,,200,200,,IDENTICAL,,,,
/2011/index,repo,404,404,,200,200,,OLD_NOT_OK_NEW_OK,,,,
/2011/index.html,hint+repo+wayback-cdx,200,200,,200,200,,CONTENT_DIFF,20231201,20260617,4,
/2011/ipad2.jpg,old-link,404,404,,404,404,,BOTH_NOT_OK_SAME,,,,
/2011/js/blank.gif,old-link,404,404,,404,404,,BOTH_NOT_OK_SAME,,,,
/2011/js/ext.gif,old-link,404,404,,404,404,,BOTH_NOT_OK_SAME,,,,
/2011/js/functions.js,hint+repo,200,200,,200,200,,IDENTICAL,,,,
/2011/js/jquery.cycle.all.js,hint+repo,200,200,,200,200,,IDENTICAL,,,,
/2011/js/jquery.easing.1.3.js,hint+repo,200,200,,200,200,,IDENTICAL,,,,
/2011/js/jquery.page-scroller.js,hint+repo,200,200,,200,200,,IDENTICAL,,,,
/2011/js/jquery.pngFix.js,hint+repo,200,200,,200,200,,IDENTICAL,,,,
/2011/js/redirecter.js,hint+repo,404,404,,200,200,,OLD_NOT_OK_NEW_OK,,,,
/2011/mac_mini.jpg,old-link,404,404,,404,404,,BOTH_NOT_OK_SAME,,,,
/2011/mt.js,hint+repo,200,200,,200,200,,IDENTICAL,,,,
/2011/news/%5C%22/2011/sponsor/%5C%22,new-link,404,404,,404,404,,BOTH_NOT_OK_SAME,,,,3
/2011/news/%5C%22http:/yapcasia.org/2011/sponsor/%5C%22,old-link,404,404,,404,404,,BOTH_NOT_OK_SAME,,,,
/2011/news/-yapc-dinner-is-free,repo,404,404,,200,200,,OLD_NOT_OK_NEW_OK,,,,
/2011/news/-yapc-dinner-is-free.html,hint+repo+wayback-cdx,200,200,,200,200,,CONTENT_DIFF,20111003,20251204,16,
/2011/news/.google-analytics.com/ga.js,old-link,404,404,,404,404,,BOTH_NOT_OK_SAME,,,,
/2011/news/howto-checkin,repo,404,404,,200,200,,OLD_NOT_OK_NEW_OK,,,,
/2011/news/howto-checkin.html,hint+repo+wayback-cdx,200,200,,200,200,,CONTENT_DIFF,20111007,20251205,13,
/2011/news/individual-sponsor-novelty-and-design,repo,404,404,,200,200,,OLD_NOT_OK_NEW_OK,,,,
/2011/news/individual-sponsor-novelty-and-design.html,hint+repo+wayback-cdx,200,200,,200,200,,CONTENT_DIFF,20120207,20221226,4,
/2011/news/lightning-talk-schedule-is-now-up,repo,404,404,,200,200,,OLD_NOT_OK_NEW_OK,,,,
/2011/news/lightning-talk-schedule-is-now-up.html,hint+repo+wayback-cdx,200,200,,200,200,,CONTENT_DIFF,20111022,20251209,12,
/2011/news/now-accepting-lightning-talks,repo,404,404,,200,200,,OLD_NOT_OK_NEW_OK,,,,
/2011/news/now-accepting-lightning-talks.html,hint+repo+wayback-cdx,200,200,,200,200,,CONTENT_DIFF,20111007,20251203,11,
/2011/news/post.html,wayback-cdx,200,200,,404,404,,LOST,20110528,20120307,5,
/2011/news/prizes-and-questionnaires,repo,404,404,,200,200,,OLD_NOT_OK_NEW_OK,,,,
/2011/news/prizes-and-questionnaires.html,hint+repo+wayback-cdx,200,200,,200,200,,CONTENT_DIFF,20111022,20251220,13,
/2011/news/schedule-changes,repo,404,404,,200,200,,OLD_NOT_OK_NEW_OK,,,,
/2011/news/schedule-changes.html,hint+repo+wayback-cdx,200,200,,200,200,,CONTENT_DIFF,20111002,20250929,13,
/2011/news/special-guests,repo,404,404,,200,200,,OLD_NOT_OK_NEW_OK,,,,
/2011/news/special-guests.html,hint+repo+wayback-cdx,200,200,,200,200,,CONTENT_DIFF,20111004,20221205,4,
/2011/news/talk-schedules-are-now-online,repo,404,404,,200,200,,OLD_NOT_OK_NEW_OK,,,,
/2011/news/talk-schedules-are-now-online.html,hint+repo+wayback-cdx,200,200,,200,200,,CONTENT_DIFF,20111005,20251130,11,
/2011/news/talks-accepted,repo,404,404,,200,200,,OLD_NOT_OK_NEW_OK,,,,
/2011/news/talks-accepted.html,hint+repo+wayback-cdx,200,200,,200,200,,CONTENT_DIFF,20111004,20251001,8,
/2011/news/talks-and-acceptance-criteria,repo,404,404,,200,200,,OLD_NOT_OK_NEW_OK,,,,
/2011/news/talks-and-acceptance-criteria.html,hint+repo+wayback-cdx,200,200,,200,200,,CONTENT_DIFF,20111005,20221205,4,
/2011/news/ticket-sales-status,repo,404,404,,200,200,,OLD_NOT_OK_NEW_OK,,,,
/2011/news/ticket-sales-status.html,hint+repo+wayback-cdx,200,200,,200,200,,CONTENT_DIFF,20111001,20250524,7,
/2011/news/tickets-at-the-door,repo,404,404,,200,200,,OLD_NOT_OK_NEW_OK,,,,
/2011/news/tickets-at-the-door.html,hint+repo+wayback-cdx,200,200,,200,200,,CONTENT_DIFF,20111003,20251208,15,
/2011/news/tshirt-desgin-and-deadline,repo,404,404,,200,200,,OLD_NOT_OK_NEW_OK,,,,
/2011/news/tshirt-desgin-and-deadline.html,hint+repo+wayback-cdx,200,200,,200,200,,CONTENT_DIFF,20111004,20230314,6,
/2011/news/tshirt-desgin-and-deadline.html?utm_source=twitterfeed&utm_medium=twitter,wayback-cdx,200,200,,200,200,,CONTENT_DIFF,20230314,20230314,1,
/2011/news/what-were-using-the-individual-sponsorship-for,repo,404,404,,200,200,,OLD_NOT_OK_NEW_OK,,,,
/2011/news/what-were-using-the-individual-sponsorship-for.html,hint+repo+wayback-cdx,200,200,,200,200,,CONTENT_DIFF,20111004,20190826,6,
/2011/news/yapcasia-2011-call-for-papers.html,wayback-cdx,200,200,,404,404,,LOST,20111231,20221226,7,
/2011/news/yapcasia-2011-evolution.html,wayback-cdx,200,200,,404,404,,LOST,20110528,20111004,3,
/2011/news/yapcasia-2011-logo.html,wayback-cdx,200,200,,404,404,,LOST,20111004,20120307,3,
/2011/news/yapcasia-2011-prize.html,wayback-cdx,200,200,,404,404,,LOST,20111004,20221204,6,
/2011/news/yapcasia-2011-socializing-in-the-sweets-area,repo,404,404,,200,200,,OLD_NOT_OK_NEW_OK,,,,
/2011/news/yapcasia-2011-socializing-in-the-sweets-area.html,hint+repo+wayback-cdx,200,200,,200,200,,CONTENT_DIFF,20111004,20230204,6,
/2011/news/yapcasia-2011-socializing-in-the-sweets-area.html?utm_source=twitterfeed&utm_medium=twitter,wayback-cdx,200,200,,200,200,,CONTENT_DIFF,20230204,20230204,1,
/2011/news/yapcasia-2011-sponsor-reward,repo,404,404,,200,200,,OLD_NOT_OK_NEW_OK,,,,
/2011/news/yapcasia-2011-sponsor-reward.html,hint+repo+wayback-cdx,200,200,,200,200,,CONTENT_DIFF,20111005,20221225,9,
/2011/news/yapcasia-2011-sponsor-reward.html?utm_source=twitterfeed&utm_medium=twitter,wayback-cdx,200,200,,200,200,,CONTENT_DIFF,20230204,20230204,1,
/2011/news/yapcasia-2011-sponsor.html,wayback-cdx,200,200,,404,404,,LOST,20110717,20111231,3,
/2011/news/yapcasia-areuready,repo,404,404,,200,200,,OLD_NOT_OK_NEW_OK,,,,
/2011/news/yapcasia-areuready.html,hint+repo+wayback-cdx,200,200,,200,200,,CONTENT_DIFF,20111019,20250424,12,
/2011/news/yapcasia-eve,repo,404,404,,200,200,,OLD_NOT_OK_NEW_OK,,,,
/2011/news/yapcasia-eve.html,hint+repo+wayback-cdx,200,200,,200,200,,CONTENT_DIFF,20111007,20251203,14,
/2011/news/yapcasia-gihyo,repo,404,404,,200,200,,OLD_NOT_OK_NEW_OK,,,,
/2011/news/yapcasia-gihyo.html,hint+repo+wayback-cdx,200,200,,200,200,,CONTENT_DIFF,20111004,20221127,7,
/2011/news/yapcasia-region,repo,404,404,,200,200,,OLD_NOT_OK_NEW_OK,,,,
/2011/news/yapcasia-region.html,hint+repo+wayback-cdx,200,200,,200,200,,CONTENT_DIFF,20111228,20230203,7,
/2011/news/yapcasia-special.html,wayback-cdx,200,200,,404,404,,LOST,20111005,20111231,2,
/2011/news/yapcasia-tickets-on-sale,repo,404,404,,200,200,,OLD_NOT_OK_NEW_OK,,,,
/2011/news/yapcasia-tickets-on-sale.html,hint+repo+wayback-cdx,200,200,,200,200,,CONTENT_DIFF,20111016,20230324,7,
/2011/news/yapcasia-tokyo-2011.html,wayback-cdx,200,200,,404,404,,LOST,20110527,20120307,4,
/2011/news/yapcasia-volunteer.html,wayback-cdx,200,200,,404,404,,LOST,20110613,20120307,6,
/2011/photos,hint+repo+wayback-cdx,302,302,,301,301,,EXT_REDIRECT_SCHEME,20230923,20260508,4,503
/2011/photos.html,hint+repo+wayback-cdx,404,404,,301,301,,BOTH_NOT_OK_DIFF,20231208,20260508,4,57
/2011/slides/mlehmann/,hint,404,404,,404,404,,BOTH_NOT_OK_SAME,,,,31
/2011/sponsor,hint,301,200,/2011/sponsor/,301,200,/2011/sponsor/,CONTENT_DIFF,,,,
/2011/sponsor/,hint+repo+wayback-cdx,200,200,,200,200,,CONTENT_DIFF,20111115,20260508,15,
/2011/sponsor/.google-analytics.com/ga.js,old-link,404,404,,404,404,,BOTH_NOT_OK_SAME,,,,
/2011/sponsor/?lang=ja,hint+wayback-cdx,200,200,,200,200,,CONTENT_DIFF,20111004,20251206,14,
/2011/sponsor/entry,hint,404,404,,404,404,,BOTH_NOT_OK_SAME,,,,5
/2011/sponsor/index,repo,404,404,,200,200,,OLD_NOT_OK_NEW_OK,,,,
/2011/sponsor/index.html,hint+repo+wayback-cdx,200,200,,200,200,,CONTENT_DIFF,20231208,20260508,2,
/2011/sponsor/index.html?lang=ja,hint+repo,200,200,,200,200,,CONTENT_DIFF,,,,
/2011/sponsor/index.html@lang=ja,repo,404,404,,200,200,,OLD_NOT_OK_NEW_OK,,,,
/2011/sponsor/index.html@lang=ja.html,hint+repo,404,404,,200,200,,OLD_NOT_OK_NEW_OK,,,,
/2011/sponsor/index?lang=ja,repo,404,404,,200,200,,OLD_NOT_OK_NEW_OK,,,,
/2011/tak/?lang=en,hint,404,404,,404,404,,BOTH_NOT_OK_SAME,,,,2
/2011/talk,hint,301,200,/2011/talk/,301,200,/2011/talk/,CONTENT_DIFF,,,,
/2011/talk/,hint+repo+wayback-cdx,200,200,,200,200,,CONTENT_DIFF,20120523,20260107,8,
/2011/talk/.google-analytics.com/ga.js,old-link,404,404,,404,404,,BOTH_NOT_OK_SAME,,,,
/2011/talk/100,hint+repo+wayback-cdx,200,200,,200,200,,CONTENT_DIFF,20111016,20160604,4,
/2011/talk/100.html,hint+repo+wayback-cdx,200,200,,200,200,,CONTENT_DIFF,20130729,20231209,5,
/2011/talk/100.html?lang=en,hint+repo,200,200,,200,200,,CONTENT_DIFF,,,,
/2011/talk/100.html?lang=ja,new-link,200,200,,200,200,,CONTENT_DIFF,,,,
/2011/talk/100.html@lang=en,repo,404,404,,200,200,,OLD_NOT_OK_NEW_OK,,,,
/2011/talk/100.html@lang=en.html,hint+repo,404,404,,200,200,,OLD_NOT_OK_NEW_OK,,,,
/2011/talk/100.html@lang=en.html?lang=ja,new-link,404,404,,200,200,,OLD_NOT_OK_NEW_OK,,,,
/2011/talk/100.html@lang=en?lang=ja,new-link,404,404,,200,200,,OLD_NOT_OK_NEW_OK,,,,
/2011/talk/100?lang=en,hint+repo,200,200,,200,200,,CONTENT_DIFF,,,,
/2011/talk/100?lang=ja,new-link,200,200,,200,200,,CONTENT_DIFF,,,,
/2011/talk/100@lang=en,repo,404,404,,200,200,,OLD_NOT_OK_NEW_OK,,,,
/2011/talk/100@lang=en.html,hint+repo,404,404,,200,200,,OLD_NOT_OK_NEW_OK,,,,
/2011/talk/100@lang=en.html?lang=ja,new-link,404,404,,200,200,,OLD_NOT_OK_NEW_OK,,,,
/2011/talk/100@lang=en?lang=ja,new-link,404,404,,200,200,,OLD_NOT_OK_NEW_OK,,,,
/2011/talk/101,hint+repo+wayback-cdx,200,200,,200,200,,CONTENT_DIFF,20111016,20160604,5,
/2011/talk/101.html,hint+repo+wayback-cdx,200,200,,200,200,,CONTENT_DIFF,20130729,20231209,5,
/2011/talk/101.html?lang=en,hint+repo,200,200,,200,200,,CONTENT_DIFF,,,,
/2011/talk/101.html?lang=ja,new-link,200,200,,200,200,,CONTENT_DIFF,,,,
/2011/talk/101.html@lang=en,repo,404,404,,200,200,,OLD_NOT_OK_NEW_OK,,,,
/2011/talk/101.html@lang=en.html,hint+repo,404,404,,200,200,,OLD_NOT_OK_NEW_OK,,,,
/2011/talk/101.html@lang=en.html?lang=ja,new-link,404,404,,200,200,,OLD_NOT_OK_NEW_OK,,,,
/2011/talk/101.html@lang=en?lang=ja,new-link,404,404,,200,200,,OLD_NOT_OK_NEW_OK,,,,
/2011/talk/101?lang=en,hint+repo,200,200,,200,200,,CONTENT_DIFF,,,,
/2011/talk/101?lang=ja,new-link,200,200,,200,200,,CONTENT_DIFF,,,,
/2011/talk/101@lang=en,repo,404,404,,200,200,,OLD_NOT_OK_NEW_OK,,,,
/2011/talk/101@lang=en.html,hint+repo,404,404,,200,200,,OLD_NOT_OK_NEW_OK,,,,
/2011/talk/101@lang=en.html?lang=ja,new-link,404,404,,200,200,,OLD_NOT_OK_NEW_OK,,,,
/2011/talk/101@lang=en?lang=ja,new-link,404,404,,200,200,,OLD_NOT_OK_NEW_OK,,,,
/2011/talk/102,hint+repo+wayback-cdx,200,200,,200,200,,CONTENT_DIFF,20111016,20160604,4,
/2011/talk/102.html,hint+repo+wayback-cdx,200,200,,200,200,,CONTENT_DIFF,20130729,20231209,5,
/2011/talk/102.html?lang=en,hint+repo,200,200,,200,200,,CONTENT_DIFF,,,,
/2011/talk/102.html?lang=ja,new-link,200,200,,200,200,,CONTENT_DIFF,,,,
/2011/talk/102.html@lang=en,repo,404,404,,200,200,,OLD_NOT_OK_NEW_OK,,,,
/2011/talk/102.html@lang=en.html,hint+repo,404,404,,200,200,,OLD_NOT_OK_NEW_OK,,,,
/2011/talk/102.html@lang=en.html?lang=ja,new-link,404,404,,200,200,,OLD_NOT_OK_NEW_OK,,,,
/2011/talk/102.html@lang=en?lang=ja,new-link,404,404,,200,200,,OLD_NOT_OK_NEW_OK,,,,
/2011/talk/102?lang=en,hint+repo,200,200,,200,200,,CONTENT_DIFF,,,,
/2011/talk/102?lang=ja,new-link,200,200,,200,200,,CONTENT_DIFF,,,,
/2011/talk/102@lang=en,repo,404,404,,200,200,,OLD_NOT_OK_NEW_OK,,,,
/2011/talk/102@lang=en.html,hint+repo,404,404,,200,200,,OLD_NOT_OK_NEW_OK,,,,
/2011/talk/102@lang=en.html?lang=ja,new-link,404,404,,200,200,,OLD_NOT_OK_NEW_OK,,,,
/2011/talk/102@lang=en?lang=ja,new-link,404,404,,200,200,,OLD_NOT_OK_NEW_OK,,,,
/2011/talk/103,hint+repo+wayback-cdx,200,200,,200,200,,CONTENT_DIFF,20111016,20160604,5,
/2011/talk/103.html,hint+repo+wayback-cdx,200,200,,200,200,,CONTENT_DIFF,20130729,20231209,6,
/2011/talk/103.html?lang=en,hint+repo,200,200,,200,200,,CONTENT_DIFF,,,,
/2011/talk/103.html?lang=ja,new-link,200,200,,200,200,,CONTENT_DIFF,,,,
/2011/talk/103.html@lang=en,repo,404,404,,200,200,,OLD_NOT_OK_NEW_OK,,,,
/2011/talk/103.html@lang=en.html,hint+repo,404,404,,200,200,,OLD_NOT_OK_NEW_OK,,,,
/2011/talk/103.html@lang=en.html?lang=ja,new-link,404,404,,200,200,,OLD_NOT_OK_NEW_OK,,,,
/2011/talk/103.html@lang=en?lang=ja,new-link,404,404,,200,200,,OLD_NOT_OK_NEW_OK,,,,
/2011/talk/103?lang=en,hint+repo,200,200,,200,200,,CONTENT_DIFF,,,,
/2011/talk/103?lang=ja,new-link,200,200,,200,200,,CONTENT_DIFF,,,,
/2011/talk/103@lang=en,repo,404,404,,200,200,,OLD_NOT_OK_NEW_OK,,,,
/2011/talk/103@lang=en.html,hint+repo,404,404,,200,200,,OLD_NOT_OK_NEW_OK,,,,
/2011/talk/103@lang=en.html?lang=ja,new-link,404,404,,200,200,,OLD_NOT_OK_NEW_OK,,,,
/2011/talk/103@lang=en?lang=ja,new-link,404,404,,200,200,,OLD_NOT_OK_NEW_OK,,,,
/2011/talk/20,hint+repo+wayback-cdx,200,200,,200,200,,CONTENT_DIFF,20111016,20250116,16,
/2011/talk/20.html,hint+repo+wayback-cdx,200,200,,200,200,,CONTENT_DIFF,20130729,20231209,6,
/2011/talk/20.html?lang=en,hint+repo,200,200,,200,200,,CONTENT_DIFF,,,,
/2011/talk/20.html?lang=ja,new-link,200,200,,200,200,,CONTENT_DIFF,,,,
/2011/talk/20.html@lang=en,repo,404,404,,200,200,,OLD_NOT_OK_NEW_OK,,,,
/2011/talk/20.html@lang=en.html,hint+repo,404,404,,200,200,,OLD_NOT_OK_NEW_OK,,,,
/2011/talk/20.html@lang=en.html?lang=ja,new-link,404,404,,200,200,,OLD_NOT_OK_NEW_OK,,,,
/2011/talk/20.html@lang=en?lang=ja,new-link,404,404,,200,200,,OLD_NOT_OK_NEW_OK,,,,
/2011/talk/20?lang=en,hint+repo,200,200,,200,200,,CONTENT_DIFF,,,,
/2011/talk/20?lang=ja,new-link,200,200,,200,200,,CONTENT_DIFF,,,,
/2011/talk/20@lang=en,repo,404,404,,200,200,,OLD_NOT_OK_NEW_OK,,,,
/2011/talk/20@lang=en.html,hint+repo,404,404,,200,200,,OLD_NOT_OK_NEW_OK,,,,
/2011/talk/20@lang=en.html?lang=ja,new-link,404,404,,200,200,,OLD_NOT_OK_NEW_OK,,,,
/2011/talk/20@lang=en?lang=ja,new-link,404,404,,200,200,,OLD_NOT_OK_NEW_OK,,,,
/2011/talk/21,hint+repo+wayback-cdx,200,200,,200,200,,CONTENT_DIFF,20111017,20221205,6,
/2011/talk/21.html,hint+repo+wayback-cdx,200,200,,200,200,,CONTENT_DIFF,20130729,20231209,6,
/2011/talk/21.html?lang=en,hint+repo,200,200,,200,200,,CONTENT_DIFF,,,,
/2011/talk/21.html?lang=ja,new-link,200,200,,200,200,,CONTENT_DIFF,,,,
/2011/talk/21.html@lang=en,repo,404,404,,200,200,,OLD_NOT_OK_NEW_OK,,,,
/2011/talk/21.html@lang=en.html,hint+repo,404,404,,200,200,,OLD_NOT_OK_NEW_OK,,,,
/2011/talk/21.html@lang=en.html?lang=ja,new-link,404,404,,200,200,,OLD_NOT_OK_NEW_OK,,,,
/2011/talk/21.html@lang=en?lang=ja,new-link,404,404,,200,200,,OLD_NOT_OK_NEW_OK,,,,
/2011/talk/21?lang=en,hint+repo,200,200,,200,200,,CONTENT_DIFF,,,,
/2011/talk/21?lang=ja,new-link,200,200,,200,200,,CONTENT_DIFF,,,,
/2011/talk/21@lang=en,repo,404,404,,200,200,,OLD_NOT_OK_NEW_OK,,,,
/2011/talk/21@lang=en.html,hint+repo,404,404,,200,200,,OLD_NOT_OK_NEW_OK,,,,
/2011/talk/21@lang=en.html?lang=ja,new-link,404,404,,200,200,,OLD_NOT_OK_NEW_OK,,,,
/2011/talk/21@lang=en?lang=ja,new-link,404,404,,200,200,,OLD_NOT_OK_NEW_OK,,,,
/2011/talk/22,hint+repo+wayback-cdx,200,200,,200,200,,CONTENT_DIFF,20111016,20260508,12,
/2011/talk/22.html,hint+repo+wayback-cdx,200,200,,200,200,,CONTENT_DIFF,20130729,20241005,6,
/2011/talk/22.html?lang=en,hint+repo,200,200,,200,200,,CONTENT_DIFF,,,,
/2011/talk/22.html?lang=ja,new-link,200,200,,200,200,,CONTENT_DIFF,,,,
/2011/talk/22.html@lang=en,repo,404,404,,200,200,,OLD_NOT_OK_NEW_OK,,,,
/2011/talk/22.html@lang=en.html,hint+repo,404,404,,200,200,,OLD_NOT_OK_NEW_OK,,,,
/2011/talk/22.html@lang=en.html?lang=ja,new-link,404,404,,200,200,,OLD_NOT_OK_NEW_OK,,,,
/2011/talk/22.html@lang=en?lang=ja,new-link,404,404,,200,200,,OLD_NOT_OK_NEW_OK,,,,
/2011/talk/22?lang=en,hint+repo,200,200,,200,200,,CONTENT_DIFF,,,,
/2011/talk/22?lang=ja,new-link,200,200,,200,200,,CONTENT_DIFF,,,,
/2011/talk/22@lang=en,repo,404,404,,200,200,,OLD_NOT_OK_NEW_OK,,,,
/2011/talk/22@lang=en.html,hint+repo+wayback-cdx,404,404,,200,200,,OLD_NOT_OK_NEW_OK,20240223,20240223,1,
/2011/talk/22@lang=en.html?lang=ja,new-link,404,404,,200,200,,OLD_NOT_OK_NEW_OK,,,,
/2011/talk/22@lang=en?lang=ja,new-link,404,404,,200,200,,OLD_NOT_OK_NEW_OK,,,,
/2011/talk/23,hint+repo+wayback-cdx,200,200,,200,200,,CONTENT_DIFF,20111017,20221205,5,
/2011/talk/23.html,hint+repo+wayback-cdx,200,200,,200,200,,CONTENT_DIFF,20130729,20240223,6,
/2011/talk/23.html?lang=en,hint+repo,200,200,,200,200,,CONTENT_DIFF,,,,
/2011/talk/23.html?lang=ja,new-link,200,200,,200,200,,CONTENT_DIFF,,,,
/2011/talk/23.html@lang=en,repo,404,404,,200,200,,OLD_NOT_OK_NEW_OK,,,,
/2011/talk/23.html@lang=en.html,hint+repo,404,404,,200,200,,OLD_NOT_OK_NEW_OK,,,,
/2011/talk/23.html@lang=en.html?lang=ja,new-link,404,404,,200,200,,OLD_NOT_OK_NEW_OK,,,,
/2011/talk/23.html@lang=en?lang=ja,new-link,404,404,,200,200,,OLD_NOT_OK_NEW_OK,,,,
/2011/talk/23?lang=en,hint+repo,200,200,,200,200,,CONTENT_DIFF,,,,
/2011/talk/23?lang=ja,new-link,200,200,,200,200,,CONTENT_DIFF,,,,
/2011/talk/23@lang=en,repo,404,404,,200,200,,OLD_NOT_OK_NEW_OK,,,,
/2011/talk/23@lang=en.html,hint+repo,404,404,,200,200,,OLD_NOT_OK_NEW_OK,,,,
/2011/talk/23@lang=en.html?lang=ja,new-link,404,404,,200,200,,OLD_NOT_OK_NEW_OK,,,,
/2011/talk/23@lang=en?lang=ja,new-link,404,404,,200,200,,OLD_NOT_OK_NEW_OK,,,,
/2011/talk/24,hint+repo+wayback-cdx,200,200,,200,200,,CONTENT_DIFF,20111016,20221206,4,
/2011/talk/24.html,hint+repo+wayback-cdx,200,200,,200,200,,CONTENT_DIFF,20130729,20231209,5,
/2011/talk/24.html?lang=en,hint+repo,200,200,,200,200,,CONTENT_DIFF,,,,
/2011/talk/24.html?lang=ja,new-link,200,200,,200,200,,CONTENT_DIFF,,,,
/2011/talk/24.html@lang=en,repo,404,404,,200,200,,OLD_NOT_OK_NEW_OK,,,,
/2011/talk/24.html@lang=en.html,hint+repo,404,404,,200,200,,OLD_NOT_OK_NEW_OK,,,,
/2011/talk/24.html@lang=en.html?lang=ja,new-link,404,404,,200,200,,OLD_NOT_OK_NEW_OK,,,,
/2011/talk/24.html@lang=en?lang=ja,new-link,404,404,,200,200,,OLD_NOT_OK_NEW_OK,,,,
/2011/talk/24?lang=en,hint+repo,200,200,,200,200,,CONTENT_DIFF,,,,
/2011/talk/24?lang=ja,new-link,200,200,,200,200,,CONTENT_DIFF,,,,
/2011/talk/24@lang=en,repo,404,404,,200,200,,OLD_NOT_OK_NEW_OK,,,,
/2011/talk/24@lang=en.html,hint+repo,404,404,,200,200,,OLD_NOT_OK_NEW_OK,,,,
/2011/talk/24@lang=en.html?lang=ja,new-link,404,404,,200,200,,OLD_NOT_OK_NEW_OK,,,,
/2011/talk/24@lang=en?lang=ja,new-link,404,404,,200,200,,OLD_NOT_OK_NEW_OK,,,,
/2011/talk/25,hint+repo+wayback-cdx,200,200,,200,200,,CONTENT_DIFF,20111016,20260508,10,
/2011/talk/25.html,hint+repo+wayback-cdx,200,200,,200,200,,CONTENT_DIFF,20130729,20231209,5,
/2011/talk/25.html?lang=en,hint+repo,200,200,,200,200,,CONTENT_DIFF,,,,
/2011/talk/25.html?lang=ja,new-link,200,200,,200,200,,CONTENT_DIFF,,,,
/2011/talk/25.html@lang=en,repo,404,404,,200,200,,OLD_NOT_OK_NEW_OK,,,,
/2011/talk/25.html@lang=en.html,hint+repo,404,404,,200,200,,OLD_NOT_OK_NEW_OK,,,,
/2011/talk/25.html@lang=en.html?lang=ja,new-link,404,404,,200,200,,OLD_NOT_OK_NEW_OK,,,,
/2011/talk/25.html@lang=en?lang=ja,new-link,404,404,,200,200,,OLD_NOT_OK_NEW_OK,,,,
/2011/talk/25?lang=en,hint+repo,200,200,,200,200,,CONTENT_DIFF,,,,
/2011/talk/25?lang=ja,new-link,200,200,,200,200,,CONTENT_DIFF,,,,
/2011/talk/25@lang=en,repo,404,404,,200,200,,OLD_NOT_OK_NEW_OK,,,,
/2011/talk/25@lang=en.html,hint+repo+wayback-cdx,404,404,,200,200,,OLD_NOT_OK_NEW_OK,20250424,20250424,1,
/2011/talk/25@lang=en.html?lang=ja,new-link,404,404,,200,200,,OLD_NOT_OK_NEW_OK,,,,
/2011/talk/25@lang=en?lang=ja,new-link,404,404,,200,200,,OLD_NOT_OK_NEW_OK,,,,
/2011/talk/26,hint+repo+wayback-cdx,200,200,,200,200,,CONTENT_DIFF,20111016,20260413,10,
/2011/talk/26.html,hint+repo+wayback-cdx,200,200,,200,200,,CONTENT_DIFF,20130729,20241005,5,
/2011/talk/26.html?lang=en,hint+repo,200,200,,200,200,,CONTENT_DIFF,,,,
/2011/talk/26.html?lang=ja,new-link,200,200,,200,200,,CONTENT_DIFF,,,,
/2011/talk/26.html@lang=en,repo,404,404,,200,200,,OLD_NOT_OK_NEW_OK,,,,
/2011/talk/26.html@lang=en.html,hint+repo,404,404,,200,200,,OLD_NOT_OK_NEW_OK,,,,
/2011/talk/26.html@lang=en.html?lang=ja,new-link,404,404,,200,200,,OLD_NOT_OK_NEW_OK,,,,
/2011/talk/26.html@lang=en?lang=ja,new-link,404,404,,200,200,,OLD_NOT_OK_NEW_OK,,,,
/2011/talk/26?lang=en,hint+repo,200,200,,200,200,,CONTENT_DIFF,,,,
/2011/talk/26?lang=ja,new-link,200,200,,200,200,,CONTENT_DIFF,,,,
/2011/talk/26@lang=en,repo,404,404,,200,200,,OLD_NOT_OK_NEW_OK,,,,
/2011/talk/26@lang=en.html,hint+repo+wayback-cdx,404,404,,200,200,,OLD_NOT_OK_NEW_OK,20231208,20231208,1,
/2011/talk/26@lang=en.html?lang=ja,new-link,404,404,,200,200,,OLD_NOT_OK_NEW_OK,,,,
/2011/talk/26@lang=en?lang=ja,new-link,404,404,,200,200,,OLD_NOT_OK_NEW_OK,,,,
/2011/talk/28,hint+repo+wayback-cdx,200,200,,200,200,,CONTENT_DIFF,20120120,20120120,1,
/2011/talk/28.html,hint+repo+wayback-cdx,200,200,,200,200,,CONTENT_DIFF,20130729,20241005,7,
/2011/talk/28.html?lang=en,hint+repo,200,200,,200,200,,CONTENT_DIFF,,,,
/2011/talk/28.html?lang=ja,new-link,200,200,,200,200,,CONTENT_DIFF,,,,
/2011/talk/28.html@lang=en,repo,404,404,,200,200,,OLD_NOT_OK_NEW_OK,,,,
/2011/talk/28.html@lang=en.html,hint+repo,404,404,,200,200,,OLD_NOT_OK_NEW_OK,,,,
/2011/talk/28.html@lang=en.html?lang=ja,new-link,404,404,,200,200,,OLD_NOT_OK_NEW_OK,,,,
/2011/talk/28.html@lang=en?lang=ja,new-link,404,404,,200,200,,OLD_NOT_OK_NEW_OK,,,,
/2011/talk/28?lang=en,hint+repo+wayback-cdx,200,200,,200,200,,CONTENT_DIFF,20150913,20150913,1,
/2011/talk/28?lang=ja,new-link,200,200,,200,200,,CONTENT_DIFF,,,,
/2011/talk/28@lang=en,repo,404,404,,200,200,,OLD_NOT_OK_NEW_OK,,,,
/2011/talk/28@lang=en.html,hint+repo,404,404,,200,200,,OLD_NOT_OK_NEW_OK,,,,
/2011/talk/28@lang=en.html?lang=ja,new-link,404,404,,200,200,,OLD_NOT_OK_NEW_OK,,,,
/2011/talk/28@lang=en?lang=ja,new-link,404,404,,200,200,,OLD_NOT_OK_NEW_OK,,,,
/2011/talk/30,hint+repo+wayback-cdx,200,200,,200,200,,CONTENT_DIFF,20111017,20221126,7,
/2011/talk/30.html,hint+repo+wayback-cdx,200,200,,200,200,,CONTENT_DIFF,20130729,20231209,5,
/2011/talk/30.html?lang=en,hint+repo,200,200,,200,200,,CONTENT_DIFF,,,,
/2011/talk/30.html?lang=ja,new-link,200,200,,200,200,,CONTENT_DIFF,,,,
/2011/talk/30.html@lang=en,repo,404,404,,200,200,,OLD_NOT_OK_NEW_OK,,,,
/2011/talk/30.html@lang=en.html,hint+repo,404,404,,200,200,,OLD_NOT_OK_NEW_OK,,,,
/2011/talk/30.html@lang=en.html?lang=ja,new-link,404,404,,200,200,,OLD_NOT_OK_NEW_OK,,,,
/2011/talk/30.html@lang=en?lang=ja,new-link,404,404,,200,200,,OLD_NOT_OK_NEW_OK,,,,
/2011/talk/30?lang=en,hint+repo,200,200,,200,200,,CONTENT_DIFF,,,,
/2011/talk/30?lang=ja,new-link,200,200,,200,200,,CONTENT_DIFF,,,,
/2011/talk/30@lang=en,repo,404,404,,200,200,,OLD_NOT_OK_NEW_OK,,,,
/2011/talk/30@lang=en.html,hint+repo,404,404,,200,200,,OLD_NOT_OK_NEW_OK,,,,
/2011/talk/30@lang=en.html?lang=ja,new-link,404,404,,200,200,,OLD_NOT_OK_NEW_OK,,,,
/2011/talk/30@lang=en?lang=ja,new-link,404,404,,200,200,,OLD_NOT_OK_NEW_OK,,,,
/2011/talk/32,hint+repo+wayback-cdx,200,200,,200,200,,CONTENT_DIFF,20111017,20251104,10,
/2011/talk/32.html,hint+repo+wayback-cdx,200,200,,200,200,,CONTENT_DIFF,20130729,20231209,5,
/2011/talk/32.html?lang=en,hint+repo,200,200,,200,200,,CONTENT_DIFF,,,,
/2011/talk/32.html?lang=ja,new-link,200,200,,200,200,,CONTENT_DIFF,,,,
/2011/talk/32.html@lang=en,repo,404,404,,200,200,,OLD_NOT_OK_NEW_OK,,,,
/2011/talk/32.html@lang=en.html,hint+repo,404,404,,200,200,,OLD_NOT_OK_NEW_OK,,,,
/2011/talk/32.html@lang=en.html?lang=ja,new-link,404,404,,200,200,,OLD_NOT_OK_NEW_OK,,,,
/2011/talk/32.html@lang=en?lang=ja,new-link,404,404,,200,200,,OLD_NOT_OK_NEW_OK,,,,
/2011/talk/32?lang=en,hint+repo,200,200,,200,200,,CONTENT_DIFF,,,,
/2011/talk/32?lang=ja,new-link,200,200,,200,200,,CONTENT_DIFF,,,,
/2011/talk/32@lang=en,repo,404,404,,200,200,,OLD_NOT_OK_NEW_OK,,,,
/2011/talk/32@lang=en.html,hint+repo,404,404,,200,200,,OLD_NOT_OK_NEW_OK,,,,
/2011/talk/32@lang=en.html?lang=ja,new-link,404,404,,200,200,,OLD_NOT_OK_NEW_OK,,,,
/2011/talk/32@lang=en?lang=ja,new-link,404,404,,200,200,,OLD_NOT_OK_NEW_OK,,,,
/2011/talk/34,hint+repo+wayback-cdx,200,200,,200,200,,CONTENT_DIFF,20130730,20221205,4,
/2011/talk/34.html,hint+repo+wayback-cdx,200,200,,200,200,,CONTENT_DIFF,20130729,20231209,5,
/2011/talk/34.html?lang=en,hint+repo,200,200,,200,200,,CONTENT_DIFF,,,,
/2011/talk/34.html?lang=ja,new-link,200,200,,200,200,,CONTENT_DIFF,,,,
/2011/talk/34.html@lang=en,repo,404,404,,200,200,,OLD_NOT_OK_NEW_OK,,,,
/2011/talk/34.html@lang=en.html,hint+repo,404,404,,200,200,,OLD_NOT_OK_NEW_OK,,,,
/2011/talk/34.html@lang=en.html?lang=ja,new-link,404,404,,200,200,,OLD_NOT_OK_NEW_OK,,,,
/2011/talk/34.html@lang=en?lang=ja,new-link,404,404,,200,200,,OLD_NOT_OK_NEW_OK,,,,
/2011/talk/34?lang=en,hint+repo,200,200,,200,200,,CONTENT_DIFF,,,,
/2011/talk/34?lang=ja,new-link,200,200,,200,200,,CONTENT_DIFF,,,,
/2011/talk/34@lang=en,repo,404,404,,200,200,,OLD_NOT_OK_NEW_OK,,,,
/2011/talk/34@lang=en.html,hint+repo,404,404,,200,200,,OLD_NOT_OK_NEW_OK,,,,
/2011/talk/34@lang=en.html?lang=ja,new-link,404,404,,200,200,,OLD_NOT_OK_NEW_OK,,,,
/2011/talk/34@lang=en?lang=ja,new-link,404,404,,200,200,,OLD_NOT_OK_NEW_OK,,,,
/2011/talk/37,hint+repo+wayback-cdx,200,200,,200,200,,CONTENT_DIFF,20111015,20241005,8,
/2011/talk/37.html,hint+repo+wayback-cdx,200,200,,200,200,,CONTENT_DIFF,20130120,20231209,6,
/2011/talk/37.html?lang=en,hint+repo,200,200,,200,200,,CONTENT_DIFF,,,,
/2011/talk/37.html?lang=ja,new-link,200,200,,200,200,,CONTENT_DIFF,,,,
/2011/talk/37.html@lang=en,repo,404,404,,200,200,,OLD_NOT_OK_NEW_OK,,,,
/2011/talk/37.html@lang=en.html,hint+repo,404,404,,200,200,,OLD_NOT_OK_NEW_OK,,,,
/2011/talk/37.html@lang=en.html?lang=ja,new-link,404,404,,200,200,,OLD_NOT_OK_NEW_OK,,,,
/2011/talk/37.html@lang=en?lang=ja,new-link,404,404,,200,200,,OLD_NOT_OK_NEW_OK,,,,
/2011/talk/37?lang=en,hint+repo,200,200,,200,200,,CONTENT_DIFF,,,,
/2011/talk/37?lang=ja,new-link,200,200,,200,200,,CONTENT_DIFF,,,,
/2011/talk/37@lang=en,repo,404,404,,200,200,,OLD_NOT_OK_NEW_OK,,,,
/2011/talk/37@lang=en.html,hint+repo,404,404,,200,200,,OLD_NOT_OK_NEW_OK,,,,
/2011/talk/37@lang=en.html?lang=ja,new-link,404,404,,200,200,,OLD_NOT_OK_NEW_OK,,,,
/2011/talk/37@lang=en?lang=ja,new-link,404,404,,200,200,,OLD_NOT_OK_NEW_OK,,,,
/2011/talk/39,hint+repo+wayback-cdx,200,200,,200,200,,CONTENT_DIFF,20111016,20250116,6,
/2011/talk/39.html,hint+repo+wayback-cdx,200,200,,200,200,,CONTENT_DIFF,20130729,20231209,5,
/2011/talk/39.html?lang=en,hint+repo,200,200,,200,200,,CONTENT_DIFF,,,,
/2011/talk/39.html?lang=ja,new-link,200,200,,200,200,,CONTENT_DIFF,,,,
/2011/talk/39.html@lang=en,repo,404,404,,200,200,,OLD_NOT_OK_NEW_OK,,,,
/2011/talk/39.html@lang=en.html,hint+repo,404,404,,200,200,,OLD_NOT_OK_NEW_OK,,,,
/2011/talk/39.html@lang=en.html?lang=ja,new-link,404,404,,200,200,,OLD_NOT_OK_NEW_OK,,,,
/2011/talk/39.html@lang=en?lang=ja,new-link,404,404,,200,200,,OLD_NOT_OK_NEW_OK,,,,
/2011/talk/39?lang=en,hint+repo,200,200,,200,200,,CONTENT_DIFF,,,,
/2011/talk/39?lang=ja,new-link,200,200,,200,200,,CONTENT_DIFF,,,,
/2011/talk/39@lang=en,repo,404,404,,200,200,,OLD_NOT_OK_NEW_OK,,,,
/2011/talk/39@lang=en.html,hint+repo+wayback-cdx,404,404,,200,200,,OLD_NOT_OK_NEW_OK,20240223,20240223,1,
/2011/talk/39@lang=en.html?lang=ja,new-link,404,404,,200,200,,OLD_NOT_OK_NEW_OK,,,,
/2011/talk/39@lang=en?lang=ja,new-link,404,404,,200,200,,OLD_NOT_OK_NEW_OK,,,,
/2011/talk/40,hint+repo+wayback-cdx,200,200,,200,200,,CONTENT_DIFF,20111016,20221206,7,
/2011/talk/40.html,hint+repo+wayback-cdx,200,200,,200,200,,CONTENT_DIFF,20130729,20231209,5,
/2011/talk/40.html?lang=en,hint+repo,200,200,,200,200,,CONTENT_DIFF,,,,
/2011/talk/40.html?lang=ja,new-link,200,200,,200,200,,CONTENT_DIFF,,,,
/2011/talk/40.html@lang=en,repo,404,404,,200,200,,OLD_NOT_OK_NEW_OK,,,,
/2011/talk/40.html@lang=en.html,hint+repo,404,404,,200,200,,OLD_NOT_OK_NEW_OK,,,,
/2011/talk/40.html@lang=en.html?lang=ja,new-link,404,404,,200,200,,OLD_NOT_OK_NEW_OK,,,,
/2011/talk/40.html@lang=en?lang=ja,new-link,404,404,,200,200,,OLD_NOT_OK_NEW_OK,,,,
/2011/talk/40?lang=en,hint+repo,200,200,,200,200,,CONTENT_DIFF,,,,
/2011/talk/40?lang=ja,new-link,200,200,,200,200,,CONTENT_DIFF,,,,
/2011/talk/40@lang=en,repo,404,404,,200,200,,OLD_NOT_OK_NEW_OK,,,,
/2011/talk/40@lang=en.html,hint+repo,404,404,,200,200,,OLD_NOT_OK_NEW_OK,,,,
/2011/talk/40@lang=en.html?lang=ja,new-link,404,404,,200,200,,OLD_NOT_OK_NEW_OK,,,,
/2011/talk/40@lang=en?lang=ja,new-link,404,404,,200,200,,OLD_NOT_OK_NEW_OK,,,,
/2011/talk/41,hint+repo+wayback-cdx,200,200,,200,200,,CONTENT_DIFF,20111013,20250321,12,
/2011/talk/41.html,hint+repo+wayback-cdx,200,200,,200,200,,CONTENT_DIFF,20130729,20231209,5,
/2011/talk/41.html?lang=en,hint+repo,200,200,,200,200,,CONTENT_DIFF,,,,
/2011/talk/41.html?lang=ja,new-link,200,200,,200,200,,CONTENT_DIFF,,,,
/2011/talk/41.html@lang=en,repo,404,404,,200,200,,OLD_NOT_OK_NEW_OK,,,,
/2011/talk/41.html@lang=en.html,hint+repo,404,404,,200,200,,OLD_NOT_OK_NEW_OK,,,,
/2011/talk/41.html@lang=en.html?lang=ja,new-link,404,404,,200,200,,OLD_NOT_OK_NEW_OK,,,,
/2011/talk/41.html@lang=en?lang=ja,new-link,404,404,,200,200,,OLD_NOT_OK_NEW_OK,,,,
/2011/talk/41?lang=en,hint+repo,200,200,,200,200,,CONTENT_DIFF,,,,
/2011/talk/41?lang=ja,new-link,200,200,,200,200,,CONTENT_DIFF,,,,
/2011/talk/41@lang=en,repo,404,404,,200,200,,OLD_NOT_OK_NEW_OK,,,,
/2011/talk/41@lang=en.html,hint+repo,404,404,,200,200,,OLD_NOT_OK_NEW_OK,,,,
/2011/talk/41@lang=en.html?lang=ja,new-link,404,404,,200,200,,OLD_NOT_OK_NEW_OK,,,,
/2011/talk/41@lang=en?lang=ja,new-link,404,404,,200,200,,OLD_NOT_OK_NEW_OK,,,,
/2011/talk/43,hint+repo+wayback-cdx,200,200,,200,200,,CONTENT_DIFF,20130730,20250321,7,
/2011/talk/43.html,hint+repo+wayback-cdx,200,200,,200,200,,CONTENT_DIFF,20130729,20231209,5,
/2011/talk/43.html?lang=en,hint+repo,200,200,,200,200,,CONTENT_DIFF,,,,
/2011/talk/43.html?lang=ja,new-link,200,200,,200,200,,CONTENT_DIFF,,,,
/2011/talk/43.html@lang=en,repo,404,404,,200,200,,OLD_NOT_OK_NEW_OK,,,,
/2011/talk/43.html@lang=en.html,hint+repo,404,404,,200,200,,OLD_NOT_OK_NEW_OK,,,,
/2011/talk/43.html@lang=en.html?lang=ja,new-link,404,404,,200,200,,OLD_NOT_OK_NEW_OK,,,,
/2011/talk/43.html@lang=en?lang=ja,new-link,404,404,,200,200,,OLD_NOT_OK_NEW_OK,,,,
/2011/talk/43?lang=en,hint+repo,200,200,,200,200,,CONTENT_DIFF,,,,
/2011/talk/43?lang=ja,new-link,200,200,,200,200,,CONTENT_DIFF,,,,
/2011/talk/43@lang=en,repo,404,404,,200,200,,OLD_NOT_OK_NEW_OK,,,,
/2011/talk/43@lang=en.html,hint+repo,404,404,,200,200,,OLD_NOT_OK_NEW_OK,,,,
/2011/talk/43@lang=en.html?lang=ja,new-link,404,404,,200,200,,OLD_NOT_OK_NEW_OK,,,,
/2011/talk/43@lang=en?lang=ja,new-link,404,404,,200,200,,OLD_NOT_OK_NEW_OK,,,,
/2011/talk/44,hint+repo+wayback-cdx,200,200,,200,200,,CONTENT_DIFF,20111017,20250116,6,
/2011/talk/44.html,hint+repo+wayback-cdx,200,200,,200,200,,CONTENT_DIFF,20130729,20231209,5,
/2011/talk/44.html?lang=en,hint+repo,200,200,,200,200,,CONTENT_DIFF,,,,
/2011/talk/44.html?lang=ja,new-link,200,200,,200,200,,CONTENT_DIFF,,,,
/2011/talk/44.html@lang=en,repo,404,404,,200,200,,OLD_NOT_OK_NEW_OK,,,,
/2011/talk/44.html@lang=en.html,hint+repo,404,404,,200,200,,OLD_NOT_OK_NEW_OK,,,,
/2011/talk/44.html@lang=en.html?lang=ja,new-link,404,404,,200,200,,OLD_NOT_OK_NEW_OK,,,,
/2011/talk/44.html@lang=en?lang=ja,new-link,404,404,,200,200,,OLD_NOT_OK_NEW_OK,,,,
/2011/talk/44?lang=en,hint+repo,200,200,,200,200,,CONTENT_DIFF,,,,
/2011/talk/44?lang=ja,new-link,200,200,,200,200,,CONTENT_DIFF,,,,
/2011/talk/44@lang=en,repo,404,404,,200,200,,OLD_NOT_OK_NEW_OK,,,,
/2011/talk/44@lang=en.html,hint+repo+wayback-cdx,404,404,,200,200,,OLD_NOT_OK_NEW_OK,20240223,20240223,1,
/2011/talk/44@lang=en.html?lang=ja,new-link,404,404,,200,200,,OLD_NOT_OK_NEW_OK,,,,
/2011/talk/44@lang=en?lang=ja,new-link,404,404,,200,200,,OLD_NOT_OK_NEW_OK,,,,
/2011/talk/45,hint+repo+wayback-cdx,200,200,,200,200,,CONTENT_DIFF,20111017,20260613,9,
/2011/talk/45.html,hint+repo+wayback-cdx,200,200,,200,200,,CONTENT_DIFF,20130729,20231209,5,
/2011/talk/45.html?lang=en,hint+repo,200,200,,200,200,,CONTENT_DIFF,,,,
/2011/talk/45.html?lang=ja,new-link,200,200,,200,200,,CONTENT_DIFF,,,,
/2011/talk/45.html@lang=en,repo,404,404,,200,200,,OLD_NOT_OK_NEW_OK,,,,
/2011/talk/45.html@lang=en.html,hint+repo,404,404,,200,200,,OLD_NOT_OK_NEW_OK,,,,
/2011/talk/45.html@lang=en.html?lang=ja,new-link,404,404,,200,200,,OLD_NOT_OK_NEW_OK,,,,
/2011/talk/45.html@lang=en?lang=ja,new-link,404,404,,200,200,,OLD_NOT_OK_NEW_OK,,,,
/2011/talk/45?lang=en,hint+repo,200,200,,200,200,,CONTENT_DIFF,,,,
/2011/talk/45?lang=ja,new-link,200,200,,200,200,,CONTENT_DIFF,,,,
/2011/talk/45@lang=en,repo,404,404,,200,200,,OLD_NOT_OK_NEW_OK,,,,
/2011/talk/45@lang=en.html,hint+repo,404,404,,200,200,,OLD_NOT_OK_NEW_OK,,,,
/2011/talk/45@lang=en.html?lang=ja,new-link,404,404,,200,200,,OLD_NOT_OK_NEW_OK,,,,
/2011/talk/45@lang=en?lang=ja,new-link,404,404,,200,200,,OLD_NOT_OK_NEW_OK,,,,
/2011/talk/47,hint+repo+wayback-cdx,200,200,,200,200,,CONTENT_DIFF,20111017,20250929,6,
/2011/talk/47.html,hint+repo+wayback-cdx,200,200,,200,200,,CONTENT_DIFF,20130729,20231209,5,
/2011/talk/47.html?lang=en,hint+repo,200,200,,200,200,,CONTENT_DIFF,,,,
/2011/talk/47.html?lang=ja,new-link,200,200,,200,200,,CONTENT_DIFF,,,,
/2011/talk/47.html@lang=en,repo,404,404,,200,200,,OLD_NOT_OK_NEW_OK,,,,
/2011/talk/47.html@lang=en.html,hint+repo,404,404,,200,200,,OLD_NOT_OK_NEW_OK,,,,
/2011/talk/47.html@lang=en.html?lang=ja,new-link,404,404,,200,200,,OLD_NOT_OK_NEW_OK,,,,
/2011/talk/47.html@lang=en?lang=ja,new-link,404,404,,200,200,,OLD_NOT_OK_NEW_OK,,,,
/2011/talk/47?lang=en,hint+repo,200,200,,200,200,,CONTENT_DIFF,,,,
/2011/talk/47?lang=ja,new-link,200,200,,200,200,,CONTENT_DIFF,,,,
/2011/talk/47@lang=en,repo,404,404,,200,200,,OLD_NOT_OK_NEW_OK,,,,
/2011/talk/47@lang=en.html,hint+repo,404,404,,200,200,,OLD_NOT_OK_NEW_OK,,,,
/2011/talk/47@lang=en.html?lang=ja,new-link,404,404,,200,200,,OLD_NOT_OK_NEW_OK,,,,
/2011/talk/47@lang=en?lang=ja,new-link,404,404,,200,200,,OLD_NOT_OK_NEW_OK,,,,
/2011/talk/48,hint+repo+wayback-cdx,200,200,,200,200,,CONTENT_DIFF,20111016,20221205,6,
/2011/talk/48.html,hint+repo+wayback-cdx,200,200,,200,200,,CONTENT_DIFF,20130729,20231209,5,
/2011/talk/48.html?lang=en,hint+repo,200,200,,200,200,,CONTENT_DIFF,,,,
/2011/talk/48.html?lang=ja,new-link,200,200,,200,200,,CONTENT_DIFF,,,,
/2011/talk/48.html@lang=en,repo,404,404,,200,200,,OLD_NOT_OK_NEW_OK,,,,
/2011/talk/48.html@lang=en.html,hint+repo,404,404,,200,200,,OLD_NOT_OK_NEW_OK,,,,
/2011/talk/48.html@lang=en.html?lang=ja,new-link,404,404,,200,200,,OLD_NOT_OK_NEW_OK,,,,
/2011/talk/48.html@lang=en?lang=ja,new-link,404,404,,200,200,,OLD_NOT_OK_NEW_OK,,,,
/2011/talk/48?lang=en,hint+repo,200,200,,200,200,,CONTENT_DIFF,,,,
/2011/talk/48?lang=ja,new-link,200,200,,200,200,,CONTENT_DIFF,,,,
/2011/talk/48@lang=en,repo,404,404,,200,200,,OLD_NOT_OK_NEW_OK,,,,
/2011/talk/48@lang=en.html,hint+repo,404,404,,200,200,,OLD_NOT_OK_NEW_OK,,,,
/2011/talk/48@lang=en.html?lang=ja,new-link,404,404,,200,200,,OLD_NOT_OK_NEW_OK,,,,
/2011/talk/48@lang=en?lang=ja,new-link,404,404,,200,200,,OLD_NOT_OK_NEW_OK,,,,
/2011/talk/49,hint+repo+wayback-cdx,200,200,,200,200,,CONTENT_DIFF,20111016,20260106,9,
/2011/talk/49.html,hint+repo+wayback-cdx,200,200,,200,200,,CONTENT_DIFF,20130729,20231209,5,
/2011/talk/49.html?lang=en,hint+repo,200,200,,200,200,,CONTENT_DIFF,,,,
/2011/talk/49.html?lang=ja,new-link,200,200,,200,200,,CONTENT_DIFF,,,,
/2011/talk/49.html@lang=en,repo,404,404,,200,200,,OLD_NOT_OK_NEW_OK,,,,
/2011/talk/49.html@lang=en.html,hint+repo,404,404,,200,200,,OLD_NOT_OK_NEW_OK,,,,
/2011/talk/49.html@lang=en.html?lang=ja,new-link,404,404,,200,200,,OLD_NOT_OK_NEW_OK,,,,
/2011/talk/49.html@lang=en?lang=ja,new-link,404,404,,200,200,,OLD_NOT_OK_NEW_OK,,,,
/2011/talk/49?lang=en,hint+repo+wayback-cdx,200,200,,200,200,,CONTENT_DIFF,20150914,20150914,1,
/2011/talk/49?lang=ja,new-link,200,200,,200,200,,CONTENT_DIFF,,,,
/2011/talk/49@lang=en,repo,404,404,,200,200,,OLD_NOT_OK_NEW_OK,,,,
/2011/talk/49@lang=en.html,hint+repo,404,404,,200,200,,OLD_NOT_OK_NEW_OK,,,,
/2011/talk/49@lang=en.html?lang=ja,new-link,404,404,,200,200,,OLD_NOT_OK_NEW_OK,,,,
/2011/talk/49@lang=en?lang=ja,new-link,404,404,,200,200,,OLD_NOT_OK_NEW_OK,,,,
/2011/talk/50,hint+repo+wayback-cdx,200,200,,200,200,,CONTENT_DIFF,20120214,20221205,5,
/2011/talk/50.html,hint+repo+wayback-cdx,200,200,,200,200,,CONTENT_DIFF,20130729,20230923,5,
/2011/talk/50.html?lang=en,hint+repo,200,200,,200,200,,CONTENT_DIFF,,,,
/2011/talk/50.html?lang=ja,new-link,200,200,,200,200,,CONTENT_DIFF,,,,
/2011/talk/50.html@lang=en,repo,404,404,,200,200,,OLD_NOT_OK_NEW_OK,,,,
/2011/talk/50.html@lang=en.html,hint+repo,404,404,,200,200,,OLD_NOT_OK_NEW_OK,,,,
/2011/talk/50.html@lang=en.html?lang=ja,new-link,404,404,,200,200,,OLD_NOT_OK_NEW_OK,,,,
/2011/talk/50.html@lang=en?lang=ja,new-link,404,404,,200,200,,OLD_NOT_OK_NEW_OK,,,,
/2011/talk/50?lang=en,hint+repo,200,200,,200,200,,CONTENT_DIFF,,,,
/2011/talk/50?lang=ja,new-link,200,200,,200,200,,CONTENT_DIFF,,,,
/2011/talk/50@lang=en,repo,404,404,,200,200,,OLD_NOT_OK_NEW_OK,,,,
/2011/talk/50@lang=en.html,hint+repo+wayback-cdx,404,404,,200,200,,OLD_NOT_OK_NEW_OK,20231208,20231208,1,
/2011/talk/50@lang=en.html?lang=ja,new-link,404,404,,200,200,,OLD_NOT_OK_NEW_OK,,,,
/2011/talk/50@lang=en?lang=ja,new-link,404,404,,200,200,,OLD_NOT_OK_NEW_OK,,,,
/2011/talk/51,hint+repo+wayback-cdx,200,200,,200,200,,CONTENT_DIFF,20111016,20221206,4,
/2011/talk/51.html,hint+repo+wayback-cdx,200,200,,200,200,,CONTENT_DIFF,20130729,20231209,4,
/2011/talk/51.html?lang=en,hint+repo,200,200,,200,200,,CONTENT_DIFF,,,,
/2011/talk/51.html?lang=ja,new-link,200,200,,200,200,,CONTENT_DIFF,,,,
/2011/talk/51.html@lang=en,repo,404,404,,200,200,,OLD_NOT_OK_NEW_OK,,,,
/2011/talk/51.html@lang=en.html,hint+repo,404,404,,200,200,,OLD_NOT_OK_NEW_OK,,,,
/2011/talk/51.html@lang=en.html?lang=ja,new-link,404,404,,200,200,,OLD_NOT_OK_NEW_OK,,,,
/2011/talk/51.html@lang=en?lang=ja,new-link,404,404,,200,200,,OLD_NOT_OK_NEW_OK,,,,
/2011/talk/51?lang=en,hint+repo,200,200,,200,200,,CONTENT_DIFF,,,,
/2011/talk/51?lang=ja,new-link,200,200,,200,200,,CONTENT_DIFF,,,,
/2011/talk/51@lang=en,repo,404,404,,200,200,,OLD_NOT_OK_NEW_OK,,,,
/2011/talk/51@lang=en.html,hint+repo,404,404,,200,200,,OLD_NOT_OK_NEW_OK,,,,
/2011/talk/51@lang=en.html?lang=ja,new-link,404,404,,200,200,,OLD_NOT_OK_NEW_OK,,,,
/2011/talk/51@lang=en?lang=ja,new-link,404,404,,200,200,,OLD_NOT_OK_NEW_OK,,,,
/2011/talk/52,hint+repo+wayback-cdx,200,200,,200,200,,CONTENT_DIFF,20111016,20241005,5,
/2011/talk/52.html,hint+repo+wayback-cdx,200,200,,200,200,,CONTENT_DIFF,20130729,20231209,5,
/2011/talk/52.html?lang=en,hint+repo,200,200,,200,200,,CONTENT_DIFF,,,,
/2011/talk/52.html?lang=ja,new-link,200,200,,200,200,,CONTENT_DIFF,,,,
/2011/talk/52.html@lang=en,repo,404,404,,200,200,,OLD_NOT_OK_NEW_OK,,,,
/2011/talk/52.html@lang=en.html,hint+repo,404,404,,200,200,,OLD_NOT_OK_NEW_OK,,,,
/2011/talk/52.html@lang=en.html?lang=ja,new-link,404,404,,200,200,,OLD_NOT_OK_NEW_OK,,,,
/2011/talk/52.html@lang=en?lang=ja,new-link,404,404,,200,200,,OLD_NOT_OK_NEW_OK,,,,
/2011/talk/52?lang=en,hint+repo,200,200,,200,200,,CONTENT_DIFF,,,,
/2011/talk/52?lang=ja,new-link,200,200,,200,200,,CONTENT_DIFF,,,,
/2011/talk/52@lang=en,repo,404,404,,200,200,,OLD_NOT_OK_NEW_OK,,,,
/2011/talk/52@lang=en.html,hint+repo,404,404,,200,200,,OLD_NOT_OK_NEW_OK,,,,
/2011/talk/52@lang=en.html?lang=ja,new-link,404,404,,200,200,,OLD_NOT_OK_NEW_OK,,,,
/2011/talk/52@lang=en?lang=ja,new-link,404,404,,200,200,,OLD_NOT_OK_NEW_OK,,,,
/2011/talk/53,hint+repo+wayback-cdx,200,200,,200,200,,CONTENT_DIFF,20111017,20221205,6,
/2011/talk/53.html,hint+repo+wayback-cdx,200,200,,200,200,,CONTENT_DIFF,20130729,20231209,5,
/2011/talk/53.html?lang=en,hint+repo,200,200,,200,200,,CONTENT_DIFF,,,,
/2011/talk/53.html?lang=ja,new-link,200,200,,200,200,,CONTENT_DIFF,,,,
/2011/talk/53.html@lang=en,repo,404,404,,200,200,,OLD_NOT_OK_NEW_OK,,,,
/2011/talk/53.html@lang=en.html,hint+repo,404,404,,200,200,,OLD_NOT_OK_NEW_OK,,,,
/2011/talk/53.html@lang=en.html?lang=ja,new-link,404,404,,200,200,,OLD_NOT_OK_NEW_OK,,,,
/2011/talk/53.html@lang=en?lang=ja,new-link,404,404,,200,200,,OLD_NOT_OK_NEW_OK,,,,
/2011/talk/53?lang=en,hint+repo,200,200,,200,200,,CONTENT_DIFF,,,,
/2011/talk/53?lang=ja,new-link,200,200,,200,200,,CONTENT_DIFF,,,,
/2011/talk/53@lang=en,repo,404,404,,200,200,,OLD_NOT_OK_NEW_OK,,,,
/2011/talk/53@lang=en.html,hint+repo,404,404,,200,200,,OLD_NOT_OK_NEW_OK,,,,
/2011/talk/53@lang=en.html?lang=ja,new-link,404,404,,200,200,,OLD_NOT_OK_NEW_OK,,,,
/2011/talk/53@lang=en?lang=ja,new-link,404,404,,200,200,,OLD_NOT_OK_NEW_OK,,,,
/2011/talk/55,hint+repo+wayback-cdx,200,200,,200,200,,CONTENT_DIFF,20111019,20240618,10,
/2011/talk/55.html,hint+repo+wayback-cdx,200,200,,200,200,,CONTENT_DIFF,20130405,20241005,8,
/2011/talk/55.html?lang=en,hint+repo,200,200,,200,200,,CONTENT_DIFF,,,,
/2011/talk/55.html?lang=ja,new-link,200,200,,200,200,,CONTENT_DIFF,,,,
/2011/talk/55.html@lang=en,repo,404,404,,200,200,,OLD_NOT_OK_NEW_OK,,,,
/2011/talk/55.html@lang=en.html,hint+repo,404,404,,200,200,,OLD_NOT_OK_NEW_OK,,,,
/2011/talk/55.html@lang=en.html?lang=ja,new-link,404,404,,200,200,,OLD_NOT_OK_NEW_OK,,,,
/2011/talk/55.html@lang=en?lang=ja,new-link,404,404,,200,200,,OLD_NOT_OK_NEW_OK,,,,
/2011/talk/55?lang=en,hint+repo,200,200,,200,200,,CONTENT_DIFF,,,,
/2011/talk/55?lang=ja,new-link,200,200,,200,200,,CONTENT_DIFF,,,,
/2011/talk/55@lang=en,repo,404,404,,200,200,,OLD_NOT_OK_NEW_OK,,,,
/2011/talk/55@lang=en.html,hint+repo,404,404,,200,200,,OLD_NOT_OK_NEW_OK,,,,
/2011/talk/55@lang=en.html?lang=ja,new-link,404,404,,200,200,,OLD_NOT_OK_NEW_OK,,,,
/2011/talk/55@lang=en?lang=ja,new-link,404,404,,200,200,,OLD_NOT_OK_NEW_OK,,,,
/2011/talk/56,hint+repo+wayback-cdx,200,200,,200,200,,CONTENT_DIFF,20110923,20231201,13,
/2011/talk/56.html,hint+repo+wayback-cdx,200,200,,200,200,,CONTENT_DIFF,20130729,20231209,5,
/2011/talk/56.html?lang=en,hint+repo,200,200,,200,200,,CONTENT_DIFF,,,,
/2011/talk/56.html?lang=ja,new-link,200,200,,200,200,,CONTENT_DIFF,,,,
/2011/talk/56.html@lang=en,repo,404,404,,200,200,,OLD_NOT_OK_NEW_OK,,,,
/2011/talk/56.html@lang=en.html,hint+repo,404,404,,200,200,,OLD_NOT_OK_NEW_OK,,,,
/2011/talk/56.html@lang=en.html?lang=ja,new-link,404,404,,200,200,,OLD_NOT_OK_NEW_OK,,,,
/2011/talk/56.html@lang=en?lang=ja,new-link,404,404,,200,200,,OLD_NOT_OK_NEW_OK,,,,
/2011/talk/56?lang=en,hint+repo,200,200,,200,200,,CONTENT_DIFF,,,,
/2011/talk/56?lang=ja,new-link,200,200,,200,200,,CONTENT_DIFF,,,,
/2011/talk/56@lang=en,repo,404,404,,200,200,,OLD_NOT_OK_NEW_OK,,,,
/2011/talk/56@lang=en.html,hint+repo,404,404,,200,200,,OLD_NOT_OK_NEW_OK,,,,
/2011/talk/56@lang=en.html?lang=ja,new-link,404,404,,200,200,,OLD_NOT_OK_NEW_OK,,,,
/2011/talk/56@lang=en?lang=ja,new-link,404,404,,200,200,,OLD_NOT_OK_NEW_OK,,,,
/2011/talk/57,hint+repo+wayback-cdx,200,200,,200,200,,CONTENT_DIFF,20111004,20160812,4,
/2011/talk/57.html,hint+repo+wayback-cdx,200,200,,200,200,,CONTENT_DIFF,20130729,20240223,5,
/2011/talk/57.html?lang=en,hint+repo,200,200,,200,200,,CONTENT_DIFF,,,,
/2011/talk/57.html?lang=ja,new-link,200,200,,200,200,,CONTENT_DIFF,,,,
/2011/talk/57.html@lang=en,repo,404,404,,200,200,,OLD_NOT_OK_NEW_OK,,,,
/2011/talk/57.html@lang=en.html,hint+repo,404,404,,200,200,,OLD_NOT_OK_NEW_OK,,,,
/2011/talk/57.html@lang=en.html?lang=ja,new-link,404,404,,200,200,,OLD_NOT_OK_NEW_OK,,,,
/2011/talk/57.html@lang=en?lang=ja,new-link,404,404,,200,200,,OLD_NOT_OK_NEW_OK,,,,
/2011/talk/57?lang=en,hint+repo,200,200,,200,200,,CONTENT_DIFF,,,,
/2011/talk/57?lang=ja,new-link,200,200,,200,200,,CONTENT_DIFF,,,,
/2011/talk/57@lang=en,repo,404,404,,200,200,,OLD_NOT_OK_NEW_OK,,,,
/2011/talk/57@lang=en.html,hint+repo,404,404,,200,200,,OLD_NOT_OK_NEW_OK,,,,
/2011/talk/57@lang=en.html?lang=ja,new-link,404,404,,200,200,,OLD_NOT_OK_NEW_OK,,,,
/2011/talk/57@lang=en?lang=ja,new-link,404,404,,200,200,,OLD_NOT_OK_NEW_OK,,,,
/2011/talk/58,hint+repo+wayback-cdx,200,200,,200,200,,CONTENT_DIFF,20111004,20221206,5,
/2011/talk/58.html,hint+repo+wayback-cdx,200,200,,200,200,,CONTENT_DIFF,20130729,20260508,6,
/2011/talk/58.html?lang=en,hint+repo,200,200,,200,200,,CONTENT_DIFF,,,,
/2011/talk/58.html?lang=ja,new-link,200,200,,200,200,,CONTENT_DIFF,,,,
/2011/talk/58.html@lang=en,repo,404,404,,200,200,,OLD_NOT_OK_NEW_OK,,,,
/2011/talk/58.html@lang=en.html,hint+repo,404,404,,200,200,,OLD_NOT_OK_NEW_OK,,,,
/2011/talk/58.html@lang=en.html?lang=ja,new-link,404,404,,200,200,,OLD_NOT_OK_NEW_OK,,,,
/2011/talk/58.html@lang=en?lang=ja,new-link,404,404,,200,200,,OLD_NOT_OK_NEW_OK,,,,
/2011/talk/58?lang=en,hint+repo,200,200,,200,200,,CONTENT_DIFF,,,,
/2011/talk/58?lang=ja,new-link,200,200,,200,200,,CONTENT_DIFF,,,,
/2011/talk/58@lang=en,repo,404,404,,200,200,,OLD_NOT_OK_NEW_OK,,,,
/2011/talk/58@lang=en.html,hint+repo,404,404,,200,200,,OLD_NOT_OK_NEW_OK,,,,
/2011/talk/58@lang=en.html?lang=ja,new-link,404,404,,200,200,,OLD_NOT_OK_NEW_OK,,,,
/2011/talk/58@lang=en?lang=ja,new-link,404,404,,200,200,,OLD_NOT_OK_NEW_OK,,,,
/2011/talk/59,hint+repo+wayback-cdx,200,200,,200,200,,CONTENT_DIFF,20111016,20260613,15,
/2011/talk/59.html,hint+repo+wayback-cdx,200,200,,200,200,,CONTENT_DIFF,20130729,20231209,5,
/2011/talk/59.html?lang=en,hint+repo,200,200,,200,200,,CONTENT_DIFF,,,,
/2011/talk/59.html?lang=ja,new-link,200,200,,200,200,,CONTENT_DIFF,,,,
/2011/talk/59.html@lang=en,repo,404,404,,200,200,,OLD_NOT_OK_NEW_OK,,,,
/2011/talk/59.html@lang=en.html,hint+repo,404,404,,200,200,,OLD_NOT_OK_NEW_OK,,,,
/2011/talk/59.html@lang=en.html?lang=ja,new-link,404,404,,200,200,,OLD_NOT_OK_NEW_OK,,,,
/2011/talk/59.html@lang=en?lang=ja,new-link,404,404,,200,200,,OLD_NOT_OK_NEW_OK,,,,
/2011/talk/59?lang=en,hint+repo,200,200,,200,200,,CONTENT_DIFF,,,,
/2011/talk/59?lang=ja,new-link,200,200,,200,200,,CONTENT_DIFF,,,,
/2011/talk/59@lang=en,repo,404,404,,200,200,,OLD_NOT_OK_NEW_OK,,,,
/2011/talk/59@lang=en.html,hint+repo,404,404,,200,200,,OLD_NOT_OK_NEW_OK,,,,
/2011/talk/59@lang=en.html?lang=ja,new-link,404,404,,200,200,,OLD_NOT_OK_NEW_OK,,,,
/2011/talk/59@lang=en?lang=ja,new-link,404,404,,200,200,,OLD_NOT_OK_NEW_OK,,,,
/2011/talk/60,hint+repo+wayback-cdx,200,200,,200,200,,CONTENT_DIFF,20111016,20221205,6,
/2011/talk/60.html,hint+repo+wayback-cdx,200,200,,200,200,,CONTENT_DIFF,20130729,20240223,6,
/2011/talk/60.html?lang=en,hint+repo,200,200,,200,200,,CONTENT_DIFF,,,,
/2011/talk/60.html?lang=ja,new-link,200,200,,200,200,,CONTENT_DIFF,,,,
/2011/talk/60.html@lang=en,repo,404,404,,200,200,,OLD_NOT_OK_NEW_OK,,,,
/2011/talk/60.html@lang=en.html,hint+repo,404,404,,200,200,,OLD_NOT_OK_NEW_OK,,,,
/2011/talk/60.html@lang=en.html?lang=ja,new-link,404,404,,200,200,,OLD_NOT_OK_NEW_OK,,,,
/2011/talk/60.html@lang=en?lang=ja,new-link,404,404,,200,200,,OLD_NOT_OK_NEW_OK,,,,
/2011/talk/60?lang=en,hint+repo,200,200,,200,200,,CONTENT_DIFF,,,,
/2011/talk/60?lang=ja,new-link,200,200,,200,200,,CONTENT_DIFF,,,,
/2011/talk/60@lang=en,repo,404,404,,200,200,,OLD_NOT_OK_NEW_OK,,,,
/2011/talk/60@lang=en.html,hint+repo+wayback-cdx,404,404,,200,200,,OLD_NOT_OK_NEW_OK,20240413,20240413,1,
/2011/talk/60@lang=en.html?lang=ja,new-link,404,404,,200,200,,OLD_NOT_OK_NEW_OK,,,,
/2011/talk/60@lang=en?lang=ja,new-link,404,404,,200,200,,OLD_NOT_OK_NEW_OK,,,,
/2011/talk/61,hint+repo+wayback-cdx,200,200,,200,200,,CONTENT_DIFF,20111016,20221205,4,
/2011/talk/61.html,hint+repo+wayback-cdx,200,200,,200,200,,CONTENT_DIFF,20130729,20231209,5,
/2011/talk/61.html?lang=en,hint+repo,200,200,,200,200,,CONTENT_DIFF,,,,
/2011/talk/61.html?lang=ja,new-link,200,200,,200,200,,CONTENT_DIFF,,,,
/2011/talk/61.html@lang=en,repo,404,404,,200,200,,OLD_NOT_OK_NEW_OK,,,,
/2011/talk/61.html@lang=en.html,hint+repo,404,404,,200,200,,OLD_NOT_OK_NEW_OK,,,,
/2011/talk/61.html@lang=en.html?lang=ja,new-link,404,404,,200,200,,OLD_NOT_OK_NEW_OK,,,,
/2011/talk/61.html@lang=en?lang=ja,new-link,404,404,,200,200,,OLD_NOT_OK_NEW_OK,,,,
/2011/talk/61?lang=en,hint+repo,200,200,,200,200,,CONTENT_DIFF,,,,
/2011/talk/61?lang=ja,new-link,200,200,,200,200,,CONTENT_DIFF,,,,
/2011/talk/61@lang=en,repo,404,404,,200,200,,OLD_NOT_OK_NEW_OK,,,,
/2011/talk/61@lang=en.html,hint+repo,404,404,,200,200,,OLD_NOT_OK_NEW_OK,,,,
/2011/talk/61@lang=en.html?lang=ja,new-link,404,404,,200,200,,OLD_NOT_OK_NEW_OK,,,,
/2011/talk/61@lang=en?lang=ja,new-link,404,404,,200,200,,OLD_NOT_OK_NEW_OK,,,,
/2011/talk/62,hint+repo+wayback-cdx,200,200,,200,200,,CONTENT_DIFF,20111016,20241204,8,
/2011/talk/62.html,hint+repo+wayback-cdx,200,200,,200,200,,CONTENT_DIFF,20130729,20231209,5,
/2011/talk/62.html?lang=en,hint+repo,200,200,,200,200,,CONTENT_DIFF,,,,
/2011/talk/62.html?lang=ja,new-link,200,200,,200,200,,CONTENT_DIFF,,,,
/2011/talk/62.html@lang=en,repo,404,404,,200,200,,OLD_NOT_OK_NEW_OK,,,,
/2011/talk/62.html@lang=en.html,hint+repo,404,404,,200,200,,OLD_NOT_OK_NEW_OK,,,,
/2011/talk/62.html@lang=en.html?lang=ja,new-link,404,404,,200,200,,OLD_NOT_OK_NEW_OK,,,,
/2011/talk/62.html@lang=en?lang=ja,new-link,404,404,,200,200,,OLD_NOT_OK_NEW_OK,,,,
/2011/talk/62?lang=en,hint+repo,200,200,,200,200,,CONTENT_DIFF,,,,
/2011/talk/62?lang=ja,new-link,200,200,,200,200,,CONTENT_DIFF,,,,
/2011/talk/62@lang=en,repo,404,404,,200,200,,OLD_NOT_OK_NEW_OK,,,,
/2011/talk/62@lang=en.html,hint+repo,404,404,,200,200,,OLD_NOT_OK_NEW_OK,,,,
/2011/talk/62@lang=en.html?lang=ja,new-link,404,404,,200,200,,OLD_NOT_OK_NEW_OK,,,,
/2011/talk/62@lang=en?lang=ja,new-link,404,404,,200,200,,OLD_NOT_OK_NEW_OK,,,,
/2011/talk/63,hint+repo+wayback-cdx,200,200,,200,200,,CONTENT_DIFF,20111016,20250116,6,
/2011/talk/63.html,hint+repo+wayback-cdx,200,200,,200,200,,CONTENT_DIFF,20130729,20231209,5,
/2011/talk/63.html?lang=en,hint+repo,200,200,,200,200,,CONTENT_DIFF,,,,
/2011/talk/63.html?lang=ja,new-link,200,200,,200,200,,CONTENT_DIFF,,,,
/2011/talk/63.html@lang=en,repo,404,404,,200,200,,OLD_NOT_OK_NEW_OK,,,,
/2011/talk/63.html@lang=en.html,hint+repo,404,404,,200,200,,OLD_NOT_OK_NEW_OK,,,,
/2011/talk/63.html@lang=en.html?lang=ja,new-link,404,404,,200,200,,OLD_NOT_OK_NEW_OK,,,,
/2011/talk/63.html@lang=en?lang=ja,new-link,404,404,,200,200,,OLD_NOT_OK_NEW_OK,,,,
/2011/talk/63?lang=en,hint+repo,200,200,,200,200,,CONTENT_DIFF,,,,
/2011/talk/63?lang=ja,new-link,200,200,,200,200,,CONTENT_DIFF,,,,
/2011/talk/63@lang=en,repo,404,404,,200,200,,OLD_NOT_OK_NEW_OK,,,,
/2011/talk/63@lang=en.html,hint+repo,404,404,,200,200,,OLD_NOT_OK_NEW_OK,,,,
/2011/talk/63@lang=en.html?lang=ja,new-link,404,404,,200,200,,OLD_NOT_OK_NEW_OK,,,,
/2011/talk/63@lang=en?lang=ja,new-link,404,404,,200,200,,OLD_NOT_OK_NEW_OK,,,,
/2011/talk/64,hint+repo+wayback-cdx,200,200,,200,200,,CONTENT_DIFF,20111016,20221206,5,
/2011/talk/64.html,hint+repo+wayback-cdx,200,200,,200,200,,CONTENT_DIFF,20130729,20241005,6,
/2011/talk/64.html?lang=en,hint+repo,200,200,,200,200,,CONTENT_DIFF,,,,
/2011/talk/64.html?lang=ja,new-link,200,200,,200,200,,CONTENT_DIFF,,,,
/2011/talk/64.html@lang=en,repo,404,404,,200,200,,OLD_NOT_OK_NEW_OK,,,,
/2011/talk/64.html@lang=en.html,hint+repo,404,404,,200,200,,OLD_NOT_OK_NEW_OK,,,,
/2011/talk/64.html@lang=en.html?lang=ja,new-link,404,404,,200,200,,OLD_NOT_OK_NEW_OK,,,,
/2011/talk/64.html@lang=en?lang=ja,new-link,404,404,,200,200,,OLD_NOT_OK_NEW_OK,,,,
/2011/talk/64?lang=en,hint+repo,200,200,,200,200,,CONTENT_DIFF,,,,
/2011/talk/64?lang=ja,new-link,200,200,,200,200,,CONTENT_DIFF,,,,
/2011/talk/64@lang=en,repo,404,404,,200,200,,OLD_NOT_OK_NEW_OK,,,,
/2011/talk/64@lang=en.html,hint+repo+wayback-cdx,404,404,,200,200,,OLD_NOT_OK_NEW_OK,20240223,20240223,1,
/2011/talk/64@lang=en.html?lang=ja,new-link,404,404,,200,200,,OLD_NOT_OK_NEW_OK,,,,
/2011/talk/64@lang=en?lang=ja,new-link,404,404,,200,200,,OLD_NOT_OK_NEW_OK,,,,
/2011/talk/65,hint+repo+wayback-cdx,200,200,,200,200,,CONTENT_DIFF,20111016,20260515,10,
/2011/talk/65.html,hint+repo+wayback-cdx,200,200,,200,200,,CONTENT_DIFF,20130729,20231209,5,
/2011/talk/65.html?lang=en,hint+repo,200,200,,200,200,,CONTENT_DIFF,,,,
/2011/talk/65.html?lang=ja,new-link,200,200,,200,200,,CONTENT_DIFF,,,,
/2011/talk/65.html@lang=en,repo,404,404,,200,200,,OLD_NOT_OK_NEW_OK,,,,
/2011/talk/65.html@lang=en.html,hint+repo,404,404,,200,200,,OLD_NOT_OK_NEW_OK,,,,
/2011/talk/65.html@lang=en.html?lang=ja,new-link,404,404,,200,200,,OLD_NOT_OK_NEW_OK,,,,
/2011/talk/65.html@lang=en?lang=ja,new-link,404,404,,200,200,,OLD_NOT_OK_NEW_OK,,,,
/2011/talk/65?lang=en,hint+repo,200,200,,200,200,,CONTENT_DIFF,,,,
/2011/talk/65?lang=ja,new-link,200,200,,200,200,,CONTENT_DIFF,,,,
/2011/talk/65@lang=en,repo,404,404,,200,200,,OLD_NOT_OK_NEW_OK,,,,
/2011/talk/65@lang=en.html,hint+repo,404,404,,200,200,,OLD_NOT_OK_NEW_OK,,,,
/2011/talk/65@lang=en.html?lang=ja,new-link,404,404,,200,200,,OLD_NOT_OK_NEW_OK,,,,
/2011/talk/65@lang=en?lang=ja,new-link,404,404,,200,200,,OLD_NOT_OK_NEW_OK,,,,
/2011/talk/66,hint+repo+wayback-cdx,200,200,,200,200,,CONTENT_DIFF,20110926,20250218,10,
/2011/talk/66.html,hint+repo+wayback-cdx,200,200,,200,200,,CONTENT_DIFF,20130729,20231209,5,
/2011/talk/66.html?lang=en,hint+repo,200,200,,200,200,,CONTENT_DIFF,,,,
/2011/talk/66.html?lang=ja,new-link,200,200,,200,200,,CONTENT_DIFF,,,,
/2011/talk/66.html@lang=en,repo,404,404,,200,200,,OLD_NOT_OK_NEW_OK,,,,
/2011/talk/66.html@lang=en.html,hint+repo,404,404,,200,200,,OLD_NOT_OK_NEW_OK,,,,
/2011/talk/66.html@lang=en.html?lang=ja,new-link,404,404,,200,200,,OLD_NOT_OK_NEW_OK,,,,
/2011/talk/66.html@lang=en?lang=ja,new-link,404,404,,200,200,,OLD_NOT_OK_NEW_OK,,,,
/2011/talk/66?lang=en,hint+repo,200,200,,200,200,,CONTENT_DIFF,,,,
/2011/talk/66?lang=ja,new-link,200,200,,200,200,,CONTENT_DIFF,,,,
/2011/talk/66?utm_source=twitterfeed&utm_medium=twitter,wayback-cdx,200,200,,200,200,,CONTENT_DIFF,20230314,20230314,1,
/2011/talk/66@lang=en,repo,404,404,,200,200,,OLD_NOT_OK_NEW_OK,,,,
/2011/talk/66@lang=en.html,hint+repo,404,404,,200,200,,OLD_NOT_OK_NEW_OK,,,,
/2011/talk/66@lang=en.html?lang=ja,new-link,404,404,,200,200,,OLD_NOT_OK_NEW_OK,,,,
/2011/talk/66@lang=en?lang=ja,new-link,404,404,,200,200,,OLD_NOT_OK_NEW_OK,,,,
/2011/talk/68,hint+repo+wayback-cdx,200,200,,200,200,,CONTENT_DIFF,20111016,20260613,13,
/2011/talk/68.html,hint+repo+wayback-cdx,200,200,,200,200,,CONTENT_DIFF,20130729,20231209,5,
/2011/talk/68.html?lang=en,hint+repo,200,200,,200,200,,CONTENT_DIFF,,,,
/2011/talk/68.html?lang=ja,new-link,200,200,,200,200,,CONTENT_DIFF,,,,
/2011/talk/68.html@lang=en,repo,404,404,,200,200,,OLD_NOT_OK_NEW_OK,,,,
/2011/talk/68.html@lang=en.html,hint+repo,404,404,,200,200,,OLD_NOT_OK_NEW_OK,,,,
/2011/talk/68.html@lang=en.html?lang=ja,new-link,404,404,,200,200,,OLD_NOT_OK_NEW_OK,,,,
/2011/talk/68.html@lang=en?lang=ja,new-link,404,404,,200,200,,OLD_NOT_OK_NEW_OK,,,,
/2011/talk/68?lang=en,hint+repo,200,200,,200,200,,CONTENT_DIFF,,,,
/2011/talk/68?lang=ja,new-link,200,200,,200,200,,CONTENT_DIFF,,,,
/2011/talk/68@lang=en,repo,404,404,,200,200,,OLD_NOT_OK_NEW_OK,,,,
/2011/talk/68@lang=en.html,hint+repo,404,404,,200,200,,OLD_NOT_OK_NEW_OK,,,,
/2011/talk/68@lang=en.html?lang=ja,new-link,404,404,,200,200,,OLD_NOT_OK_NEW_OK,,,,
/2011/talk/68@lang=en?lang=ja,new-link,404,404,,200,200,,OLD_NOT_OK_NEW_OK,,,,
/2011/talk/70,hint+repo+wayback-cdx,200,200,,200,200,,CONTENT_DIFF,20130730,20250218,6,
/2011/talk/70.html,hint+repo+wayback-cdx,200,200,,200,200,,CONTENT_DIFF,20130729,20241005,6,
/2011/talk/70.html?lang=en,hint+repo,200,200,,200,200,,CONTENT_DIFF,,,,
/2011/talk/70.html?lang=ja,new-link,200,200,,200,200,,CONTENT_DIFF,,,,
/2011/talk/70.html@lang=en,repo,404,404,,200,200,,OLD_NOT_OK_NEW_OK,,,,
/2011/talk/70.html@lang=en.html,hint+repo,404,404,,200,200,,OLD_NOT_OK_NEW_OK,,,,
/2011/talk/70.html@lang=en.html?lang=ja,new-link,404,404,,200,200,,OLD_NOT_OK_NEW_OK,,,,
/2011/talk/70.html@lang=en?lang=ja,new-link,404,404,,200,200,,OLD_NOT_OK_NEW_OK,,,,
/2011/talk/70?lang=en,hint+repo,200,200,,200,200,,CONTENT_DIFF,,,,
/2011/talk/70?lang=ja,new-link,200,200,,200,200,,CONTENT_DIFF,,,,
/2011/talk/70@lang=en,repo,404,404,,200,200,,OLD_NOT_OK_NEW_OK,,,,
/2011/talk/70@lang=en.html,hint+repo+wayback-cdx,404,404,,200,200,,OLD_NOT_OK_NEW_OK,20240223,20240223,1,
/2011/talk/70@lang=en.html?lang=ja,new-link,404,404,,200,200,,OLD_NOT_OK_NEW_OK,,,,
/2011/talk/70@lang=en?lang=ja,new-link,404,404,,200,200,,OLD_NOT_OK_NEW_OK,,,,
/2011/talk/71,hint+repo+wayback-cdx,200,200,,200,200,,CONTENT_DIFF,20111017,20260613,11,
/2011/talk/71.html,hint+repo+wayback-cdx,200,200,,200,200,,CONTENT_DIFF,20130729,20231209,5,
/2011/talk/71.html?lang=en,hint+repo,200,200,,200,200,,CONTENT_DIFF,,,,
/2011/talk/71.html?lang=ja,new-link,200,200,,200,200,,CONTENT_DIFF,,,,
/2011/talk/71.html@lang=en,repo,404,404,,200,200,,OLD_NOT_OK_NEW_OK,,,,
/2011/talk/71.html@lang=en.html,hint+repo,404,404,,200,200,,OLD_NOT_OK_NEW_OK,,,,
/2011/talk/71.html@lang=en.html?lang=ja,new-link,404,404,,200,200,,OLD_NOT_OK_NEW_OK,,,,
/2011/talk/71.html@lang=en?lang=ja,new-link,404,404,,200,200,,OLD_NOT_OK_NEW_OK,,,,
/2011/talk/71?lang=en,hint+repo,200,200,,200,200,,CONTENT_DIFF,,,,
/2011/talk/71?lang=ja,new-link,200,200,,200,200,,CONTENT_DIFF,,,,
/2011/talk/71@lang=en,repo,404,404,,200,200,,OLD_NOT_OK_NEW_OK,,,,
/2011/talk/71@lang=en.html,hint+repo,404,404,,200,200,,OLD_NOT_OK_NEW_OK,,,,
/2011/talk/71@lang=en.html?lang=ja,new-link,404,404,,200,200,,OLD_NOT_OK_NEW_OK,,,,
/2011/talk/71@lang=en?lang=ja,new-link,404,404,,200,200,,OLD_NOT_OK_NEW_OK,,,,
/2011/talk/73,hint+repo+wayback-cdx,200,200,,200,200,,CONTENT_DIFF,20111016,20221204,5,
/2011/talk/73.html,hint+repo+wayback-cdx,200,200,,200,200,,CONTENT_DIFF,20130729,20231209,6,
/2011/talk/73.html?lang=en,hint+repo,200,200,,200,200,,CONTENT_DIFF,,,,
/2011/talk/73.html?lang=ja,new-link,200,200,,200,200,,CONTENT_DIFF,,,,
/2011/talk/73.html@lang=en,repo,404,404,,200,200,,OLD_NOT_OK_NEW_OK,,,,
/2011/talk/73.html@lang=en.html,hint+repo,404,404,,200,200,,OLD_NOT_OK_NEW_OK,,,,
/2011/talk/73.html@lang=en.html?lang=ja,new-link,404,404,,200,200,,OLD_NOT_OK_NEW_OK,,,,
/2011/talk/73.html@lang=en?lang=ja,new-link,404,404,,200,200,,OLD_NOT_OK_NEW_OK,,,,
/2011/talk/73?lang=en,hint+repo,200,200,,200,200,,CONTENT_DIFF,,,,
/2011/talk/73?lang=ja,new-link,200,200,,200,200,,CONTENT_DIFF,,,,
/2011/talk/73@lang=en,repo,404,404,,200,200,,OLD_NOT_OK_NEW_OK,,,,
/2011/talk/73@lang=en.html,hint+repo,404,404,,200,200,,OLD_NOT_OK_NEW_OK,,,,
/2011/talk/73@lang=en.html?lang=ja,new-link,404,404,,200,200,,OLD_NOT_OK_NEW_OK,,,,
/2011/talk/73@lang=en?lang=ja,new-link,404,404,,200,200,,OLD_NOT_OK_NEW_OK,,,,
/2011/talk/75,hint+repo+wayback-cdx,200,200,,200,200,,CONTENT_DIFF,20111016,20250321,11,
/2011/talk/75.html,hint+repo+wayback-cdx,200,200,,200,200,,CONTENT_DIFF,20130729,20231209,5,
/2011/talk/75.html?lang=en,hint+repo,200,200,,200,200,,CONTENT_DIFF,,,,
/2011/talk/75.html?lang=ja,new-link,200,200,,200,200,,CONTENT_DIFF,,,,
/2011/talk/75.html@lang=en,repo,404,404,,200,200,,OLD_NOT_OK_NEW_OK,,,,
/2011/talk/75.html@lang=en.html,hint+repo,404,404,,200,200,,OLD_NOT_OK_NEW_OK,,,,
/2011/talk/75.html@lang=en.html?lang=ja,new-link,404,404,,200,200,,OLD_NOT_OK_NEW_OK,,,,
/2011/talk/75.html@lang=en?lang=ja,new-link,404,404,,200,200,,OLD_NOT_OK_NEW_OK,,,,
/2011/talk/75?lang=en,hint+repo,200,200,,200,200,,CONTENT_DIFF,,,,
/2011/talk/75?lang=ja,new-link,200,200,,200,200,,CONTENT_DIFF,,,,
/2011/talk/75@lang=en,repo,404,404,,200,200,,OLD_NOT_OK_NEW_OK,,,,
/2011/talk/75@lang=en.html,hint+repo,404,404,,200,200,,OLD_NOT_OK_NEW_OK,,,,
/2011/talk/75@lang=en.html?lang=ja,new-link,404,404,,200,200,,OLD_NOT_OK_NEW_OK,,,,
/2011/talk/75@lang=en?lang=ja,new-link,404,404,,200,200,,OLD_NOT_OK_NEW_OK,,,,
/2011/talk/76,hint+repo+wayback-cdx,200,200,,200,200,,CONTENT_DIFF,20111018,20250321,12,
/2011/talk/76.html,hint+repo+wayback-cdx,200,200,,200,200,,CONTENT_DIFF,20130729,20231209,5,
/2011/talk/76.html?lang=en,hint+repo,200,200,,200,200,,CONTENT_DIFF,,,,
/2011/talk/76.html?lang=ja,new-link,200,200,,200,200,,CONTENT_DIFF,,,,
/2011/talk/76.html@lang=en,repo,404,404,,200,200,,OLD_NOT_OK_NEW_OK,,,,
/2011/talk/76.html@lang=en.html,hint+repo,404,404,,200,200,,OLD_NOT_OK_NEW_OK,,,,
/2011/talk/76.html@lang=en.html?lang=ja,new-link,404,404,,200,200,,OLD_NOT_OK_NEW_OK,,,,
/2011/talk/76.html@lang=en?lang=ja,new-link,404,404,,200,200,,OLD_NOT_OK_NEW_OK,,,,
/2011/talk/76?lang=en,hint+repo,200,200,,200,200,,CONTENT_DIFF,,,,
/2011/talk/76?lang=ja,new-link,200,200,,200,200,,CONTENT_DIFF,,,,
/2011/talk/76@lang=en,repo,404,404,,200,200,,OLD_NOT_OK_NEW_OK,,,,
/2011/talk/76@lang=en.html,hint+repo+wayback-cdx,404,404,,200,200,,OLD_NOT_OK_NEW_OK,20231208,20231208,1,
/2011/talk/76@lang=en.html?lang=ja,new-link,404,404,,200,200,,OLD_NOT_OK_NEW_OK,,,,
/2011/talk/76@lang=en?lang=ja,new-link,404,404,,200,200,,OLD_NOT_OK_NEW_OK,,,,
/2011/talk/77,hint+repo+wayback-cdx,200,200,,200,200,,CONTENT_DIFF,20111016,20250116,8,
/2011/talk/77.html,hint+repo+wayback-cdx,200,200,,200,200,,CONTENT_DIFF,20130729,20231209,5,
/2011/talk/77.html?lang=en,hint+repo,200,200,,200,200,,CONTENT_DIFF,,,,
/2011/talk/77.html?lang=ja,new-link,200,200,,200,200,,CONTENT_DIFF,,,,
/2011/talk/77.html@lang=en,repo,404,404,,200,200,,OLD_NOT_OK_NEW_OK,,,,
/2011/talk/77.html@lang=en.html,hint+repo,404,404,,200,200,,OLD_NOT_OK_NEW_OK,,,,
/2011/talk/77.html@lang=en.html?lang=ja,new-link,404,404,,200,200,,OLD_NOT_OK_NEW_OK,,,,
/2011/talk/77.html@lang=en?lang=ja,new-link,404,404,,200,200,,OLD_NOT_OK_NEW_OK,,,,
/2011/talk/77?lang=en,hint+repo,200,200,,200,200,,CONTENT_DIFF,,,,
/2011/talk/77?lang=ja,new-link,200,200,,200,200,,CONTENT_DIFF,,,,
/2011/talk/77@lang=en,repo,404,404,,200,200,,OLD_NOT_OK_NEW_OK,,,,
/2011/talk/77@lang=en.html,hint+repo,404,404,,200,200,,OLD_NOT_OK_NEW_OK,,,,
/2011/talk/77@lang=en.html?lang=ja,new-link,404,404,,200,200,,OLD_NOT_OK_NEW_OK,,,,
/2011/talk/77@lang=en?lang=ja,new-link,404,404,,200,200,,OLD_NOT_OK_NEW_OK,,,,
/2011/talk/80,hint+repo+wayback-cdx,200,200,,200,200,,CONTENT_DIFF,20111016,20240706,5,
/2011/talk/80.html,hint+repo+wayback-cdx,200,200,,200,200,,CONTENT_DIFF,20130729,20231209,5,
/2011/talk/80.html?lang=en,hint+repo,200,200,,200,200,,CONTENT_DIFF,,,,
/2011/talk/80.html?lang=ja,new-link,200,200,,200,200,,CONTENT_DIFF,,,,
/2011/talk/80.html@lang=en,repo,404,404,,200,200,,OLD_NOT_OK_NEW_OK,,,,
/2011/talk/80.html@lang=en.html,hint+repo,404,404,,200,200,,OLD_NOT_OK_NEW_OK,,,,
/2011/talk/80.html@lang=en.html?lang=ja,new-link,404,404,,200,200,,OLD_NOT_OK_NEW_OK,,,,
/2011/talk/80.html@lang=en?lang=ja,new-link,404,404,,200,200,,OLD_NOT_OK_NEW_OK,,,,
/2011/talk/80?lang=en,hint+repo,200,200,,200,200,,CONTENT_DIFF,,,,
/2011/talk/80?lang=ja,new-link,200,200,,200,200,,CONTENT_DIFF,,,,
/2011/talk/80@lang=en,repo,404,404,,200,200,,OLD_NOT_OK_NEW_OK,,,,
/2011/talk/80@lang=en.html,hint+repo,404,404,,200,200,,OLD_NOT_OK_NEW_OK,,,,
/2011/talk/80@lang=en.html?lang=ja,new-link,404,404,,200,200,,OLD_NOT_OK_NEW_OK,,,,
/2011/talk/80@lang=en?lang=ja,new-link,404,404,,200,200,,OLD_NOT_OK_NEW_OK,,,,
/2011/talk/81,hint+repo+wayback-cdx,200,200,,200,200,,CONTENT_DIFF,20111016,20221205,6,
/2011/talk/81.html,hint+repo+wayback-cdx,200,200,,200,200,,CONTENT_DIFF,20130729,20231209,5,
/2011/talk/81.html?lang=en,hint+repo,200,200,,200,200,,CONTENT_DIFF,,,,
/2011/talk/81.html?lang=ja,new-link,200,200,,200,200,,CONTENT_DIFF,,,,
/2011/talk/81.html@lang=en,repo,404,404,,200,200,,OLD_NOT_OK_NEW_OK,,,,
/2011/talk/81.html@lang=en.html,hint+repo,404,404,,200,200,,OLD_NOT_OK_NEW_OK,,,,
/2011/talk/81.html@lang=en.html?lang=ja,new-link,404,404,,200,200,,OLD_NOT_OK_NEW_OK,,,,
/2011/talk/81.html@lang=en?lang=ja,new-link,404,404,,200,200,,OLD_NOT_OK_NEW_OK,,,,
/2011/talk/81?lang=en,hint+repo,200,200,,200,200,,CONTENT_DIFF,,,,
/2011/talk/81?lang=ja,new-link,200,200,,200,200,,CONTENT_DIFF,,,,
/2011/talk/81@lang=en,repo,404,404,,200,200,,OLD_NOT_OK_NEW_OK,,,,
/2011/talk/81@lang=en.html,hint+repo,404,404,,200,200,,OLD_NOT_OK_NEW_OK,,,,
/2011/talk/81@lang=en.html?lang=ja,new-link,404,404,,200,200,,OLD_NOT_OK_NEW_OK,,,,
/2011/talk/81@lang=en?lang=ja,new-link,404,404,,200,200,,OLD_NOT_OK_NEW_OK,,,,
/2011/talk/82,hint+repo+wayback-cdx,200,200,,200,200,,CONTENT_DIFF,20111017,20251119,11,
/2011/talk/82.html,hint+repo+wayback-cdx,200,200,,200,200,,CONTENT_DIFF,20130729,20231209,5,
/2011/talk/82.html?lang=en,hint+repo,200,200,,200,200,,CONTENT_DIFF,,,,
/2011/talk/82.html?lang=ja,new-link,200,200,,200,200,,CONTENT_DIFF,,,,
/2011/talk/82.html@lang=en,repo,404,404,,200,200,,OLD_NOT_OK_NEW_OK,,,,
/2011/talk/82.html@lang=en.html,hint+repo,404,404,,200,200,,OLD_NOT_OK_NEW_OK,,,,
/2011/talk/82.html@lang=en.html?lang=ja,new-link,404,404,,200,200,,OLD_NOT_OK_NEW_OK,,,,
/2011/talk/82.html@lang=en?lang=ja,new-link,404,404,,200,200,,OLD_NOT_OK_NEW_OK,,,,
/2011/talk/82?lang=en,hint+repo,200,200,,200,200,,CONTENT_DIFF,,,,
/2011/talk/82?lang=ja,new-link,200,200,,200,200,,CONTENT_DIFF,,,,
/2011/talk/82@lang=en,repo,404,404,,200,200,,OLD_NOT_OK_NEW_OK,,,,
/2011/talk/82@lang=en.html,hint+repo+wayback-cdx,404,404,,200,200,,OLD_NOT_OK_NEW_OK,20231208,20231208,1,
/2011/talk/82@lang=en.html?lang=ja,new-link,404,404,,200,200,,OLD_NOT_OK_NEW_OK,,,,
/2011/talk/82@lang=en?lang=ja,new-link,404,404,,200,200,,OLD_NOT_OK_NEW_OK,,,,
/2011/talk/83,hint+repo+wayback-cdx,200,200,,200,200,,CONTENT_DIFF,20111016,20221205,11,
/2011/talk/83.html,hint+repo+wayback-cdx,200,200,,200,200,,CONTENT_DIFF,20130729,20240223,6,
/2011/talk/83.html?lang=en,hint+repo,200,200,,200,200,,CONTENT_DIFF,,,,
/2011/talk/83.html?lang=ja,new-link,200,200,,200,200,,CONTENT_DIFF,,,,
/2011/talk/83.html@lang=en,repo,404,404,,200,200,,OLD_NOT_OK_NEW_OK,,,,
/2011/talk/83.html@lang=en.html,hint+repo,404,404,,200,200,,OLD_NOT_OK_NEW_OK,,,,
/2011/talk/83.html@lang=en.html?lang=ja,new-link,404,404,,200,200,,OLD_NOT_OK_NEW_OK,,,,
/2011/talk/83.html@lang=en?lang=ja,new-link,404,404,,200,200,,OLD_NOT_OK_NEW_OK,,,,
/2011/talk/83?lang=en,hint+repo,200,200,,200,200,,CONTENT_DIFF,,,,
/2011/talk/83?lang=ja,new-link,200,200,,200,200,,CONTENT_DIFF,,,,
/2011/talk/83@lang=en,repo,404,404,,200,200,,OLD_NOT_OK_NEW_OK,,,,
/2011/talk/83@lang=en.html,hint+repo,404,404,,200,200,,OLD_NOT_OK_NEW_OK,,,,
/2011/talk/83@lang=en.html?lang=ja,new-link,404,404,,200,200,,OLD_NOT_OK_NEW_OK,,,,
/2011/talk/83@lang=en?lang=ja,new-link,404,404,,200,200,,OLD_NOT_OK_NEW_OK,,,,
/2011/talk/84,hint+repo+wayback-cdx,200,200,,200,200,,CONTENT_DIFF,20111016,20221205,4,
/2011/talk/84.html,hint+repo+wayback-cdx,200,200,,200,200,,CONTENT_DIFF,20130729,20231209,6,
/2011/talk/84.html?lang=en,hint+repo,200,200,,200,200,,CONTENT_DIFF,,,,
/2011/talk/84.html?lang=ja,new-link,200,200,,200,200,,CONTENT_DIFF,,,,
/2011/talk/84.html@lang=en,repo,404,404,,200,200,,OLD_NOT_OK_NEW_OK,,,,
/2011/talk/84.html@lang=en.html,hint+repo,404,404,,200,200,,OLD_NOT_OK_NEW_OK,,,,
/2011/talk/84.html@lang=en.html?lang=ja,new-link,404,404,,200,200,,OLD_NOT_OK_NEW_OK,,,,
/2011/talk/84.html@lang=en?lang=ja,new-link,404,404,,200,200,,OLD_NOT_OK_NEW_OK,,,,
/2011/talk/84?lang=en,hint+repo,200,200,,200,200,,CONTENT_DIFF,,,,
/2011/talk/84?lang=ja,new-link,200,200,,200,200,,CONTENT_DIFF,,,,
/2011/talk/84@lang=en,repo,404,404,,200,200,,OLD_NOT_OK_NEW_OK,,,,
/2011/talk/84@lang=en.html,hint+repo,404,404,,200,200,,OLD_NOT_OK_NEW_OK,,,,
/2011/talk/84@lang=en.html?lang=ja,new-link,404,404,,200,200,,OLD_NOT_OK_NEW_OK,,,,
/2011/talk/84@lang=en?lang=ja,new-link,404,404,,200,200,,OLD_NOT_OK_NEW_OK,,,,
/2011/talk/85,hint+repo+wayback-cdx,200,200,,200,200,,CONTENT_DIFF,20121129,20221207,4,
/2011/talk/85.html,hint+repo+wayback-cdx,200,200,,200,200,,CONTENT_DIFF,20130729,20231209,5,
/2011/talk/85.html?lang=en,hint+repo,200,200,,200,200,,CONTENT_DIFF,,,,
/2011/talk/85.html?lang=ja,new-link,200,200,,200,200,,CONTENT_DIFF,,,,
/2011/talk/85.html@lang=en,repo,404,404,,200,200,,OLD_NOT_OK_NEW_OK,,,,
/2011/talk/85.html@lang=en.html,hint+repo,404,404,,200,200,,OLD_NOT_OK_NEW_OK,,,,
/2011/talk/85.html@lang=en.html?lang=ja,new-link,404,404,,200,200,,OLD_NOT_OK_NEW_OK,,,,
/2011/talk/85.html@lang=en?lang=ja,new-link,404,404,,200,200,,OLD_NOT_OK_NEW_OK,,,,
/2011/talk/85?lang=en,hint+repo,200,200,,200,200,,CONTENT_DIFF,,,,
/2011/talk/85?lang=ja,new-link,200,200,,200,200,,CONTENT_DIFF,,,,
/2011/talk/85@lang=en,repo,404,404,,200,200,,OLD_NOT_OK_NEW_OK,,,,
/2011/talk/85@lang=en.html,hint+repo,404,404,,200,200,,OLD_NOT_OK_NEW_OK,,,,
/2011/talk/85@lang=en.html?lang=ja,new-link,404,404,,200,200,,OLD_NOT_OK_NEW_OK,,,,
/2011/talk/85@lang=en?lang=ja,new-link,404,404,,200,200,,OLD_NOT_OK_NEW_OK,,,,
/2011/talk/86,hint+repo+wayback-cdx,200,200,,200,200,,CONTENT_DIFF,20111023,20251204,9,
/2011/talk/86.html,hint+repo+wayback-cdx,200,200,,200,200,,CONTENT_DIFF,20130729,20231209,5,
/2011/talk/86.html?lang=en,hint+repo,200,200,,200,200,,CONTENT_DIFF,,,,
/2011/talk/86.html?lang=ja,new-link,200,200,,200,200,,CONTENT_DIFF,,,,
/2011/talk/86.html@lang=en,repo,404,404,,200,200,,OLD_NOT_OK_NEW_OK,,,,
/2011/talk/86.html@lang=en.html,hint+repo,404,404,,200,200,,OLD_NOT_OK_NEW_OK,,,,
/2011/talk/86.html@lang=en.html?lang=ja,new-link,404,404,,200,200,,OLD_NOT_OK_NEW_OK,,,,
/2011/talk/86.html@lang=en?lang=ja,new-link,404,404,,200,200,,OLD_NOT_OK_NEW_OK,,,,
/2011/talk/86?lang=en,hint+repo,200,200,,200,200,,CONTENT_DIFF,,,,
/2011/talk/86?lang=ja,new-link,200,200,,200,200,,CONTENT_DIFF,,,,
/2011/talk/86@lang=en,repo,404,404,,200,200,,OLD_NOT_OK_NEW_OK,,,,
/2011/talk/86@lang=en.html,hint+repo+wayback-cdx,404,404,,200,200,,OLD_NOT_OK_NEW_OK,20260122,20260122,1,
/2011/talk/86@lang=en.html?lang=ja,new-link,404,404,,200,200,,OLD_NOT_OK_NEW_OK,,,,
/2011/talk/86@lang=en?lang=ja,new-link,404,404,,200,200,,OLD_NOT_OK_NEW_OK,,,,
/2011/talk/87,hint+repo+wayback-cdx,200,200,,200,200,,CONTENT_DIFF,20111016,20260413,12,
/2011/talk/87.html,hint+repo+wayback-cdx,200,200,,200,200,,CONTENT_DIFF,20130729,20231209,6,
/2011/talk/87.html?lang=en,hint+repo,200,200,,200,200,,CONTENT_DIFF,,,,
/2011/talk/87.html?lang=ja,new-link,200,200,,200,200,,CONTENT_DIFF,,,,
/2011/talk/87.html@lang=en,repo,404,404,,200,200,,OLD_NOT_OK_NEW_OK,,,,
/2011/talk/87.html@lang=en.html,hint+repo,404,404,,200,200,,OLD_NOT_OK_NEW_OK,,,,
/2011/talk/87.html@lang=en.html?lang=ja,new-link,404,404,,200,200,,OLD_NOT_OK_NEW_OK,,,,
/2011/talk/87.html@lang=en?lang=ja,new-link,404,404,,200,200,,OLD_NOT_OK_NEW_OK,,,,
/2011/talk/87?lang=en,hint+repo,200,200,,200,200,,CONTENT_DIFF,,,,
/2011/talk/87?lang=ja,new-link,200,200,,200,200,,CONTENT_DIFF,,,,
/2011/talk/87@lang=en,repo,404,404,,200,200,,OLD_NOT_OK_NEW_OK,,,,
/2011/talk/87@lang=en.html,hint+repo+wayback-cdx,404,404,,200,200,,OLD_NOT_OK_NEW_OK,20231208,20231208,1,
/2011/talk/87@lang=en.html?lang=ja,new-link,404,404,,200,200,,OLD_NOT_OK_NEW_OK,,,,
/2011/talk/87@lang=en?lang=ja,new-link,404,404,,200,200,,OLD_NOT_OK_NEW_OK,,,,
/2011/talk/91,hint+repo+wayback-cdx,200,200,,200,200,,CONTENT_DIFF,20111019,20260308,9,
/2011/talk/91.html,hint+repo+wayback-cdx,200,200,,200,200,,CONTENT_DIFF,20130729,20231209,5,
/2011/talk/91.html?lang=en,hint+repo,200,200,,200,200,,CONTENT_DIFF,,,,
/2011/talk/91.html?lang=ja,new-link,200,200,,200,200,,CONTENT_DIFF,,,,
/2011/talk/91.html@lang=en,repo,404,404,,200,200,,OLD_NOT_OK_NEW_OK,,,,
/2011/talk/91.html@lang=en.html,hint+repo,404,404,,200,200,,OLD_NOT_OK_NEW_OK,,,,
/2011/talk/91.html@lang=en.html?lang=ja,new-link,404,404,,200,200,,OLD_NOT_OK_NEW_OK,,,,
/2011/talk/91.html@lang=en?lang=ja,new-link,404,404,,200,200,,OLD_NOT_OK_NEW_OK,,,,
/2011/talk/91?lang=en,hint+repo,200,200,,200,200,,CONTENT_DIFF,,,,
/2011/talk/91?lang=ja,new-link,200,200,,200,200,,CONTENT_DIFF,,,,
/2011/talk/91@lang=en,repo,404,404,,200,200,,OLD_NOT_OK_NEW_OK,,,,
/2011/talk/91@lang=en.html,hint+repo,404,404,,200,200,,OLD_NOT_OK_NEW_OK,,,,
/2011/talk/91@lang=en.html?lang=ja,new-link,404,404,,200,200,,OLD_NOT_OK_NEW_OK,,,,
/2011/talk/91@lang=en?lang=ja,new-link,404,404,,200,200,,OLD_NOT_OK_NEW_OK,,,,
/2011/talk/92,hint+repo+wayback-cdx,200,200,,200,200,,CONTENT_DIFF,20111017,20240523,11,
/2011/talk/92.html,hint+repo+wayback-cdx,200,200,,200,200,,CONTENT_DIFF,20130729,20231209,5,
/2011/talk/92.html?lang=en,hint+repo,200,200,,200,200,,CONTENT_DIFF,,,,
/2011/talk/92.html?lang=ja,new-link,200,200,,200,200,,CONTENT_DIFF,,,,
/2011/talk/92.html@lang=en,repo,404,404,,200,200,,OLD_NOT_OK_NEW_OK,,,,
/2011/talk/92.html@lang=en.html,hint+repo,404,404,,200,200,,OLD_NOT_OK_NEW_OK,,,,
/2011/talk/92.html@lang=en.html?lang=ja,new-link,404,404,,200,200,,OLD_NOT_OK_NEW_OK,,,,
/2011/talk/92.html@lang=en?lang=ja,new-link,404,404,,200,200,,OLD_NOT_OK_NEW_OK,,,,
/2011/talk/92?lang=en,hint+repo,200,200,,200,200,,CONTENT_DIFF,,,,
/2011/talk/92?lang=ja,new-link,200,200,,200,200,,CONTENT_DIFF,,,,
/2011/talk/92@lang=en,repo,404,404,,200,200,,OLD_NOT_OK_NEW_OK,,,,
/2011/talk/92@lang=en.html,hint+repo+wayback-cdx,404,404,,200,200,,OLD_NOT_OK_NEW_OK,20231208,20231208,1,
/2011/talk/92@lang=en.html?lang=ja,new-link,404,404,,200,200,,OLD_NOT_OK_NEW_OK,,,,
/2011/talk/92@lang=en?lang=ja,new-link,404,404,,200,200,,OLD_NOT_OK_NEW_OK,,,,
/2011/talk/93,hint+repo+wayback-cdx,200,200,,200,200,,CONTENT_DIFF,20111015,20160604,6,
/2011/talk/93.html,hint+repo+wayback-cdx,200,200,,200,200,,CONTENT_DIFF,20130729,20231209,5,
/2011/talk/93.html?lang=en,hint+repo,200,200,,200,200,,CONTENT_DIFF,,,,
/2011/talk/93.html?lang=ja,new-link,200,200,,200,200,,CONTENT_DIFF,,,,
/2011/talk/93.html@lang=en,repo,404,404,,200,200,,OLD_NOT_OK_NEW_OK,,,,
/2011/talk/93.html@lang=en.html,hint+repo,404,404,,200,200,,OLD_NOT_OK_NEW_OK,,,,
/2011/talk/93.html@lang=en.html?lang=ja,new-link,404,404,,200,200,,OLD_NOT_OK_NEW_OK,,,,
/2011/talk/93.html@lang=en?lang=ja,new-link,404,404,,200,200,,OLD_NOT_OK_NEW_OK,,,,
/2011/talk/93?lang=en,hint+repo,200,200,,200,200,,CONTENT_DIFF,,,,
/2011/talk/93?lang=ja,new-link,200,200,,200,200,,CONTENT_DIFF,,,,
/2011/talk/93@lang=en,repo,404,404,,200,200,,OLD_NOT_OK_NEW_OK,,,,
/2011/talk/93@lang=en.html,hint+repo,404,404,,200,200,,OLD_NOT_OK_NEW_OK,,,,
/2011/talk/93@lang=en.html?lang=ja,new-link,404,404,,200,200,,OLD_NOT_OK_NEW_OK,,,,
/2011/talk/93@lang=en?lang=ja,new-link,404,404,,200,200,,OLD_NOT_OK_NEW_OK,,,,
/2011/talk/94,hint+repo+wayback-cdx,200,200,,200,200,,CONTENT_DIFF,20111017,20160604,4,
/2011/talk/94.html,hint+repo+wayback-cdx,200,200,,200,200,,CONTENT_DIFF,20130729,20231209,5,
/2011/talk/94.html?lang=en,hint+repo,200,200,,200,200,,CONTENT_DIFF,,,,
/2011/talk/94.html?lang=ja,new-link,200,200,,200,200,,CONTENT_DIFF,,,,
/2011/talk/94.html@lang=en,repo,404,404,,200,200,,OLD_NOT_OK_NEW_OK,,,,
/2011/talk/94.html@lang=en.html,hint+repo,404,404,,200,200,,OLD_NOT_OK_NEW_OK,,,,
/2011/talk/94.html@lang=en.html?lang=ja,new-link,404,404,,200,200,,OLD_NOT_OK_NEW_OK,,,,
/2011/talk/94.html@lang=en?lang=ja,new-link,404,404,,200,200,,OLD_NOT_OK_NEW_OK,,,,
/2011/talk/94?lang=en,hint+repo,200,200,,200,200,,CONTENT_DIFF,,,,
/2011/talk/94?lang=ja,new-link,200,200,,200,200,,CONTENT_DIFF,,,,
/2011/talk/94@lang=en,repo,404,404,,200,200,,OLD_NOT_OK_NEW_OK,,,,
/2011/talk/94@lang=en.html,hint+repo,404,404,,200,200,,OLD_NOT_OK_NEW_OK,,,,
/2011/talk/94@lang=en.html?lang=ja,new-link,404,404,,200,200,,OLD_NOT_OK_NEW_OK,,,,
/2011/talk/94@lang=en?lang=ja,new-link,404,404,,200,200,,OLD_NOT_OK_NEW_OK,,,,
/2011/talk/95,hint+repo+wayback-cdx,200,200,,200,200,,CONTENT_DIFF,20111016,20231208,7,
/2011/talk/95.html,hint+repo+wayback-cdx,200,200,,200,200,,CONTENT_DIFF,20130729,20240223,6,
/2011/talk/95.html?lang=en,hint+repo,200,200,,200,200,,CONTENT_DIFF,,,,
/2011/talk/95.html?lang=ja,new-link,200,200,,200,200,,CONTENT_DIFF,,,,
/2011/talk/95.html@lang=en,repo,404,404,,200,200,,OLD_NOT_OK_NEW_OK,,,,
/2011/talk/95.html@lang=en.html,hint+repo,404,404,,200,200,,OLD_NOT_OK_NEW_OK,,,,
/2011/talk/95.html@lang=en.html?lang=ja,new-link,404,404,,200,200,,OLD_NOT_OK_NEW_OK,,,,
/2011/talk/95.html@lang=en?lang=ja,new-link,404,404,,200,200,,OLD_NOT_OK_NEW_OK,,,,
/2011/talk/95?lang=en,hint+repo,200,200,,200,200,,CONTENT_DIFF,,,,
/2011/talk/95?lang=ja,new-link,200,200,,200,200,,CONTENT_DIFF,,,,
/2011/talk/95@lang=en,repo,404,404,,200,200,,OLD_NOT_OK_NEW_OK,,,,
/2011/talk/95@lang=en.html,hint+repo+wayback-cdx,404,404,,200,200,,OLD_NOT_OK_NEW_OK,20240223,20240223,1,
/2011/talk/95@lang=en.html?lang=ja,new-link,404,404,,200,200,,OLD_NOT_OK_NEW_OK,,,,
/2011/talk/95@lang=en?lang=ja,new-link,404,404,,200,200,,OLD_NOT_OK_NEW_OK,,,,
/2011/talk/96,hint+repo+wayback-cdx,200,200,,200,200,,CONTENT_DIFF,20111016,20260508,14,
/2011/talk/96.html,hint+repo+wayback-cdx,200,200,,200,200,,CONTENT_DIFF,20130729,20231209,5,
/2011/talk/96.html?lang=en,hint+repo,200,200,,200,200,,CONTENT_DIFF,,,,
/2011/talk/96.html?lang=ja,new-link,200,200,,200,200,,CONTENT_DIFF,,,,
/2011/talk/96.html@lang=en,repo,404,404,,200,200,,OLD_NOT_OK_NEW_OK,,,,
/2011/talk/96.html@lang=en.html,hint+repo,404,404,,200,200,,OLD_NOT_OK_NEW_OK,,,,
/2011/talk/96.html@lang=en.html?lang=ja,new-link,404,404,,200,200,,OLD_NOT_OK_NEW_OK,,,,
/2011/talk/96.html@lang=en?lang=ja,new-link,404,404,,200,200,,OLD_NOT_OK_NEW_OK,,,,
/2011/talk/96?lang=en,hint+repo,200,200,,200,200,,CONTENT_DIFF,,,,
/2011/talk/96?lang=ja,new-link,200,200,,200,200,,CONTENT_DIFF,,,,
/2011/talk/96@lang=en,repo,404,404,,200,200,,OLD_NOT_OK_NEW_OK,,,,
/2011/talk/96@lang=en.html,hint+repo,404,404,,200,200,,OLD_NOT_OK_NEW_OK,,,,
/2011/talk/96@lang=en.html?lang=ja,new-link,404,404,,200,200,,OLD_NOT_OK_NEW_OK,,,,
/2011/talk/96@lang=en?lang=ja,new-link,404,404,,200,200,,OLD_NOT_OK_NEW_OK,,,,
/2011/talk/97,hint+repo+wayback-cdx,200,200,,200,200,,CONTENT_DIFF,20111016,20250929,8,
/2011/talk/97.html,hint+repo+wayback-cdx,200,200,,200,200,,CONTENT_DIFF,20130729,20231209,5,
/2011/talk/97.html?lang=en,hint+repo,200,200,,200,200,,CONTENT_DIFF,,,,
/2011/talk/97.html?lang=ja,new-link,200,200,,200,200,,CONTENT_DIFF,,,,
/2011/talk/97.html@lang=en,repo,404,404,,200,200,,OLD_NOT_OK_NEW_OK,,,,
/2011/talk/97.html@lang=en.html,hint+repo,404,404,,200,200,,OLD_NOT_OK_NEW_OK,,,,
/2011/talk/97.html@lang=en.html?lang=ja,new-link,404,404,,200,200,,OLD_NOT_OK_NEW_OK,,,,
/2011/talk/97.html@lang=en?lang=ja,new-link,404,404,,200,200,,OLD_NOT_OK_NEW_OK,,,,
/2011/talk/97?lang=en,hint+repo+wayback-cdx,200,200,,200,200,,CONTENT_DIFF,20160604,20160604,1,
/2011/talk/97?lang=ja,new-link,200,200,,200,200,,CONTENT_DIFF,,,,
/2011/talk/97@lang=en,repo,404,404,,200,200,,OLD_NOT_OK_NEW_OK,,,,
/2011/talk/97@lang=en.html,hint+repo+wayback-cdx,404,404,,200,200,,OLD_NOT_OK_NEW_OK,20231203,20231203,1,
/2011/talk/97@lang=en.html?lang=ja,new-link,404,404,,200,200,,OLD_NOT_OK_NEW_OK,,,,
/2011/talk/97@lang=en?lang=ja,new-link,404,404,,200,200,,OLD_NOT_OK_NEW_OK,,,,
/2011/talk/98,hint+repo+wayback-cdx,200,200,,200,200,,CONTENT_DIFF,20111016,20260413,8,
/2011/talk/98.html,hint+repo+wayback-cdx,200,200,,200,200,,CONTENT_DIFF,20130729,20231209,5,
/2011/talk/98.html?lang=en,hint+repo,200,200,,200,200,,CONTENT_DIFF,,,,
/2011/talk/98.html?lang=ja,new-link,200,200,,200,200,,CONTENT_DIFF,,,,
/2011/talk/98.html@lang=en,repo,404,404,,200,200,,OLD_NOT_OK_NEW_OK,,,,
/2011/talk/98.html@lang=en.html,hint+repo,404,404,,200,200,,OLD_NOT_OK_NEW_OK,,,,
/2011/talk/98.html@lang=en.html?lang=ja,new-link,404,404,,200,200,,OLD_NOT_OK_NEW_OK,,,,
/2011/talk/98.html@lang=en?lang=ja,new-link,404,404,,200,200,,OLD_NOT_OK_NEW_OK,,,,
/2011/talk/98?lang=en,hint+repo+wayback-cdx,200,200,,200,200,,CONTENT_DIFF,20160604,20160604,1,
/2011/talk/98?lang=ja,new-link,200,200,,200,200,,CONTENT_DIFF,,,,
/2011/talk/98@lang=en,repo,404,404,,200,200,,OLD_NOT_OK_NEW_OK,,,,
/2011/talk/98@lang=en.html,hint+repo+wayback-cdx,404,404,,200,200,,OLD_NOT_OK_NEW_OK,20260508,20260508,1,
/2011/talk/98@lang=en.html?lang=ja,new-link,404,404,,200,200,,OLD_NOT_OK_NEW_OK,,,,
/2011/talk/98@lang=en?lang=ja,new-link,404,404,,200,200,,OLD_NOT_OK_NEW_OK,,,,
/2011/talk/99,hint+repo+wayback-cdx,200,200,,200,200,,CONTENT_DIFF,20111016,20250929,5,
/2011/talk/99.html,hint+repo+wayback-cdx,200,200,,200,200,,CONTENT_DIFF,20130729,20251129,7,
/2011/talk/99.html?lang=en,hint+repo,200,200,,200,200,,CONTENT_DIFF,,,,
/2011/talk/99.html?lang=ja,new-link+wayback-cdx,200,200,,200,200,,CONTENT_DIFF,20251130,20251130,1,
/2011/talk/99.html@lang=en,repo,404,404,,200,200,,OLD_NOT_OK_NEW_OK,,,,
/2011/talk/99.html@lang=en.html,hint+repo,404,404,,200,200,,OLD_NOT_OK_NEW_OK,,,,
/2011/talk/99.html@lang=en.html?lang=ja,new-link,404,404,,200,200,,OLD_NOT_OK_NEW_OK,,,,
/2011/talk/99.html@lang=en?lang=ja,new-link,404,404,,200,200,,OLD_NOT_OK_NEW_OK,,,,
/2011/talk/99?lang=en,hint+repo,200,200,,200,200,,CONTENT_DIFF,,,,
/2011/talk/99?lang=ja,new-link,200,200,,200,200,,CONTENT_DIFF,,,,
/2011/talk/99@lang=en,repo,404,404,,200,200,,OLD_NOT_OK_NEW_OK,,,,
/2011/talk/99@lang=en.html,hint+repo+wayback-cdx,404,404,,200,200,,OLD_NOT_OK_NEW_OK,20251204,20251204,1,
/2011/talk/99@lang=en.html?lang=ja,new-link,404,404,,200,200,,OLD_NOT_OK_NEW_OK,,,,
/2011/talk/99@lang=en?lang=ja,new-link,404,404,,200,200,,OLD_NOT_OK_NEW_OK,,,,
/2011/talk/?lang=en,hint+wayback-cdx,200,200,,200,200,,CONTENT_DIFF,20111211,20221210,9,
/2011/talk/?lang=ja,hint+wayback-cdx,200,200,,200,200,,CONTENT_DIFF,20111005,20231201,14,
/2011/talk/index,repo,404,404,,200,200,,OLD_NOT_OK_NEW_OK,,,,
/2011/talk/index.html,hint+repo+wayback-cdx,200,200,,200,200,,CONTENT_DIFF,20231208,20260508,3,
/2011/talk/index.html?lang=en,hint+repo,200,200,,200,200,,CONTENT_DIFF,,,,
/2011/talk/index.html?lang=ja,hint+repo,200,200,,200,200,,CONTENT_DIFF,,,,
/2011/talk/index.html@lang=en,repo,404,404,,200,200,,OLD_NOT_OK_NEW_OK,,,,
/2011/talk/index.html@lang=en.html,hint+repo,404,404,,200,200,,OLD_NOT_OK_NEW_OK,,,,
/2011/talk/index.html@lang=en.html?lang=en,new-link,404,404,,200,200,,OLD_NOT_OK_NEW_OK,,,,
/2011/talk/index.html@lang=en?lang=en,new-link,404,404,,200,200,,OLD_NOT_OK_NEW_OK,,,,
/2011/talk/index.html@lang=ja,repo,404,404,,200,200,,OLD_NOT_OK_NEW_OK,,,,
/2011/talk/index.html@lang=ja.html,hint+repo,404,404,,200,200,,OLD_NOT_OK_NEW_OK,,,,
/2011/talk/index.html@lang=ja.html?lang=ja,new-link,404,404,,200,200,,OLD_NOT_OK_NEW_OK,,,,
/2011/talk/index.html@lang=ja?lang=ja,new-link,404,404,,200,200,,OLD_NOT_OK_NEW_OK,,,,
/2011/talk/index?lang=en,repo,404,404,,200,200,,OLD_NOT_OK_NEW_OK,,,,
/2011/talk/index?lang=ja,repo,404,404,,200,200,,OLD_NOT_OK_NEW_OK,,,,
/2011/talk/signin?lang=ja,hint+wayback-cdx,404,404,,404,404,,BOTH_NOT_OK_SAME,20111007,20111215,3,911
/2011/talk/submit,hint,404,404,,404,404,,BOTH_NOT_OK_SAME,,,,2
/2011/talk/submit?lang=en,hint,404,404,,404,404,,BOTH_NOT_OK_SAME,,,,2
/2011/ticket/,hint+wayback-cdx,404,404,,404,404,,BOTH_NOT_OK_SAME,20111016,20111016,1,11
/2011/ticket/?lang=en,hint,404,404,,404,404,,BOTH_NOT_OK_SAME,,,,2
/2011/ticket/?lang=ja,hint+wayback-cdx,404,404,,404,404,,BOTH_NOT_OK_SAME,20111005,20111005,1,911
/2011/timetable,repo,404,404,,200,200,,OLD_NOT_OK_NEW_OK,,,,
/2011/timetable.html,hint+repo+wayback-cdx,200,200,,200,200,,CONTENT_DIFF,20111014,20250116,16,
/2011/yapc_logo_sample.png,old-link,404,404,,404,404,,BOTH_NOT_OK_SAME,,,,
/2011/yapcasia_2011_logo.zip,old-link,404,404,,404,404,,BOTH_NOT_OK_SAME,,,,
/2012,hint+root,301,200,/2012/,301,200,/2012/,CONTENT_DIFF,,,,
/2012/,hint+repo+root+wayback-cdx,200,200,,200,200,,CONTENT_DIFF,20120606,20120606,1,
/2012/.google-analytics.com/ga.js,old-link,404,404,,404,404,,BOTH_NOT_OK_SAME,,,,
/2012//atom.xml,old-link,200,200,,200,200,,IDENTICAL,,,,
/2012/2012/07/26/tshirt.jpeg,hint+repo,200,200,,200,200,,IDENTICAL,,,,
/2012/2012/07/26/yapcasia_mug.png,hint+repo,200,200,,200,200,,IDENTICAL,,,,
/2012/2012/08/16/20111015234301.jpg,hint+repo,200,200,,200,200,,IDENTICAL,,,,
/2012/2012/08/16/face_Larry_Wall.jpg,hint+repo,200,200,,200,200,,IDENTICAL,,,,
/2012/7942b047.jpeg,hint+repo,200,200,,200,200,,IDENTICAL,,,,
/2012/assets_c/2012/07/codeiq_top_pc-thumb-550x685-82.jpg,hint+repo,200,200,,200,200,,IDENTICAL,,,,
/2012/assets_c/2012/07/tshirt-thumb-400x358-87.jpeg,hint+repo,200,200,,200,200,,IDENTICAL,,,,
/2012/assets_c/2012/07/yapcasia_mug-thumb-500x481-85.png,hint+repo,200,200,,200,200,,IDENTICAL,,,,
/2012/assets_c/2012/08/2012_guest-thumb-550x118-107.jpg,hint+repo,200,200,,200,200,,IDENTICAL,,,,
/2012/assets_c/2012/08/bookingcom%20logo%20attachment%201-thumb-600x99-97.jpg,hint+repo,200,200,,200,200,,IDENTICAL,,,,
/2012/assets_c/2012/08/bookingcom&,hint,404,404,,404,404,,BOTH_NOT_OK_SAME,,,,
/2012/assets_c/2012/08/gree_sponsor_page-thumb-600x265-121.jpg,hint+repo,200,200,,200,200,,IDENTICAL,,,,
/2012/assets_c/2012/08/motionbeat_yapcbanner-thumb-600x334-104.jpg,hint+repo,200,200,,200,200,,IDENTICAL,,,,
/2012/assets_c/2012/08/yapc_torii-thumb-550x365-119.jpg,hint+repo,200,200,,200,200,,IDENTICAL,,,,
/2012/assets_c/2012/09/sqale-thumb-500x484-153.png,hint+repo,200,200,,200,200,,IDENTICAL,,,,
/2012/assets_c/2012/09/stardust-img1-thumb-600x192-134.png,hint+repo,200,200,,200,200,,IDENTICAL,,,,
/2012/assets_c/2012/09/stardust-img2-thumb-600x104-132.png,hint+repo,200,200,,200,200,,IDENTICAL,,,,
/2012/atom.xml,hint+repo+wayback-cdx,200,200,,200,200,,IDENTICAL,20130403,20130403,1,
/2012/attendee/faces.json,old-link,404,404,,404,404,,BOTH_NOT_OK_SAME,,,,
/2012/en,hint,301,200,/2012/en/,301,200,/2012/en/,CONTENT_DIFF,,,,
/2012/en/,hint+repo,200,200,,200,200,,CONTENT_DIFF,,,,
/2012/en/.google-analytics.com/ga.js,old-link,404,404,,404,404,,BOTH_NOT_OK_SAME,,,,
/2012/en/atom.xml,hint,404,404,,404,404,,BOTH_NOT_OK_SAME,,,,3
/2012/en/index,repo,404,404,,200,200,,OLD_NOT_OK_NEW_OK,,,,
/2012/en/index.html,hint+repo,200,200,,200,200,,CONTENT_DIFF,,,,
/2012/index,repo,404,404,,200,200,,OLD_NOT_OK_NEW_OK,,,,
/2012/index.html,hint+repo+wayback-cdx,200,200,,200,200,,CONTENT_DIFF,20231201,20260829,6,
/2012/login,hint+wayback-cdx,404,404,,404,404,,BOTH_NOT_OK_SAME,20120604,20130323,12,
/2012/ltthon,hint,301,301,,301,200,/2012/ltthon/,EXT_REDIRECT_REPLACED_BY_PAGE,,,,
/2012/ltthon/,hint+repo,301,301,,200,200,,EXT_REDIRECT_REPLACED_BY_PAGE,,,,
/2012/ltthon/index,repo,301,301,,200,200,,EXT_REDIRECT_REPLACED_BY_PAGE,,,,
/2012/ltthon/index.html,hint+repo,301,301,,200,200,,EXT_REDIRECT_REPLACED_BY_PAGE,,,,
/2012/ltthon/schedule,hint+repo,301,301,,200,200,,EXT_REDIRECT_REPLACED_BY_PAGE,,,,
/2012/ltthon/schedule.html,hint+repo,301,301,,200,200,,EXT_REDIRECT_REPLACED_BY_PAGE,,,,
/2012/member/show/.google-analytics.com/ga.js,new-link,404,404,,404,404,,BOTH_NOT_OK_SAME,,,,
/2012/member/show/01955e88-afc7-11e1-8f3e-ef7b6aeab6a4,hint+repo+wayback-cdx,200,200,,200,200,,CONTENT_DIFF,20120930,20130222,2,
/2012/member/show/01955e88-afc7-11e1-8f3e-ef7b6aeab6a4.html,hint+repo,404,404,,200,200,,OLD_NOT_OK_NEW_OK,,,,
/2012/member/show/0443c81c-f5d2-11e1-921d-f8c36aeab6a4,hint+repo+wayback-cdx,200,200,,200,200,,CONTENT_DIFF,20130222,20130222,1,
/2012/member/show/0443c81c-f5d2-11e1-921d-f8c36aeab6a4.html,hint+repo,404,404,,200,200,,OLD_NOT_OK_NEW_OK,,,,
/2012/member/show/04b742cc-0aec-11e2-9f92-17c86aeab6a4,hint+repo+wayback-cdx,200,200,,200,200,,CONTENT_DIFF,20130222,20130222,1,
/2012/member/show/04b742cc-0aec-11e2-9f92-17c86aeab6a4.html,hint+repo,404,404,,200,200,,OLD_NOT_OK_NEW_OK,,,,
/2012/member/show/0a0038d6-ab94-11e1-ae4c-cb516aeab6a4,hint+repo+wayback-cdx,200,200,,200,200,,CONTENT_DIFF,20120930,20241005,4,
/2012/member/show/0a0038d6-ab94-11e1-ae4c-cb516aeab6a4.html,hint+repo,404,404,,200,200,,OLD_NOT_OK_NEW_OK,,,,
/2012/member/show/0f9c5310-abf8-11e1-b4e5-22926aeab6a4,hint+wayback-cdx,404,404,,404,404,,BOTH_NOT_OK_SAME,20120930,20130222,2,11
/2012/member/show/10699b66-03cf-11e2-81a5-7f666aeab6a4,hint+repo+wayback-cdx,200,200,,200,200,,CONTENT_DIFF,20130222,20130222,1,
/2012/member/show/10699b66-03cf-11e2-81a5-7f666aeab6a4.html,hint+repo,404,404,,200,200,,OLD_NOT_OK_NEW_OK,,,,
/2012/member/show/13a80ec4-abb5-11e1-b421-57a46aeab6a4,hint+repo+wayback-cdx,200,200,,200,200,,CONTENT_DIFF,20120614,20130222,3,
/2012/member/show/13a80ec4-abb5-11e1-b421-57a46aeab6a4.html,hint+repo,404,404,,200,200,,OLD_NOT_OK_NEW_OK,,,,
/2012/member/show/13fa0f16-ab93-11e1-a031-cb516aeab6a4,hint+repo+wayback-cdx,200,200,,200,200,,CONTENT_DIFF,20120615,20231203,3,
/2012/member/show/13fa0f16-ab93-11e1-a031-cb516aeab6a4.html,hint+repo,404,404,,200,200,,OLD_NOT_OK_NEW_OK,,,,
/2012/member/show/1486d762-ac41-11e1-8ef2-22926aeab6a4,wayback-cdx,404,404,,404,404,,BOTH_NOT_OK_SAME,20120615,20120615,1,
/2012/member/show/1d78a320-db88-11e1-86a9-001636ebe579,hint+repo+wayback-cdx,200,200,,200,200,,CONTENT_DIFF,20120930,20130222,2,
/2012/member/show/1d78a320-db88-11e1-86a9-001636ebe579.html,hint+repo,404,404,,200,200,,OLD_NOT_OK_NEW_OK,,,,
/2012/member/show/214d2a3a-bae4-11e1-964c-826d6aeab6a4,hint+repo,200,200,,200,200,,CONTENT_DIFF,,,,
/2012/member/show/214d2a3a-bae4-11e1-964c-826d6aeab6a4.html,hint+repo,404,404,,200,200,,OLD_NOT_OK_NEW_OK,,,,
/2012/member/show/21bb605c-d54e-11e1-bf68-37a36aeab6a4,hint+repo+wayback-cdx,200,200,,200,200,,CONTENT_DIFF,20120728,20130222,2,
/2012/member/show/21bb605c-d54e-11e1-bf68-37a36aeab6a4.html,hint+repo,404,404,,200,200,,OLD_NOT_OK_NEW_OK,,,,
/2012/member/show/21e23c7e-addd-11e1-aa5a-22926aeab6a4,hint+repo+wayback-cdx,200,200,,200,200,,CONTENT_DIFF,20120615,20130222,2,
/2012/member/show/21e23c7e-addd-11e1-aa5a-22926aeab6a4.html,hint+repo,404,404,,200,200,,OLD_NOT_OK_NEW_OK,,,,
/2012/member/show/2847eafe-ab95-11e1-a031-cb516aeab6a4,hint+repo+wayback-cdx,200,200,,200,200,,CONTENT_DIFF,20120615,20231203,3,
/2012/member/show/2847eafe-ab95-11e1-a031-cb516aeab6a4.html,hint+repo,404,404,,200,200,,OLD_NOT_OK_NEW_OK,,,,
/2012/member/show/290a7a12-db90-11e1-8a64-4c8f6aeab6a4,hint+repo+wayback-cdx,200,200,,200,200,,CONTENT_DIFF,20120930,20231208,3,
/2012/member/show/290a7a12-db90-11e1-8a64-4c8f6aeab6a4.html,hint+repo,404,404,,200,200,,OLD_NOT_OK_NEW_OK,,,,
/2012/member/show/2e0727f8-aa13-11e1-91d1-418d6aeab6a4,hint+repo+wayback-cdx,200,200,,200,200,,CONTENT_DIFF,20120930,20130222,2,
/2012/member/show/2e0727f8-aa13-11e1-91d1-418d6aeab6a4.html,hint+repo,404,404,,200,200,,OLD_NOT_OK_NEW_OK,,,,
/2012/member/show/2f406286-f5a1-11e1-bdce-f8c36aeab6a4,hint+repo+wayback-cdx,200,200,,200,200,,CONTENT_DIFF,20130222,20130222,1,
/2012/member/show/2f406286-f5a1-11e1-bdce-f8c36aeab6a4.html,hint+repo,404,404,,200,200,,OLD_NOT_OK_NEW_OK,,,,
/2012/member/show/31742d90-ab9a-11e1-a3b5-2a656aeab6a4,hint+repo+wayback-cdx,200,200,,200,200,,CONTENT_DIFF,20120615,20231203,4,
/2012/member/show/31742d90-ab9a-11e1-a3b5-2a656aeab6a4.html,hint+repo,404,404,,200,200,,OLD_NOT_OK_NEW_OK,,,,
/2012/member/show/3314325c-dab2-11e1-b90b-0d4e6aeab6a4,hint+repo+wayback-cdx,200,200,,200,200,,CONTENT_DIFF,20130222,20130222,1,
/2012/member/show/3314325c-dab2-11e1-b90b-0d4e6aeab6a4.html,hint+repo,404,404,,200,200,,OLD_NOT_OK_NEW_OK,,,,
/2012/member/show/3588878a-ac37-11e1-866d-22926aeab6a4,hint+repo+wayback-cdx,200,200,,200,200,,CONTENT_DIFF,20120614,20130222,3,
/2012/member/show/3588878a-ac37-11e1-866d-22926aeab6a4.html,hint+repo,404,404,,200,200,,OLD_NOT_OK_NEW_OK,,,,
/2012/member/show/3904dd9e-aacc-11e1-82c5-e8996aeab6a4,hint+repo+wayback-cdx,200,200,,200,200,,CONTENT_DIFF,20120614,20130222,3,
/2012/member/show/3904dd9e-aacc-11e1-82c5-e8996aeab6a4.html,hint+repo,404,404,,200,200,,OLD_NOT_OK_NEW_OK,,,,
/2012/member/show/3e9ecd7a-abf6-11e1-ab7d-22926aeab6a4,hint+repo+wayback-cdx,200,200,,200,200,,CONTENT_DIFF,20120930,20130222,2,
/2012/member/show/3e9ecd7a-abf6-11e1-ab7d-22926aeab6a4.html,hint+repo,404,404,,200,200,,OLD_NOT_OK_NEW_OK,,,,
/2012/member/show/3eaf1a42-c1a7-11e1-a8c7-28556aeab6a4,hint+repo+wayback-cdx,200,200,,200,200,,CONTENT_DIFF,20130222,20231208,2,
/2012/member/show/3eaf1a42-c1a7-11e1-a8c7-28556aeab6a4.html,hint+repo,404,404,,200,200,,OLD_NOT_OK_NEW_OK,,,,
/2012/member/show/3f9c3f26-b2ab-11e1-b0c4-95586aeab6a4,hint+repo+wayback-cdx,200,200,,200,200,,CONTENT_DIFF,20120615,20130222,2,
/2012/member/show/3f9c3f26-b2ab-11e1-b0c4-95586aeab6a4.html,hint+repo,404,404,,200,200,,OLD_NOT_OK_NEW_OK,,,,
/2012/member/show/420fe28c-ab92-11e1-b8bc-cb516aeab6a4,hint+repo+wayback-cdx,200,200,,200,200,,CONTENT_DIFF,20130222,20130222,1,
/2012/member/show/420fe28c-ab92-11e1-b8bc-cb516aeab6a4.html,hint+repo,404,404,,200,200,,OLD_NOT_OK_NEW_OK,,,,
/2012/member/show/49c20be6-b041-11e1-909a-ef7b6aeab6a4,wayback-cdx,404,404,,404,404,,BOTH_NOT_OK_SAME,20120615,20120615,1,
/2012/member/show/4d486480-f56b-11e1-a5e5-546c6aeab6a4,hint+repo+wayback-cdx,200,200,,200,200,,CONTENT_DIFF,20130222,20130222,1,
/2012/member/show/4d486480-f56b-11e1-a5e5-546c6aeab6a4.html,hint+repo,404,404,,200,200,,OLD_NOT_OK_NEW_OK,,,,
/2012/member/show/4e7e43aa-d91f-11e1-bf45-0d4e6aeab6a4,hint+repo+wayback-cdx,200,200,,200,200,,CONTENT_DIFF,20120930,20240223,4,
/2012/member/show/4e7e43aa-d91f-11e1-bf45-0d4e6aeab6a4.html,hint+repo,404,404,,200,200,,OLD_NOT_OK_NEW_OK,,,,
/2012/member/show/55434550-0151-11e2-91a3-054f6aeab6a4,hint+repo+wayback-cdx,200,200,,200,200,,CONTENT_DIFF,20130222,20130222,1,
/2012/member/show/55434550-0151-11e2-91a3-054f6aeab6a4.html,hint+repo,404,404,,200,200,,OLD_NOT_OK_NEW_OK,,,,
/2012/member/show/57256418-abdc-11e1-8210-22926aeab6a4,hint+repo+wayback-cdx,200,200,,200,200,,CONTENT_DIFF,20120930,20231208,3,
/2012/member/show/57256418-abdc-11e1-8210-22926aeab6a4.html,hint+repo,404,404,,200,200,,OLD_NOT_OK_NEW_OK,,,,
/2012/member/show/6eed6faa-aba0-11e1-bc68-d2846aeab6a4,hint+repo+wayback-cdx,200,200,,200,200,,CONTENT_DIFF,20120615,20130222,2,
/2012/member/show/6eed6faa-aba0-11e1-bc68-d2846aeab6a4.html,hint+repo,404,404,,200,200,,OLD_NOT_OK_NEW_OK,,,,
/2012/member/show/6f53dbc6-aacb-11e1-8b9c-91966aeab6a4,hint+repo+wayback-cdx,200,200,,200,200,,CONTENT_DIFF,20130222,20130222,1,
/2012/member/show/6f53dbc6-aacb-11e1-8b9c-91966aeab6a4.html,hint+repo,404,404,,200,200,,OLD_NOT_OK_NEW_OK,,,,
/2012/member/show/720eabae-d51c-11e1-a037-37a36aeab6a4,hint+repo+wayback-cdx,200,200,,200,200,,CONTENT_DIFF,20120930,20130222,2,
/2012/member/show/720eabae-d51c-11e1-a037-37a36aeab6a4.html,hint+repo,404,404,,200,200,,OLD_NOT_OK_NEW_OK,,,,
/2012/member/show/736a3854-d47e-11e1-aa6e-37a36aeab6a4,hint+repo+wayback-cdx,200,200,,200,200,,CONTENT_DIFF,20120930,20241005,3,
/2012/member/show/736a3854-d47e-11e1-aa6e-37a36aeab6a4.html,hint+repo,404,404,,200,200,,OLD_NOT_OK_NEW_OK,,,,
/2012/member/show/7616e7b6-b17c-11e1-8a16-95586aeab6a4,hint+repo+wayback-cdx,200,200,,200,200,,CONTENT_DIFF,20120930,20130222,2,
/2012/member/show/7616e7b6-b17c-11e1-8a16-95586aeab6a4.html,hint+repo,404,404,,200,200,,OLD_NOT_OK_NEW_OK,,,,
/2012/member/show/768d180e-0204-11e2-9809-044f6aeab6a4,hint+repo+wayback-cdx,200,200,,200,200,,CONTENT_DIFF,20130222,20130222,1,
/2012/member/show/768d180e-0204-11e2-9809-044f6aeab6a4.html,hint+repo,404,404,,200,200,,OLD_NOT_OK_NEW_OK,,,,
/2012/member/show/77f0ba64-ab94-11e1-b8bc-cb516aeab6a4,hint+repo+wayback-cdx,200,200,,200,200,,CONTENT_DIFF,20120615,20130323,3,
/2012/member/show/77f0ba64-ab94-11e1-b8bc-cb516aeab6a4.html,hint+repo,404,404,,200,200,,OLD_NOT_OK_NEW_OK,,,,
/2012/member/show/7922f32a-da0b-11e1-8e5b-0d4e6aeab6a4,hint+repo+wayback-cdx,200,200,,200,200,,CONTENT_DIFF,20120930,20130222,2,
/2012/member/show/7922f32a-da0b-11e1-8e5b-0d4e6aeab6a4.html,hint+repo,404,404,,200,200,,OLD_NOT_OK_NEW_OK,,,,
/2012/member/show/7b7d8e20-ab92-11e1-ae4c-cb516aeab6a4,hint+repo+wayback-cdx,200,200,,200,200,,CONTENT_DIFF,20120615,20130222,2,
/2012/member/show/7b7d8e20-ab92-11e1-ae4c-cb516aeab6a4.html,hint+repo,404,404,,200,200,,OLD_NOT_OK_NEW_OK,,,,
/2012/member/show/7bc5e39c-ac09-11e1-9f4d-22926aeab6a4,hint+repo+wayback-cdx,200,200,,200,200,,CONTENT_DIFF,20120930,20130222,2,
/2012/member/show/7bc5e39c-ac09-11e1-9f4d-22926aeab6a4.html,hint+repo,404,404,,200,200,,OLD_NOT_OK_NEW_OK,,,,
/2012/member/show/7c112460-b35c-11e1-b219-95586aeab6a4,hint+repo+wayback-cdx,200,200,,200,200,,CONTENT_DIFF,20120614,20130222,3,
/2012/member/show/7c112460-b35c-11e1-b219-95586aeab6a4.html,hint+repo,404,404,,200,200,,OLD_NOT_OK_NEW_OK,,,,
/2012/member/show/7f9ca3b4-aba2-11e1-bc84-dc8e6aeab6a4,hint+repo+wayback-cdx,200,200,,200,200,,CONTENT_DIFF,20120614,20130222,2,
/2012/member/show/7f9ca3b4-aba2-11e1-bc84-dc8e6aeab6a4.html,hint+repo,404,404,,200,200,,OLD_NOT_OK_NEW_OK,,,,
/2012/member/show/838e38c4-dac9-11e1-8edc-0d4e6aeab6a4,hint+repo+wayback-cdx,200,200,,200,200,,CONTENT_DIFF,20130222,20130222,1,
/2012/member/show/838e38c4-dac9-11e1-8edc-0d4e6aeab6a4.html,hint+repo,404,404,,200,200,,OLD_NOT_OK_NEW_OK,,,,
/2012/member/show/8595d43a-083a-11e2-a1ae-15646aeab6a4,hint+repo+wayback-cdx,200,200,,200,200,,CONTENT_DIFF,20130222,20130222,1,
/2012/member/show/8595d43a-083a-11e2-a1ae-15646aeab6a4.html,hint+repo,404,404,,200,200,,OLD_NOT_OK_NEW_OK,,,,
/2012/member/show/86d0be72-da05-11e1-82c6-0d4e6aeab6a4,hint+repo+wayback-cdx,200,200,,200,200,,CONTENT_DIFF,20120930,20130222,2,
/2012/member/show/86d0be72-da05-11e1-82c6-0d4e6aeab6a4.html,hint+repo,404,404,,200,200,,OLD_NOT_OK_NEW_OK,,,,
/2012/member/show/8788ae3c-ba94-11e1-8e44-69c76aeab6a4,hint+repo+wayback-cdx,200,200,,200,200,,CONTENT_DIFF,20130222,20250116,2,
/2012/member/show/8788ae3c-ba94-11e1-8e44-69c76aeab6a4.html,hint+repo,404,404,,200,200,,OLD_NOT_OK_NEW_OK,,,,
/2012/member/show/9306efee-afb8-11e1-a758-ef7b6aeab6a4,hint+repo+wayback-cdx,200,200,,200,200,,CONTENT_DIFF,20120614,20231203,3,
/2012/member/show/9306efee-afb8-11e1-a758-ef7b6aeab6a4.html,hint+repo,404,404,,200,200,,OLD_NOT_OK_NEW_OK,,,,
/2012/member/show/94a7e650-c9c1-11e1-b572-37a36aeab6a4,hint+repo+wayback-cdx,200,200,,200,200,,CONTENT_DIFF,20130222,20240618,2,
/2012/member/show/94a7e650-c9c1-11e1-b572-37a36aeab6a4.html,hint+repo,404,404,,200,200,,OLD_NOT_OK_NEW_OK,,,,
/2012/member/show/97035220-b131-11e1-a03f-564e6aeab6a4,hint+repo+wayback-cdx,200,200,,200,200,,CONTENT_DIFF,20120614,20130222,3,
/2012/member/show/97035220-b131-11e1-a03f-564e6aeab6a4.html,hint+repo,404,404,,200,200,,OLD_NOT_OK_NEW_OK,,,,
/2012/member/show/98e809a4-b9b1-11e1-9b59-d0be6aeab6a4,hint+repo+wayback-cdx,200,200,,200,200,,CONTENT_DIFF,20120930,20241005,3,
/2012/member/show/98e809a4-b9b1-11e1-9b59-d0be6aeab6a4.html,hint+repo,404,404,,200,200,,OLD_NOT_OK_NEW_OK,,,,
/2012/member/show/9b24e20e-da32-11e1-801c-0d4e6aeab6a4,hint+repo+wayback-cdx,200,200,,200,200,,CONTENT_DIFF,20120930,20130222,2,
/2012/member/show/9b24e20e-da32-11e1-801c-0d4e6aeab6a4.html,hint+repo,404,404,,200,200,,OLD_NOT_OK_NEW_OK,,,,
/2012/member/show/9c3fd018-aacb-11e1-8b9c-91966aeab6a4,hint+repo+wayback-cdx,200,200,,200,200,,CONTENT_DIFF,20130222,20130222,1,
/2012/member/show/9c3fd018-aacb-11e1-8b9c-91966aeab6a4.html,hint+repo,404,404,,200,200,,OLD_NOT_OK_NEW_OK,,,,
/2012/member/show/9e05b130-da8f-11e1-8dc3-0d4e6aeab6a4,hint+repo+wayback-cdx,200,200,,200,200,,CONTENT_DIFF,20130222,20130222,1,
/2012/member/show/9e05b130-da8f-11e1-8dc3-0d4e6aeab6a4.html,hint+repo,404,404,,200,200,,OLD_NOT_OK_NEW_OK,,,,
/2012/member/show/aa8c9726-abb3-11e1-85bd-57a46aeab6a4,hint+repo+wayback-cdx,200,200,,200,200,,CONTENT_DIFF,20130222,20130222,1,
/2012/member/show/aa8c9726-abb3-11e1-85bd-57a46aeab6a4.html,hint+repo,404,404,,200,200,,OLD_NOT_OK_NEW_OK,,,,
/2012/member/show/b1ddeb90-abb5-11e1-93ce-57a46aeab6a4,hint+repo+wayback-cdx,200,200,,200,200,,CONTENT_DIFF,20120614,20130222,2,
/2012/member/show/b1ddeb90-abb5-11e1-93ce-57a46aeab6a4.html,hint+repo,404,404,,200,200,,OLD_NOT_OK_NEW_OK,,,,
/2012/member/show/b409a0de-da41-11e1-82d2-0d4e6aeab6a4,hint+repo+wayback-cdx,200,200,,200,200,,CONTENT_DIFF,20120930,20130222,2,
/2012/member/show/b409a0de-da41-11e1-82d2-0d4e6aeab6a4.html,hint+repo,404,404,,200,200,,OLD_NOT_OK_NEW_OK,,,,
/2012/member/show/b6d42d0e-dabc-11e1-b134-0d4e6aeab6a4,hint+repo+wayback-cdx,200,200,,200,200,,CONTENT_DIFF,20130222,20130222,1,
/2012/member/show/b6d42d0e-dabc-11e1-b134-0d4e6aeab6a4.html,hint+repo,404,404,,200,200,,OLD_NOT_OK_NEW_OK,,,,
/2012/member/show/b74cee62-bd28-11e1-ad51-b39f6aeab6a4,hint+repo+wayback-cdx,200,200,,200,200,,CONTENT_DIFF,20121231,20130222,2,
/2012/member/show/b74cee62-bd28-11e1-ad51-b39f6aeab6a4.html,hint+repo,404,404,,200,200,,OLD_NOT_OK_NEW_OK,,,,
/2012/member/show/c45312d4-abb8-11e1-b801-57a46aeab6a4,hint+repo+wayback-cdx,200,200,,200,200,,CONTENT_DIFF,20120613,20130222,2,
/2012/member/show/c45312d4-abb8-11e1-b801-57a46aeab6a4.html,hint+repo,404,404,,200,200,,OLD_NOT_OK_NEW_OK,,,,
/2012/member/show/c54c0ce2-abe8-11e1-8210-22926aeab6a4,hint+repo+wayback-cdx,200,200,,200,200,,CONTENT_DIFF,20130222,20130222,1,
/2012/member/show/c54c0ce2-abe8-11e1-8210-22926aeab6a4.html,hint+repo,404,404,,200,200,,OLD_NOT_OK_NEW_OK,,,,
/2012/member/show/c638db66-da9c-11e1-8dc3-0d4e6aeab6a4,hint+repo+wayback-cdx,200,200,,200,200,,CONTENT_DIFF,20120930,20241005,3,
/2012/member/show/c638db66-da9c-11e1-8dc3-0d4e6aeab6a4.html,hint+repo,404,404,,200,200,,OLD_NOT_OK_NEW_OK,,,,
/2012/member/show/cecc634c-cd95-11e1-a555-37a36aeab6a4,hint+repo+wayback-cdx,200,200,,200,200,,CONTENT_DIFF,20120918,20260413,4,
/2012/member/show/cecc634c-cd95-11e1-a555-37a36aeab6a4.html,hint+repo,404,404,,200,200,,OLD_NOT_OK_NEW_OK,,,,
/2012/member/show/d0b47474-bb8e-11e1-b635-b39f6aeab6a4,hint+repo+wayback-cdx,200,200,,200,200,,CONTENT_DIFF,20120930,20130222,2,
/2012/member/show/d0b47474-bb8e-11e1-b635-b39f6aeab6a4.html,hint+repo,404,404,,200,200,,OLD_NOT_OK_NEW_OK,,,,
/2012/member/show/d10c81e8-ab92-11e1-a031-cb516aeab6a4,hint+repo+wayback-cdx,200,200,,200,200,,CONTENT_DIFF,20130222,20130222,1,
/2012/member/show/d10c81e8-ab92-11e1-a031-cb516aeab6a4.html,hint+repo,404,404,,200,200,,OLD_NOT_OK_NEW_OK,,,,
/2012/member/show/d2f45fd0-dac2-11e1-841d-0d4e6aeab6a4,hint+repo+wayback-cdx,200,200,,200,200,,CONTENT_DIFF,20130222,20130222,1,
/2012/member/show/d2f45fd0-dac2-11e1-841d-0d4e6aeab6a4.html,hint+repo,404,404,,200,200,,OLD_NOT_OK_NEW_OK,,,,
/2012/member/show/d3409a2a-f594-11e1-a6b0-f8c36aeab6a4,hint+repo+wayback-cdx,200,200,,200,200,,CONTENT_DIFF,20130222,20130222,1,
/2012/member/show/d3409a2a-f594-11e1-a6b0-f8c36aeab6a4.html,hint+repo,404,404,,200,200,,OLD_NOT_OK_NEW_OK,,,,
/2012/member/show/e1564396-f59c-11e1-a6b0-f8c36aeab6a4,hint+repo+wayback-cdx,200,200,,200,200,,CONTENT_DIFF,20130222,20130222,1,
/2012/member/show/e1564396-f59c-11e1-a6b0-f8c36aeab6a4.html,hint+repo,404,404,,200,200,,OLD_NOT_OK_NEW_OK,,,,
/2012/member/show/e161e540-ccaa-11e1-86f7-37a36aeab6a4,hint+repo+wayback-cdx,200,200,,200,200,,CONTENT_DIFF,20130222,20241005,2,
/2012/member/show/e161e540-ccaa-11e1-86f7-37a36aeab6a4.html,hint+repo,404,404,,200,200,,OLD_NOT_OK_NEW_OK,,,,
/2012/member/show/ebd4a72a-b90d-11e1-84bd-38876aeab6a4,hint+repo+wayback-cdx,200,200,,200,200,,CONTENT_DIFF,20130222,20130222,1,
/2012/member/show/ebd4a72a-b90d-11e1-84bd-38876aeab6a4.html,hint+repo,404,404,,200,200,,OLD_NOT_OK_NEW_OK,,,,
/2012/member/show/ec4bc52e-fc2b-11e1-8ef9-00556aeab6a4,hint+repo+wayback-cdx,200,200,,200,200,,CONTENT_DIFF,20130222,20130222,1,
/2012/member/show/ec4bc52e-fc2b-11e1-8ef9-00556aeab6a4.html,hint+repo,404,404,,200,200,,OLD_NOT_OK_NEW_OK,,,,
/2012/member/show/ed049804-b8df-11e1-99b4-0b866aeab6a4,hint+repo+wayback-cdx,200,200,,200,200,,CONTENT_DIFF,20120930,20130222,2,
/2012/member/show/ed049804-b8df-11e1-99b4-0b866aeab6a4.html,hint+repo,404,404,,200,200,,OLD_NOT_OK_NEW_OK,,,,
/2012/member/show/ef54524a-fbbd-11e1-b3f7-00556aeab6a4,hint+repo+wayback-cdx,200,200,,200,200,,CONTENT_DIFF,20130222,20130222,1,
/2012/member/show/ef54524a-fbbd-11e1-b3f7-00556aeab6a4.html,hint+repo,404,404,,200,200,,OLD_NOT_OK_NEW_OK,,,,
/2012/member/show/f88a2f30-abb1-11e1-b421-57a46aeab6a4,hint+repo+wayback-cdx,200,200,,200,200,,CONTENT_DIFF,20120614,20130222,3,
/2012/member/show/f88a2f30-abb1-11e1-b421-57a46aeab6a4.html,hint+repo,404,404,,200,200,,OLD_NOT_OK_NEW_OK,,,,
/2012/member/show/f9c5e7da-d989-11e1-8eba-0d4e6aeab6a4,hint+repo+wayback-cdx,200,200,,200,200,,CONTENT_DIFF,20130222,20130222,1,
/2012/member/show/f9c5e7da-d989-11e1-8eba-0d4e6aeab6a4.html,hint+repo,404,404,,200,200,,OLD_NOT_OK_NEW_OK,,,,
/2012/member/show/fb838c34-abf4-11e1-ab7d-22926aeab6a4,wayback-cdx,404,404,,404,404,,BOTH_NOT_OK_SAME,20120614,20120614,1,
/2012/mode?view=lite%5C,old-link,404,404,,404,404,,BOTH_NOT_OK_SAME,,,,
/2012/news/.google-analytics.com/ga.js,old-link,404,404,,404,404,,BOTH_NOT_OK_SAME,,,,
/2012/news/175505802_1.jpeg,hint+repo,200,200,,200,200,,IDENTICAL,,,,
/2012/news/20120228_img_01_updated.JPG,hint+repo,200,200,,200,200,,IDENTICAL,,,,
/2012/news/232_large.jpg,hint+repo,200,200,,200,200,,IDENTICAL,,,,
/2012/news/30_1.jpeg,hint+repo,200,200,,200,200,,IDENTICAL,,,,
/2012/news/34_large.jpg,hint+repo,200,200,,200,200,,IDENTICAL,,,,
/2012/news/6025292a58f92a59a22c-1024.JPG,hint+repo,200,200,,200,200,,IDENTICAL,,,,
/2012/news/614ImSI8v2L._SL500_AA300_.jpg,hint+repo,200,200,,200,200,,IDENTICAL,,,,
/2012/news/673_large.jpg,hint+repo,200,200,,200,200,,IDENTICAL,,,,
/2012/news/6f584c00d9b7ff9ced91-LL.JPG,hint+repo,200,200,,200,200,,IDENTICAL,,,,
/2012/news/75_large.JPG,hint+repo,200,200,,200,200,,IDENTICAL,,,,
/2012/news/DSC00075.JPG,hint+repo,200,200,,200,200,,IDENTICAL,,,,
/2012/news/DSC00079.JPG,hint+repo,200,200,,200,200,,IDENTICAL,,,,
/2012/news/DSC00094.JPG,hint+repo,200,200,,200,200,,IDENTICAL,,,,
/2012/news/DSC00103.JPG,hint+repo,200,200,,200,200,,IDENTICAL,,,,
/2012/news/DSC00113.JPG,hint+repo,200,200,,200,200,,IDENTICAL,,,,
/2012/news/DSC00120.JPG,hint+repo,200,200,,200,200,,IDENTICAL,,,,
/2012/news/DSC02698.jpg,hint+repo,200,200,,200,200,,IDENTICAL,,,,
/2012/news/IMG_0170.JPG,hint+repo,200,200,,200,200,,IDENTICAL,,,,
/2012/news/IMG_0171.JPG,hint+repo,200,200,,200,200,,IDENTICAL,,,,
/2012/news/IMG_0172.JPG,hint+repo,200,200,,200,200,,IDENTICAL,,,,
/2012/news/IMG_0174.JPG,hint+repo,200,200,,200,200,,IDENTICAL,,,,
/2012/news/IMG_0671.JPG,hint+repo,200,200,,200,200,,IDENTICAL,,,,
/2012/news/IMG_0672.JPG,hint+repo,200,200,,200,200,,IDENTICAL,,,,
/2012/news/additional-tickets,repo,404,404,,200,200,,OLD_NOT_OK_NEW_OK,,,,
/2012/news/additional-tickets.html,hint+repo+wayback-cdx,200,200,,200,200,,CONTENT_DIFF,20121109,20251119,14,
/2012/news/android-viewer-for-yapcasia-tokyo-2012,repo,404,404,,200,200,,OLD_NOT_OK_NEW_OK,,,,
/2012/news/android-viewer-for-yapcasia-tokyo-2012.html,hint+repo+wayback-cdx,200,200,,200,200,,CONTENT_DIFF,20120930,20251119,15,
/2012/news/announcing-yapcasia-2012,repo,404,404,,200,200,,OLD_NOT_OK_NEW_OK,,,,
/2012/news/announcing-yapcasia-2012.html,hint+repo+wayback-cdx,200,200,,200,200,,CONTENT_DIFF,20120514,20260413,21,
/2012/news/atom.xml,hint,404,404,,404,404,,BOTH_NOT_OK_SAME,,,,74
/2012/news/c2261b4cf7ab366524b8b5551b2f0a94.jpeg,hint+repo,200,200,,200,200,,IDENTICAL,,,,
/2012/news/cfp-for-lightning-talks,repo,404,404,,200,200,,OLD_NOT_OK_NEW_OK,,,,
/2012/news/cfp-for-lightning-talks.html,hint+repo+wayback-cdx,200,200,,200,200,,CONTENT_DIFF,20120926,20251204,13,
/2012/news/find-photos,repo,404,404,,200,200,,OLD_NOT_OK_NEW_OK,,,,
/2012/news/find-photos.html,hint+repo+wayback-cdx,200,200,,200,200,,CONTENT_DIFF,20120516,20250805,18,
/2012/news/ingy-dot-net,repo,404,404,,200,200,,OLD_NOT_OK_NEW_OK,,,,
/2012/news/ingy-dot-net.html,hint+repo+wayback-cdx,200,200,,200,200,,CONTENT_DIFF,20120622,20260308,16,
/2012/news/logo_2012sample.jpg,hint+repo,200,200,,200,200,,IDENTICAL,,,,
/2012/news/peatix.jpg,hint+repo,200,200,,200,200,,IDENTICAL,,,,
/2012/news/perl_hacker.png,hint+repo,200,200,,200,200,,IDENTICAL,,,,
/2012/news/prize.jpg,hint+repo,200,200,,200,200,,IDENTICAL,,,,
/2012/news/socialize-during-lunch,repo,404,404,,200,200,,OLD_NOT_OK_NEW_OK,,,,
/2012/news/socialize-during-lunch.html,hint+repo+wayback-cdx,200,200,,200,200,,CONTENT_DIFF,20120923,20251124,18,
/2012/news/staff-voice-1,repo,404,404,,200,200,,OLD_NOT_OK_NEW_OK,,,,
/2012/news/staff-voice-1.html,hint+repo+wayback-cdx,200,200,,200,200,,CONTENT_DIFF,20120818,20251204,17,
/2012/news/staff-voice-2,repo,404,404,,200,200,,OLD_NOT_OK_NEW_OK,,,,
/2012/news/staff-voice-2.html,hint+repo+wayback-cdx,200,200,,200,200,,CONTENT_DIFF,20120929,20251204,17,
/2012/news/staff-voice-3,repo,404,404,,200,200,,OLD_NOT_OK_NEW_OK,,,,
/2012/news/staff-voice-3.html,hint+repo+wayback-cdx,200,200,,200,200,,CONTENT_DIFF,20120826,20260216,18,
/2012/news/staff-voice-4,repo,404,404,,200,200,,OLD_NOT_OK_NEW_OK,,,,
/2012/news/staff-voice-4.html,hint+repo+wayback-cdx,200,200,,200,200,,CONTENT_DIFF,20121109,20260413,14,
/2012/news/staff-voice-5,repo,404,404,,200,200,,OLD_NOT_OK_NEW_OK,,,,
/2012/news/staff-voice-5.html,hint+repo+wayback-cdx,200,200,,200,200,,CONTENT_DIFF,20120826,20251117,16,
/2012/news/swags-for-individual-sponsor,repo,404,404,,200,200,,OLD_NOT_OK_NEW_OK,,,,
/2012/news/swags-for-individual-sponsor.html,hint+repo+wayback-cdx,200,200,,200,200,,CONTENT_DIFF,20120929,20251018,13,
/2012/news/talk-schedule-change,repo,404,404,,200,200,,OLD_NOT_OK_NEW_OK,,,,
/2012/news/talk-schedule-change.html,hint+repo+wayback-cdx,200,200,,200,200,,CONTENT_DIFF,20120929,20251119,15,
/2012/news/ticket-reminder,repo,404,404,,200,200,,OLD_NOT_OK_NEW_OK,,,,
/2012/news/ticket-reminder.html,hint+repo+wayback-cdx,200,200,,200,200,,CONTENT_DIFF,20120818,20251118,16,
/2012/news/tickets-sold-out,repo,404,404,,200,200,,OLD_NOT_OK_NEW_OK,,,,
/2012/news/tickets-sold-out.html,hint+repo+wayback-cdx,200,200,,200,200,,CONTENT_DIFF,20120901,20260308,16,
/2012/news/tickets-sold-out.html?utm_source=twitterfeed&utm_medium=twitter,wayback-cdx,200,200,,200,200,,CONTENT_DIFF,20120902,20120902,1,
/2012/news/toph-nuigurumi209.png,hint+repo,200,200,,200,200,,IDENTICAL,,,,
/2012/news/volunteer.JPG,hint+repo,200,200,,200,200,,IDENTICAL,,,,
/2012/news/vote-link.png,hint+repo,200,200,,200,200,,IDENTICAL,,,,
/2012/news/yapc-lunch,repo,404,404,,200,200,,OLD_NOT_OK_NEW_OK,,,,
/2012/news/yapc-lunch.html,hint+repo+wayback-cdx,200,200,,200,200,,CONTENT_DIFF,20120929,20260216,16,
/2012/news/yapc2011.jpg,hint+repo,200,200,,200,200,,IDENTICAL,,,,
/2012/news/yapc_flyer.jpg,hint+repo,200,200,,200,200,,IDENTICAL,,,,
/2012/news/yapc_yapc.jpg,hint+repo,200,200,,200,200,,IDENTICAL,,,,
/2012/news/yapcasia-2012-blog,repo,404,404,,200,200,,OLD_NOT_OK_NEW_OK,,,,
/2012/news/yapcasia-2012-blog.html,hint+repo+wayback-cdx,200,200,,200,200,,CONTENT_DIFF,20121005,20260604,16,
/2012/news/yapcasia-2012-call-for-papers,repo,404,404,,200,200,,OLD_NOT_OK_NEW_OK,,,,
/2012/news/yapcasia-2012-call-for-papers.html,hint+repo+wayback-cdx,200,200,,200,200,,CONTENT_DIFF,20120604,20260216,16,
/2012/news/yapcasia-2012-guide,repo,404,404,,200,200,,OLD_NOT_OK_NEW_OK,,,,
/2012/news/yapcasia-2012-guide.html,hint+repo+wayback-cdx,200,200,,200,200,,CONTENT_DIFF,20120929,20260308,15,
/2012/news/yapcasia-2012-guide2,repo,404,404,,200,200,,OLD_NOT_OK_NEW_OK,,,,
/2012/news/yapcasia-2012-guide2.html,hint+repo+wayback-cdx,200,200,,200,200,,CONTENT_DIFF,20120923,20250916,17,
/2012/news/yapcasia-2012-guide3,repo,404,404,,200,200,,OLD_NOT_OK_NEW_OK,,,,
/2012/news/yapcasia-2012-guide3.html,hint+repo+wayback-cdx,200,200,,200,200,,CONTENT_DIFF,20120930,20260308,17,
/2012/news/yapcasia-2012-highlight,repo,404,404,,200,200,,OLD_NOT_OK_NEW_OK,,,,
/2012/news/yapcasia-2012-highlight.html,hint+repo+wayback-cdx,200,200,,200,200,,CONTENT_DIFF,20120816,20251117,16,
/2012/news/yapcasia-2012-highlight.html?utm_source=dlvr.it&utm_medium=twitter,wayback-cdx,200,200,,200,200,,CONTENT_DIFF,20251126,20251126,1,
/2012/news/yapcasia-2012-introduction,repo,404,404,,200,200,,OLD_NOT_OK_NEW_OK,,,,
/2012/news/yapcasia-2012-introduction.html,hint+repo+wayback-cdx,200,200,,200,200,,CONTENT_DIFF,20120929,20260308,15,
/2012/news/yapcasia-2012-logo,repo,404,404,,200,200,,OLD_NOT_OK_NEW_OK,,,,
/2012/news/yapcasia-2012-logo.html,hint+repo+wayback-cdx,200,200,,200,200,,CONTENT_DIFF,20120508,20260308,18,
/2012/news/yapcasia-2012-logo.html?utm_source=dlvr.it&utm_medium=twitter,wayback-cdx,200,200,,200,200,,CONTENT_DIFF,20251125,20251125,1,
/2012/news/yapcasia-2012-novelty,repo,404,404,,200,200,,OLD_NOT_OK_NEW_OK,,,,
/2012/news/yapcasia-2012-novelty.html,hint+repo+wayback-cdx,200,200,,200,200,,CONTENT_DIFF,20121008,20251117,15,
/2012/news/yapcasia-2012-present,repo,404,404,,200,200,,OLD_NOT_OK_NEW_OK,,,,
/2012/news/yapcasia-2012-present.html,hint+repo+wayback-cdx,200,200,,200,200,,CONTENT_DIFF,20121010,20251117,15,
/2012/news/yapcasia-2012-prize,repo,404,404,,200,200,,OLD_NOT_OK_NEW_OK,,,,
/2012/news/yapcasia-2012-prize.html,hint+repo+wayback-cdx,200,200,,200,200,,CONTENT_DIFF,20120604,20251018,13,
/2012/news/yapcasia-2012-questionnaires,repo,404,404,,200,200,,OLD_NOT_OK_NEW_OK,,,,
/2012/news/yapcasia-2012-questionnaires.html,hint+repo+wayback-cdx,200,200,,200,200,,CONTENT_DIFF,20121010,20251204,14,
/2012/news/yapcasia-2012-sponsor,repo,404,404,,200,200,,OLD_NOT_OK_NEW_OK,,,,
/2012/news/yapcasia-2012-sponsor.html,hint+repo+wayback-cdx,200,200,,200,200,,CONTENT_DIFF,20120414,20260216,16,
/2012/news/yapcasia-2012-vote,repo,404,404,,200,200,,OLD_NOT_OK_NEW_OK,,,,
/2012/news/yapcasia-2012-vote.html,hint+repo+wayback-cdx,200,200,,200,200,,CONTENT_DIFF,20121001,20251018,15,
/2012/news/yapcasia-gihyo,repo,404,404,,200,200,,OLD_NOT_OK_NEW_OK,,,,
/2012/news/yapcasia-gihyo.html,hint+repo+wayback-cdx,200,200,,200,200,,CONTENT_DIFF,20120818,20260613,16,
/2012/news/yapcasia-region,repo,404,404,,200,200,,OLD_NOT_OK_NEW_OK,,,,
/2012/news/yapcasia-region.html,hint+repo+wayback-cdx,200,200,,200,200,,CONTENT_DIFF,20120706,20260508,17,
/2012/news/yapcasia-tickets-on-sale,repo,404,404,,200,200,,OLD_NOT_OK_NEW_OK,,,,
/2012/news/yapcasia-tickets-on-sale.html,hint+repo+wayback-cdx,200,200,,200,200,,CONTENT_DIFF,20120526,20251116,30,
/2012/news/yapcasia-tickets-on-sale.html?utm_source=dlvr.it&utm_medium=twitter,wayback-cdx,200,200,,200,200,,CONTENT_DIFF,20251130,20251130,1,
/2012/news/yapcasia-volunteer,repo,404,404,,200,200,,OLD_NOT_OK_NEW_OK,,,,
/2012/news/yapcasia-volunteer.html,hint+repo+wayback-cdx,200,200,,200,200,,CONTENT_DIFF,20120520,20260122,16,
/2012/news/yapcstaff2011.jpg,hint+repo,200,200,,200,200,,IDENTICAL,,,,
/2012/photo/crop?maxwidth=150&url=http://30d.jp/yapcasia/4/photo/505,hint,404,404,,404,404,,BOTH_NOT_OK_SAME,,,,2
/2012/photo/crop?maxwidth=150&url=http://30d.jp/yapcasia/4/photo/84,hint,404,404,,404,404,,BOTH_NOT_OK_SAME,,,,2
/2012/photos,hint+repo+wayback-cdx,302,302,,301,301,,EXT_REDIRECT_SCHEME,20230923,20260413,5,729
/2012/photos.html,hint+repo+wayback-cdx,404,404,,301,301,,BOTH_NOT_OK_DIFF,20231201,20231201,1,121
/2012/sponsor,hint,301,200,/2012/sponsor/,301,200,/2012/sponsor/,CONTENT_DIFF,,,,
/2012/sponsor/,hint+repo+wayback-cdx,200,200,,200,200,,CONTENT_DIFF,20120511,20250130,32,
/2012/sponsor/.google-analytics.com/ga.js,old-link,404,404,,404,404,,BOTH_NOT_OK_SAME,,,,
/2012/sponsor/atom.xml,hint,404,404,,404,404,,BOTH_NOT_OK_SAME,,,,43
/2012/sponsor/bookingcom,repo,404,404,,200,200,,OLD_NOT_OK_NEW_OK,,,,
/2012/sponsor/bookingcom.html,hint+repo+wayback-cdx,200,200,,200,200,,CONTENT_DIFF,20130222,20170113,4,
/2012/sponsor/codeiq,repo,404,404,,200,200,,OLD_NOT_OK_NEW_OK,,,,
/2012/sponsor/codeiq.html,hint+repo+wayback-cdx,200,200,,200,200,,CONTENT_DIFF,20130222,20170113,3,
/2012/sponsor/dena,repo,404,404,,200,200,,OLD_NOT_OK_NEW_OK,,,,
/2012/sponsor/dena.html,hint+repo+wayback-cdx,200,200,,200,200,,CONTENT_DIFF,20120605,20170113,5,
/2012/sponsor/fout,repo,404,404,,200,200,,OLD_NOT_OK_NEW_OK,,,,
/2012/sponsor/fout.html,hint+repo+wayback-cdx,200,200,,200,200,,CONTENT_DIFF,20120611,20170113,5,
/2012/sponsor/gree,repo,404,404,,200,200,,OLD_NOT_OK_NEW_OK,,,,
/2012/sponsor/gree.html,hint+repo+wayback-cdx,200,200,,200,200,,CONTENT_DIFF,20130222,20170113,3,
/2012/sponsor/hatena,repo,404,404,,200,200,,OLD_NOT_OK_NEW_OK,,,,
/2012/sponsor/hatena.html,hint+repo+wayback-cdx,200,200,,200,200,,CONTENT_DIFF,20120605,20170113,5,
/2012/sponsor/index,repo,404,404,,200,200,,OLD_NOT_OK_NEW_OK,,,,
/2012/sponsor/index.html,hint+repo+wayback-cdx,200,200,,200,200,,CONTENT_DIFF,20231201,20231201,1,
/2012/sponsor/individual,repo,404,404,,200,200,,OLD_NOT_OK_NEW_OK,,,,
/2012/sponsor/individual.html,hint+repo+wayback-cdx,200,200,,200,200,,CONTENT_DIFF,20120529,20251117,26,
/2012/sponsor/kddi-web-communications,repo,404,404,,200,200,,OLD_NOT_OK_NEW_OK,,,,
/2012/sponsor/kddi-web-communications.html,hint+repo+wayback-cdx,200,200,,200,200,,CONTENT_DIFF,20130222,20230327,4,
/2012/sponsor/list,repo,404,404,,200,200,,OLD_NOT_OK_NEW_OK,,,,
/2012/sponsor/list.html,hint+repo+wayback-cdx,200,200,,200,200,,IDENTICAL,20121001,20170113,4,
/2012/sponsor/mixi,repo,404,404,,200,200,,OLD_NOT_OK_NEW_OK,,,,
/2012/sponsor/mixi.html,hint+repo+wayback-cdx,200,200,,200,200,,CONTENT_DIFF,20120605,20230327,6,
/2012/sponsor/motionbeat,repo,404,404,,200,200,,OLD_NOT_OK_NEW_OK,,,,
/2012/sponsor/motionbeat.html,hint+repo+wayback-cdx,200,200,,200,200,,CONTENT_DIFF,20121121,20170113,4,
/2012/sponsor/nhn-japan,repo,404,404,,200,200,,OLD_NOT_OK_NEW_OK,,,,
/2012/sponsor/nhn-japan.html,hint+repo+wayback-cdx,200,200,,200,200,,CONTENT_DIFF,20120605,20240223,6,
/2012/sponsor/nifty,repo,404,404,,200,200,,OLD_NOT_OK_NEW_OK,,,,
/2012/sponsor/nifty.html,hint+repo+wayback-cdx,200,200,,200,200,,CONTENT_DIFF,20130222,20170113,3,
/2012/sponsor/osdn,repo,404,404,,200,200,,OLD_NOT_OK_NEW_OK,,,,
/2012/sponsor/osdn.html,hint+repo+wayback-cdx,200,200,,200,200,,CONTENT_DIFF,20120930,20170113,4,
/2012/sponsor/paperboy-co,repo,404,404,,200,200,,OLD_NOT_OK_NEW_OK,,,,
/2012/sponsor/paperboy-co.html,hint+repo+wayback-cdx,200,200,,200,200,,CONTENT_DIFF,20120624,20170113,4,
/2012/sponsor/seesaa,repo,404,404,,200,200,,OLD_NOT_OK_NEW_OK,,,,
/2012/sponsor/seesaa.html,hint+repo+wayback-cdx,200,200,,200,200,,CONTENT_DIFF,20130222,20170113,4,
/2012/sponsor/sixapart,repo,404,404,,200,200,,OLD_NOT_OK_NEW_OK,,,,
/2012/sponsor/sixapart.html,hint+repo+wayback-cdx,200,200,,200,200,,CONTENT_DIFF,20120605,20230326,6,
/2012/sponsor/skyarc,repo,404,404,,200,200,,OLD_NOT_OK_NEW_OK,,,,
/2012/sponsor/skyarc.html,hint+repo+wayback-cdx,200,200,,200,200,,CONTENT_DIFF,20130222,20170113,3,
/2012/sponsor/ssri,repo,404,404,,200,200,,OLD_NOT_OK_NEW_OK,,,,
/2012/sponsor/ssri.html,hint+repo+wayback-cdx,200,200,,200,200,,CONTENT_DIFF,20130222,20170113,5,
/2012/sponsor/stardust-communications,repo,404,404,,200,200,,OLD_NOT_OK_NEW_OK,,,,
/2012/sponsor/stardust-communications.html,hint+repo+wayback-cdx,200,200,,200,200,,CONTENT_DIFF,20130222,20170113,3,
/2012/sponsor/wano,repo,404,404,,200,200,,OLD_NOT_OK_NEW_OK,,,,
/2012/sponsor/wano.html,hint+repo+wayback-cdx,200,200,,200,200,,CONTENT_DIFF,20130104,20170113,4,
/2012/static/css/html.css,hint+repo,200,200,,200,200,,CSS_DIFF,,,,
/2012/static/css/style.css,hint+repo,200,200,,200,200,,SAME_CSS_NORMALIZED,,,,
/2012/static/fonts/LubalinGraph-Book.eot,hint+repo,200,200,,200,200,,IDENTICAL,,,,
/2012/static/fonts/LubalinGraph-Book.eot@,hint+repo,404,404,,200,200,,OLD_NOT_OK_NEW_OK,,,,
/2012/static/fonts/LubalinGraph-Book.svg,hint+repo,200,200,,200,200,,IDENTICAL,,,,
/2012/static/fonts/LubalinGraph-Book.ttf,hint+repo,200,200,,200,200,,IDENTICAL,,,,
/2012/static/fonts/LubalinGraph-Book.woff,hint+repo,200,200,,200,200,,IDENTICAL,,,,
/2012/static/fonts/LubalinGraph-Demi.eot,hint+repo,200,200,,200,200,,IDENTICAL,,,,
/2012/static/fonts/LubalinGraph-Demi.eot@,hint+repo,404,404,,200,200,,OLD_NOT_OK_NEW_OK,,,,
/2012/static/fonts/LubalinGraph-Demi.svg,hint+repo,200,200,,200,200,,IDENTICAL,,,,
/2012/static/fonts/LubalinGraph-Demi.ttf,hint+repo,200,200,,200,200,,IDENTICAL,,,,
/2012/static/fonts/LubalinGraph-Demi.woff,hint+repo,200,200,,200,200,,IDENTICAL,,,,
/2012/static/fonts/MuseoSlab-500.eot,hint+repo,200,200,,200,200,,IDENTICAL,,,,
/2012/static/fonts/MuseoSlab-500.eot@,hint+repo,404,404,,200,200,,OLD_NOT_OK_NEW_OK,,,,
/2012/static/fonts/MuseoSlab-500.svg,hint+repo,200,200,,200,200,,IDENTICAL,,,,
/2012/static/fonts/MuseoSlab-500.ttf,hint+repo,200,200,,200,200,,IDENTICAL,,,,
/2012/static/fonts/MuseoSlab-500.woff,hint+repo,200,200,,200,200,,IDENTICAL,,,,
/2012/static/image/sponsors/YAPC_image_0406.png,hint+repo,200,200,,200,200,,IDENTICAL,,,,
/2012/static/image/sponsors/ad-hatena.jpg,hint+repo,200,200,,200,200,,IDENTICAL,,,,
/2012/static/image/sponsors/fo_yapcasia.jpg,hint+repo,200,200,,200,200,,IDENTICAL,,,,
/2012/static/image/sponsors/mixi-yapc.gif,hint+repo,200,200,,200,200,,IDENTICAL,,,,
/2012/static/image/sponsors/nhn_jp.jpg,hint+repo,200,200,,200,200,,IDENTICAL,,,,
/2012/static/image/sponsors/wano.jpg,hint+repo,200,200,,200,200,,IDENTICAL,,,,
/2012/static/image/sponsors/yapc_sakk.jpg,hint+repo,200,200,,200,200,,IDENTICAL,,,,
/2012/static/image/sponsors/yapc_seesaa.jpg,hint+repo,200,200,,200,200,,IDENTICAL,,,,
/2012/static/images/5c3afdcbdfe9c2aeed790b9b15d4bcef.png,hint+repo,200,200,,200,200,,IDENTICAL,,,,
/2012/static/images/contents_h2_base.gif,hint+repo,200,200,,200,200,,IDENTICAL,,,,
/2012/static/images/contents_h3_base.gif,hint+repo,200,200,,200,200,,IDENTICAL,,,,
/2012/static/images/contents_inner_base_bottom.gif,hint+repo,200,200,,200,200,,IDENTICAL,,,,
/2012/static/images/contents_inner_base_top.gif,hint+repo,200,200,,200,200,,IDENTICAL,,,,
/2012/static/images/face_Adam_Kennedy.jpg,hint+repo,200,200,,200,200,,IDENTICAL,,,,
/2012/static/images/face_Larry_Wall.jpg,hint+repo,200,200,,200,200,,IDENTICAL,,,,
/2012/static/images/face_Tim_Bunce.jpg,hint+repo,200,200,,200,200,,IDENTICAL,,,,
/2012/static/images/face_blank.gif,hint+repo,200,200,,200,200,,IDENTICAL,,,,
/2012/static/images/face_mizzy.jpg,hint+repo,200,200,,200,200,,IDENTICAL,,,,
/2012/static/images/favicon.ico,hint+repo,200,200,,200,200,,IDENTICAL,,,,
/2012/static/images/footer_base.gif,hint+repo,200,200,,200,200,,IDENTICAL,,,,
/2012/static/images/header_base.jpg,hint+repo,200,200,,200,200,,IDENTICAL,,,,
/2012/static/images/main_base.jpg,hint+repo,200,200,,200,200,,IDENTICAL,,,,
/2012/static/images/side_h3_base.gif,hint+repo,200,200,,200,200,,IDENTICAL,,,,
/2012/static/images/side_inner_base_bottom.gif,hint+repo,200,200,,200,200,,IDENTICAL,,,,
/2012/static/images/side_inner_base_top.gif,hint+repo,200,200,,200,200,,IDENTICAL,,,,
/2012/static/images/sponsors/B.Logo%20attachment2.jpg,hint+repo,200,200,,200,200,,IDENTICAL,,,,
/2012/static/images/sponsors/B.Logo&,hint,404,404,,404,404,,BOTH_NOT_OK_SAME,,,,
/2012/static/images/sponsors/c4sa.jpg,hint+repo,200,200,,200,200,,IDENTICAL,,,,
/2012/static/images/sponsors/codeiq_top_pc.jpg,hint+repo,200,200,,200,200,,IDENTICAL,,,,
/2012/static/images/sponsors/gree_sponsor_page.jpg,hint+repo,200,200,,200,200,,IDENTICAL,,,,
/2012/static/images/sponsors/kddi_web_communications.jpg,hint+repo,200,200,,200,200,,IDENTICAL,,,,
/2012/static/images/sponsors/logo-dena.png,hint+repo,200,200,,200,200,,IDENTICAL,,,,
/2012/static/images/sponsors/logo-gaiax.png,hint+repo,200,200,,200,200,,IDENTICAL,,,,
/2012/static/images/sponsors/logo-jpa.png,hint+repo,200,200,,200,200,,IDENTICAL,,,,
/2012/static/images/sponsors/logo-lancard.png,hint+repo,200,200,,200,200,,IDENTICAL,,,,
/2012/static/images/sponsors/logo-livedoor.png,hint+repo,200,200,,200,200,,IDENTICAL,,,,
/2012/static/images/sponsors/logo-mixi.png,hint+repo,200,200,,200,200,,IDENTICAL,,,,
/2012/static/images/sponsors/logo-mobilefactory.png,hint+repo,200,200,,200,200,,IDENTICAL,,,,
/2012/static/images/sponsors/logo-nhn.jpg,hint+repo,200,200,,200,200,,IDENTICAL,,,,
/2012/static/images/sponsors/logo-oreilly.png,hint+repo,200,200,,200,200,,IDENTICAL,,,,
/2012/static/images/sponsors/logo-s2factory.png,hint+repo,200,200,,200,200,,IDENTICAL,,,,
/2012/static/images/sponsors/logo-sixapart.png,hint+repo,200,200,,200,200,,IDENTICAL,,,,
/2012/static/images/sponsors/logo_30days.gif,hint+repo,200,200,,200,200,,IDENTICAL,,,,
/2012/static/images/sponsors/logo_adways.jpg,hint+repo,200,200,,200,200,,IDENTICAL,,,,
/2012/static/images/sponsors/logo_bookingcom.jpg,hint+repo,200,200,,200,200,,IDENTICAL,,,,
/2012/static/images/sponsors/logo_bookscan.jpg,hint+repo,200,200,,200,200,,IDENTICAL,,,,
/2012/static/images/sponsors/logo_cb21.jpg,hint+repo,200,200,,200,200,,IDENTICAL,,,,
/2012/static/images/sponsors/logo_codeiq.jpg,hint+repo,200,200,,200,200,,IDENTICAL,,,,
/2012/static/images/sponsors/logo_commercelink.jpg,hint+repo,200,200,,200,200,,IDENTICAL,,,,
/2012/static/images/sponsors/logo_cookpad.jpg,hint+repo,200,200,,200,200,,IDENTICAL,,,,
/2012/static/images/sponsors/logo_dotcloud.gif,hint+repo,200,200,,200,200,,IDENTICAL,,,,
/2012/static/images/sponsors/logo_fonfun.jpg,hint+repo,200,200,,200,200,,IDENTICAL,,,,
/2012/static/images/sponsors/logo_freakout.jpg,hint+repo,200,200,,200,200,,IDENTICAL,,,,
/2012/static/images/sponsors/logo_gihyo.gif,hint+repo,200,200,,200,200,,IDENTICAL,,,,
/2012/static/images/sponsors/logo_gree.jpg,hint+repo,200,200,,200,200,,IDENTICAL,,,,
/2012/static/images/sponsors/logo_hatena.gif,hint+repo,200,200,,200,200,,IDENTICAL,,,,
/2012/static/images/sponsors/logo_idac.jpg,hint+repo,200,200,,200,200,,IDENTICAL,,,,
/2012/static/images/sponsors/logo_kayac.gif,hint+repo,200,200,,200,200,,IDENTICAL,,,,
/2012/static/images/sponsors/logo_kwc.jpg,hint+repo,200,200,,200,200,,IDENTICAL,,,,
/2012/static/images/sponsors/logo_lancard.jpg,hint+repo,200,200,,200,200,,IDENTICAL,,,,
/2012/static/images/sponsors/logo_motionbeat.jpg,hint+repo,200,200,,200,200,,IDENTICAL,,,,
/2012/static/images/sponsors/logo_naver.png,hint+repo,200,200,,200,200,,IDENTICAL,,,,
/2012/static/images/sponsors/logo_nifty.jpg,hint+repo,200,200,,200,200,,IDENTICAL,,,,
/2012/static/images/sponsors/logo_oneup.jpg,hint+repo,200,200,,200,200,,IDENTICAL,,,,
/2012/static/images/sponsors/logo_paperboy.jpg,hint+repo,200,200,,200,200,,IDENTICAL,,,,
/2012/static/images/sponsors/logo_pixiv.jpg,hint+repo,200,200,,200,200,,IDENTICAL,,,,
/2012/static/images/sponsors/logo_quan.jpg,hint+repo,200,200,,200,200,,IDENTICAL,,,,
/2012/static/images/sponsors/logo_recruit.jpg,hint+repo,200,200,,200,200,,IDENTICAL,,,,
/2012/static/images/sponsors/logo_sakura.gif,hint+repo,200,200,,200,200,,IDENTICAL,,,,
/2012/static/images/sponsors/logo_seesaa.gif,hint+repo,200,200,,200,200,,IDENTICAL,,,,
/2012/static/images/sponsors/logo_seesaa.jpg,hint+repo,200,200,,200,200,,IDENTICAL,,,,
/2012/static/images/sponsors/logo_skyarc2.jpg,hint+repo,200,200,,200,200,,IDENTICAL,,,,
/2012/static/images/sponsors/logo_smarteducation.jpg,hint+repo,200,200,,200,200,,IDENTICAL,,,,
/2012/static/images/sponsors/logo_sourceforge.jpg,hint+repo,200,200,,200,200,,IDENTICAL,,,,
/2012/static/images/sponsors/logo_ssri.jpg,hint+repo,200,200,,200,200,,IDENTICAL,,,,
/2012/static/images/sponsors/logo_stardust.jpg,hint+repo,200,200,,200,200,,IDENTICAL,,,,
/2012/static/images/sponsors/logo_wano.jpg,hint+repo,200,200,,200,200,,IDENTICAL,,,,
/2012/static/images/sponsors/motionbeat_yapcbanner.jpg,hint+repo,200,200,,200,200,,IDENTICAL,,,,
/2012/static/images/sponsors/paperboy_590_280.jpg,hint+repo,200,200,,200,200,,IDENTICAL,,,,
/2012/static/js/functions.js,hint+repo,200,200,,200,200,,TEXT_DIFF,,,,
/2012/static/js/jquery.page-scroller.js,hint+repo,200,200,,200,200,,IDENTICAL,,,,
/2012/static/js/redirecter.js,hint+repo,404,404,,200,200,,OLD_NOT_OK_NEW_OK,,,,
/2012/static/skyarc_region2012.jpg,hint+repo,200,200,,200,200,,IDENTICAL,,,,
/2012/static/yapc_skyarc.jpg,hint+repo,200,200,,200,200,,IDENTICAL,,,,
/2012/talk,hint+repo+wayback-cdx,301,200,/2012/talk/,301,200,/2012/talk/,CONTENT_DIFF,20120605,20260109,9,
/2012/talk.html,hint+repo+wayback-cdx,404,404,,200,200,,OLD_NOT_OK_NEW_OK,20231201,20231201,1,
/2012/talk/,hint+repo,200,200,,200,200,,CONTENT_DIFF,20120710,20230529,23,
/2012/talk/.google-analytics.com/ga.js,old-link,404,404,,404,404,,BOTH_NOT_OK_SAME,,,,
/2012/talk/edit/00543244-fc2d-11e1-8ef9-00556aeab6a4?lt=1,hint,404,404,,404,404,,BOTH_NOT_OK_SAME,,,,2
/2012/talk/edit/048d468c-ab9e-11e1-a3b5-2a656aeab6a4,hint,404,404,,404,404,,BOTH_NOT_OK_SAME,,,,2
/2012/talk/edit/08930a0c-b132-11e1-885d-564e6aeab6a4,hint,404,404,,404,404,,BOTH_NOT_OK_SAME,,,,2
/2012/talk/edit/1257b404-da07-11e1-bb59-0d4e6aeab6a4,hint,404,404,,404,404,,BOTH_NOT_OK_SAME,,,,2
/2012/talk/edit/14ac724c-db17-11e1-b032-0d4e6aeab6a4,hint,404,404,,404,404,,BOTH_NOT_OK_SAME,,,,2
/2012/talk/edit/15eeb91e-f596-11e1-bdce-f8c36aeab6a4?lt=1,hint,404,404,,404,404,,BOTH_NOT_OK_SAME,,,,2
/2012/talk/edit/16501bb0-f5e0-11e1-910f-f8c36aeab6a4?lt=1,hint,404,404,,404,404,,BOTH_NOT_OK_SAME,,,,2
/2012/talk/edit/1c3b1bb6-be80-11e1-8d15-b39f6aeab6a4,hint,404,404,,404,404,,BOTH_NOT_OK_SAME,,,,2
/2012/talk/edit/1cc88df4-da3a-11e1-b11f-0d4e6aeab6a4,hint,404,404,,404,404,,BOTH_NOT_OK_SAME,,,,2
/2012/talk/edit/2a7dd754-f5a8-11e1-93ee-f8c36aeab6a4?lt=1,hint,404,404,,404,404,,BOTH_NOT_OK_SAME,,,,2
/2012/talk/edit/2b346546-f7dd-11e1-90c9-beab6aeab6a4?lt=1,hint,404,404,,404,404,,BOTH_NOT_OK_SAME,,,,2
/2012/talk/edit/2bab6ca8-0c65-11e2-a7a5-001636ebe579?lt=1,hint,404,404,,404,404,,BOTH_NOT_OK_SAME,,,,2
/2012/talk/edit/2c531ede-c1ac-11e1-860d-28556aeab6a4,hint,404,404,,404,404,,BOTH_NOT_OK_SAME,,,,2
/2012/talk/edit/2c8dfc82-bd2b-11e1-a568-b39f6aeab6a4,hint,404,404,,404,404,,BOTH_NOT_OK_SAME,,,,2
/2012/talk/edit/2e4e8e16-f5b5-11e1-b2ac-f8c36aeab6a4?lt=1,hint,404,404,,404,404,,BOTH_NOT_OK_SAME,,,,2
/2012/talk/edit/33ac78aa-0c5d-11e2-a7a5-001636ebe579?lt=1,hint,404,404,,404,404,,BOTH_NOT_OK_SAME,,,,2
/2012/talk/edit/3570fad2-d484-11e1-964b-37a36aeab6a4,hint,404,404,,404,404,,BOTH_NOT_OK_SAME,,,,2
/2012/talk/edit/3602bfbc-0c65-11e2-a7a5-001636ebe579?lt=1,hint,404,404,,404,404,,BOTH_NOT_OK_SAME,,,,2
/2012/talk/edit/37e5eabc-d550-11e1-ace3-37a36aeab6a4,hint,404,404,,404,404,,BOTH_NOT_OK_SAME,,,,3
/2012/talk/edit/39c79a14-0c65-11e2-a7a5-001636ebe579?lt=1,hint,404,404,,404,404,,BOTH_NOT_OK_SAME,,,,2
/2012/talk/edit/3a843f6e-dabc-11e1-9422-0d4e6aeab6a4,hint,404,404,,404,404,,BOTH_NOT_OK_SAME,,,,2
/2012/talk/edit/3abbfeb4-ab8b-11e1-8c20-e9b36aeab6a4,hint,404,404,,404,404,,BOTH_NOT_OK_SAME,,,,2
/2012/talk/edit/3c10ee1c-abc4-11e1-af4b-ea856aeab6a4,hint,404,404,,404,404,,BOTH_NOT_OK_SAME,,,,2
/2012/talk/edit/3e7acdec-db1e-11e1-90c8-0d4e6aeab6a4,hint,404,404,,404,404,,BOTH_NOT_OK_SAME,,,,2
/2012/talk/edit/3eac4714-d920-11e1-bf45-0d4e6aeab6a4,hint,404,404,,404,404,,BOTH_NOT_OK_SAME,,,,2
/2012/talk/edit/40330888-db88-11e1-8417-0d4e6aeab6a4,hint,404,404,,404,404,,BOTH_NOT_OK_SAME,,,,2
/2012/talk/edit/405aef14-da94-11e1-a30d-0d4e6aeab6a4,hint,404,404,,404,404,,BOTH_NOT_OK_SAME,,,,2
/2012/talk/edit/41790678-df90-11e1-b3c7-8e936aeab6a4,hint,404,404,,404,404,,BOTH_NOT_OK_SAME,,,,2
/2012/talk/edit/42f3fba2-f8e0-11e1-8b29-beab6aeab6a4?lt=1,hint,404,404,,404,404,,BOTH_NOT_OK_SAME,,,,2
/2012/talk/edit/43618a86-0665-11e2-a2d1-779e6aeab6a4?lt=1,hint,404,404,,404,404,,BOTH_NOT_OK_SAME,,,,2
/2012/talk/edit/4a021afa-0c63-11e2-a7a5-001636ebe579?lt=1,hint,404,404,,404,404,,BOTH_NOT_OK_SAME,,,,2
/2012/talk/edit/4d98200c-dae4-11e1-b6d8-0d4e6aeab6a4,hint,404,404,,404,404,,BOTH_NOT_OK_SAME,,,,2
/2012/talk/edit/4d98da6a-03cf-11e2-95da-7f666aeab6a4?lt=1,hint,404,404,,404,404,,BOTH_NOT_OK_SAME,,,,2
/2012/talk/edit/5425192c-d411-11e1-8310-37a36aeab6a4,hint,404,404,,404,404,,BOTH_NOT_OK_SAME,,,,2
/2012/talk/edit/549c04ea-084d-11e2-81ca-15646aeab6a4?lt=1,hint,404,404,,404,404,,BOTH_NOT_OK_SAME,,,,2
/2012/talk/edit/56ce8ad8-abb6-11e1-93ce-57a46aeab6a4,hint,404,404,,404,404,,BOTH_NOT_OK_SAME,,,,2
/2012/talk/edit/57982978-0625-11e2-a199-779e6aeab6a4?lt=1,hint,404,404,,404,404,,BOTH_NOT_OK_SAME,,,,2
/2012/talk/edit/598b2f46-abb2-11e1-b053-57a46aeab6a4,hint,404,404,,404,404,,BOTH_NOT_OK_SAME,,,,2
/2012/talk/edit/5da12cf6-adde-11e1-aff4-22926aeab6a4,hint,404,404,,404,404,,BOTH_NOT_OK_SAME,,,,2
/2012/talk/edit/5f1aa8b2-da18-11e1-b614-0d4e6aeab6a4,hint,404,404,,404,404,,BOTH_NOT_OK_SAME,,,,3
/2012/talk/edit/63dbff60-b365-11e1-befb-95586aeab6a4,hint,404,404,,404,404,,BOTH_NOT_OK_SAME,,,,2
/2012/talk/edit/645d66cc-d98a-11e1-af5f-0d4e6aeab6a4,hint,404,404,,404,404,,BOTH_NOT_OK_SAME,,,,2
/2012/talk/edit/6c329e7e-abd3-11e1-985a-22926aeab6a4,hint,404,404,,404,404,,BOTH_NOT_OK_SAME,,,,2
/2012/talk/edit/6c576c78-db11-11e1-abe7-0d4e6aeab6a4,hint,404,404,,404,404,,BOTH_NOT_OK_SAME,,,,2
/2012/talk/edit/6d2a5590-da3d-11e1-a317-0d4e6aeab6a4,hint,404,404,,404,404,,BOTH_NOT_OK_SAME,,,,2
/2012/talk/edit/71757d4c-acc4-11e1-a17e-22926aeab6a4,hint,404,404,,404,404,,BOTH_NOT_OK_SAME,,,,2
/2012/talk/edit/72256d20-dbad-11e1-bcf1-95936aeab6a4,hint,404,404,,404,404,,BOTH_NOT_OK_SAME,,,,2
/2012/talk/edit/72ef69fe-da45-11e1-abbb-0d4e6aeab6a4,hint,404,404,,404,404,,BOTH_NOT_OK_SAME,,,,2
/2012/talk/edit/736d6cfc-bbf8-11e1-88ea-b39f6aeab6a4,hint,404,404,,404,404,,BOTH_NOT_OK_SAME,,,,2
/2012/talk/edit/73dfc76c-daf6-11e1-9125-0d4e6aeab6a4,hint,404,404,,404,404,,BOTH_NOT_OK_SAME,,,,2
/2012/talk/edit/767bd582-abb3-11e1-85bd-57a46aeab6a4,hint,404,404,,404,404,,BOTH_NOT_OK_SAME,,,,2
/2012/talk/edit/79991522-db79-11e1-be22-0d4e6aeab6a4,hint,404,404,,404,404,,BOTH_NOT_OK_SAME,,,,2
/2012/talk/edit/7ac728dc-0aed-11e2-a7a5-001636ebe579?lt=1,hint,404,404,,404,404,,BOTH_NOT_OK_SAME,,,,2
/2012/talk/edit/7b6375aa-bd29-11e1-ad51-b39f6aeab6a4,hint,404,404,,404,404,,BOTH_NOT_OK_SAME,,,,2
/2012/talk/edit/7bfe4042-0aec-11e2-a7a5-001636ebe579?lt=1,hint,404,404,,404,404,,BOTH_NOT_OK_SAME,,,,2
/2012/talk/edit/7dfaa352-afbd-11e1-9133-ef7b6aeab6a4,hint,404,404,,404,404,,BOTH_NOT_OK_SAME,,,,2
/2012/talk/edit/8104edaa-b2ab-11e1-a08b-95586aeab6a4,hint,404,404,,404,404,,BOTH_NOT_OK_SAME,,,,3
/2012/talk/edit/82875e52-d546-11e1-b765-37a36aeab6a4,hint,404,404,,404,404,,BOTH_NOT_OK_SAME,,,,2
/2012/talk/edit/844c1278-dad2-11e1-a1dd-0d4e6aeab6a4,hint,404,404,,404,404,,BOTH_NOT_OK_SAME,,,,2
/2012/talk/edit/863251ce-d870-11e1-924a-0d4e6aeab6a4,hint,404,404,,404,404,,BOTH_NOT_OK_SAME,,,,2
/2012/talk/edit/8ec1a6fa-abb6-11e1-b982-57a46aeab6a4,hint,404,404,,404,404,,BOTH_NOT_OK_SAME,,,,2
/2012/talk/edit/93912060-b9b8-11e1-9336-d0be6aeab6a4,hint,404,404,,404,404,,BOTH_NOT_OK_SAME,,,,2
/2012/talk/edit/93a4b3b4-0152-11e2-bfc9-054f6aeab6a4?lt=1,hint,404,404,,404,404,,BOTH_NOT_OK_SAME,,,,2
/2012/talk/edit/93d81a52-fc1f-11e1-b3f7-00556aeab6a4?lt=1,hint,404,404,,404,404,,BOTH_NOT_OK_SAME,,,,2
/2012/talk/edit/96627a88-ab9d-11e1-a255-2a656aeab6a4,hint,404,404,,404,404,,BOTH_NOT_OK_SAME,,,,2
/2012/talk/edit/99d615f2-b4d6-11e1-8faa-92b46aeab6a4,hint,404,404,,404,404,,BOTH_NOT_OK_SAME,,,,2
/2012/talk/edit/9a662188-da47-11e1-82d2-0d4e6aeab6a4,hint,404,404,,404,404,,BOTH_NOT_OK_SAME,,,,2
/2012/talk/edit/9f29606e-c961-11e1-8b8c-37a36aeab6a4,hint,404,404,,404,404,,BOTH_NOT_OK_SAME,,,,2
/2012/talk/edit/9fba79a8-b3ce-11e1-b82e-92b46aeab6a4,hint,404,404,,404,404,,BOTH_NOT_OK_SAME,,,,2
/2012/talk/edit/a1368a10-db1f-11e1-ae64-0d4e6aeab6a4,hint,404,404,,404,404,,BOTH_NOT_OK_SAME,,,,2
/2012/talk/edit/a3f896b4-b8e0-11e1-bde8-38876aeab6a4,hint,404,404,,404,404,,BOTH_NOT_OK_SAME,,,,2
/2012/talk/edit/aaade824-abc0-11e1-8865-57a46aeab6a4,hint,404,404,,404,404,,BOTH_NOT_OK_SAME,,,,2
/2012/talk/edit/bcdf8c9e-da9d-11e1-a79e-0d4e6aeab6a4,hint,404,404,,404,404,,BOTH_NOT_OK_SAME,,,,2
/2012/talk/edit/bfe3023a-b4d8-11e1-9ef1-92b46aeab6a4,hint,404,404,,404,404,,BOTH_NOT_OK_SAME,,,,2
/2012/talk/edit/c4750956-f5f1-11e1-ab9e-f8c36aeab6a4?lt=1,hint,404,404,,404,404,,BOTH_NOT_OK_SAME,,,,2
/2012/talk/edit/c7f4c04a-0c61-11e2-a7a5-001636ebe579?lt=1,hint,404,404,,404,404,,BOTH_NOT_OK_SAME,,,,2
/2012/talk/edit/c8c6ea6c-d5a6-11e1-aeff-37a36aeab6a4,hint,404,404,,404,404,,BOTH_NOT_OK_SAME,,,,2
/2012/talk/edit/c9c6fcb0-dbad-11e1-bcf1-95936aeab6a4,hint,404,404,,404,404,,BOTH_NOT_OK_SAME,,,,2
/2012/talk/edit/ccbda154-0c62-11e2-a7a5-001636ebe579?lt=1,hint,404,404,,404,404,,BOTH_NOT_OK_SAME,,,,2
/2012/talk/edit/cd9ab1d4-db1b-11e1-ae64-0d4e6aeab6a4,hint,404,404,,404,404,,BOTH_NOT_OK_SAME,,,,2
/2012/talk/edit/d08441ca-0803-11e2-8333-15646aeab6a4?lt=1,hint,404,404,,404,404,,BOTH_NOT_OK_SAME,,,,2
/2012/talk/edit/d1edd2c0-ab9b-11e1-918c-2a656aeab6a4,hint,404,404,,404,404,,BOTH_NOT_OK_SAME,,,,2
/2012/talk/edit/d409f4da-df7b-11e1-86a9-001636ebe579,hint,404,404,,404,404,,BOTH_NOT_OK_SAME,,,,2
/2012/talk/edit/d475d900-fe22-11e1-b86d-00556aeab6a4?lt=1,hint,404,404,,404,404,,BOTH_NOT_OK_SAME,,,,2
/2012/talk/edit/d5b40bd8-f5a4-11e1-bdce-f8c36aeab6a4?lt=1,hint,404,404,,404,404,,BOTH_NOT_OK_SAME,,,,2
/2012/talk/edit/dbe56d5c-ac3a-11e1-8ef2-22926aeab6a4,hint,404,404,,404,404,,BOTH_NOT_OK_SAME,,,,3
/2012/talk/edit/dde622e2-e126-11e1-80c3-4d5c6aeab6a4,hint,404,404,,404,404,,BOTH_NOT_OK_SAME,,,,2
/2012/talk/edit/e20da704-d4ca-11e1-a778-37a36aeab6a4,hint,404,404,,404,404,,BOTH_NOT_OK_SAME,,,,2
/2012/talk/edit/e858159e-f7e4-11e1-90c9-beab6aeab6a4?lt=1,hint,404,404,,404,404,,BOTH_NOT_OK_SAME,,,,2
/2012/talk/edit/e9030f38-0637-11e2-a778-779e6aeab6a4?lt=1,hint,404,404,,404,404,,BOTH_NOT_OK_SAME,,,,2
/2012/talk/edit/ea24040c-db90-11e1-8a64-4c8f6aeab6a4,hint,404,404,,404,404,,BOTH_NOT_OK_SAME,,,,2
/2012/talk/edit/f8223e4c-021a-11e2-aad4-044f6aeab6a4?lt=1,hint,404,404,,404,404,,BOTH_NOT_OK_SAME,,,,2
/2012/talk/edit/fcc5b78c-dae5-11e1-b6d8-0d4e6aeab6a4,hint,404,404,,404,404,,BOTH_NOT_OK_SAME,,,,2
/2012/talk/edit/fdb4fa30-da91-11e1-8db4-0d4e6aeab6a4,hint,404,404,,404,404,,BOTH_NOT_OK_SAME,,,,2
/2012/talk/index,repo,404,404,,200,200,,OLD_NOT_OK_NEW_OK,,,,
/2012/talk/index.html,hint+repo,200,200,,200,200,,CONTENT_DIFF,,,,
/2012/talk/input,hint,404,404,,404,404,,BOTH_NOT_OK_SAME,,,,4
/2012/talk/input?lang=en,hint,404,404,,404,404,,BOTH_NOT_OK_SAME,,,,2
/2012/talk/input?lt=1,hint,404,404,,404,404,,BOTH_NOT_OK_SAME,,,,2
/2012/talk/schedule,hint+repo+wayback-cdx,200,200,,200,200,,CONTENT_DIFF,20120928,20120928,1,
/2012/talk/schedule.html,hint+repo,404,404,,200,200,,OLD_NOT_OK_NEW_OK,,,,
/2012/talk/schedule?date=2012-09-27,hint+repo+wayback-cdx,301,200,/2012/talk/schedule_2012-09-27,200,200,,CONTENT_DIFF,20120930,20260508,6,
/2012/talk/schedule?date=2012-09-28,hint+repo+wayback-cdx,301,200,/2012/talk/schedule_2012-09-28,200,200,,CONTENT_DIFF,20120930,20260508,5,
/2012/talk/schedule?date=2012-09-29,hint+repo+wayback-cdx,301,200,/2012/talk/schedule_2012-09-29,200,200,,CONTENT_DIFF,20120818,20251204,8,
/2012/talk/schedule@date=2012-09-27,repo,404,404,,200,200,,OLD_NOT_OK_NEW_OK,,,,
/2012/talk/schedule@date=2012-09-27.html,hint+repo,404,404,,200,200,,OLD_NOT_OK_NEW_OK,,,,
/2012/talk/schedule@date=2012-09-28,repo,404,404,,200,200,,OLD_NOT_OK_NEW_OK,,,,
/2012/talk/schedule@date=2012-09-28.html,hint+repo,404,404,,200,200,,OLD_NOT_OK_NEW_OK,,,,
/2012/talk/schedule@date=2012-09-29,repo,404,404,,200,200,,OLD_NOT_OK_NEW_OK,,,,
/2012/talk/schedule@date=2012-09-29.html,hint+repo,404,404,,200,200,,OLD_NOT_OK_NEW_OK,,,,
/2012/talk/schedule_2012-09-27,hint+repo,200,200,,200,200,,CONTENT_DIFF,,,,
/2012/talk/schedule_2012-09-27.html,hint+repo,404,404,,200,200,,OLD_NOT_OK_NEW_OK,,,,
/2012/talk/schedule_2012-09-28,hint+repo,200,200,,200,200,,CONTENT_DIFF,,,,
/2012/talk/schedule_2012-09-28.html,hint+repo,404,404,,200,200,,OLD_NOT_OK_NEW_OK,,,,
/2012/talk/schedule_2012-09-29,hint+repo,200,200,,200,200,,CONTENT_DIFF,,,,
/2012/talk/schedule_2012-09-29.html,hint+repo,404,404,,200,200,,OLD_NOT_OK_NEW_OK,,,,
/2012/talk/show/.google-analytics.com/ga.js,old-link,404,404,,404,404,,BOTH_NOT_OK_SAME,,,,
/2012/talk/show/00543244-fc2d-11e1-8ef9-00556aeab6a4,hint+repo+wayback-cdx,200,200,,200,200,,CONTENT_DIFF,20121025,20140829,3,
/2012/talk/show/00543244-fc2d-11e1-8ef9-00556aeab6a4.html,hint+repo,404,404,,200,200,,OLD_NOT_OK_NEW_OK,,,,
/2012/talk/show/048d468c-ab9e-11e1-a3b5-2a656aeab6a4,hint+repo+wayback-cdx,200,200,,200,200,,CONTENT_DIFF,20120615,20140825,3,
/2012/talk/show/048d468c-ab9e-11e1-a3b5-2a656aeab6a4.html,hint+repo,404,404,,200,200,,OLD_NOT_OK_NEW_OK,,,,
/2012/talk/show/08930a0c-b132-11e1-885d-564e6aeab6a4,hint+repo+wayback-cdx,200,200,,200,200,,CONTENT_DIFF,20120613,20260613,7,
/2012/talk/show/08930a0c-b132-11e1-885d-564e6aeab6a4.html,hint+repo,404,404,,200,200,,OLD_NOT_OK_NEW_OK,,,,
/2012/talk/show/1257b404-da07-11e1-bb59-0d4e6aeab6a4,hint+repo+wayback-cdx,200,200,,200,200,,CONTENT_DIFF,20120803,20251212,9,
/2012/talk/show/1257b404-da07-11e1-bb59-0d4e6aeab6a4.html,hint+repo,404,404,,200,200,,OLD_NOT_OK_NEW_OK,,,,
/2012/talk/show/14ac724c-db17-11e1-b032-0d4e6aeab6a4,hint+repo+wayback-cdx,200,200,,200,200,,CONTENT_DIFF,20120930,20170822,4,
/2012/talk/show/14ac724c-db17-11e1-b032-0d4e6aeab6a4.html,hint+repo,404,404,,200,200,,OLD_NOT_OK_NEW_OK,,,,
/2012/talk/show/15eeb91e-f596-11e1-bdce-f8c36aeab6a4,hint+repo+wayback-cdx,200,200,,200,200,,CONTENT_DIFF,20130222,20140825,2,
/2012/talk/show/15eeb91e-f596-11e1-bdce-f8c36aeab6a4.html,hint+repo,404,404,,200,200,,OLD_NOT_OK_NEW_OK,,,,
/2012/talk/show/16501bb0-f5e0-11e1-910f-f8c36aeab6a4,hint+repo+wayback-cdx,200,200,,200,200,,CONTENT_DIFF,20130222,20140825,2,
/2012/talk/show/16501bb0-f5e0-11e1-910f-f8c36aeab6a4.html,hint+repo,404,404,,200,200,,OLD_NOT_OK_NEW_OK,,,,
/2012/talk/show/1c3b1bb6-be80-11e1-8d15-b39f6aeab6a4,hint+repo+wayback-cdx,200,200,,200,200,,CONTENT_DIFF,20121001,20251204,5,
/2012/talk/show/1c3b1bb6-be80-11e1-8d15-b39f6aeab6a4.html,hint+repo,404,404,,200,200,,OLD_NOT_OK_NEW_OK,,,,
/2012/talk/show/1cc88df4-da3a-11e1-b11f-0d4e6aeab6a4,hint+repo+wayback-cdx,200,200,,200,200,,CONTENT_DIFF,20120930,20250916,7,
/2012/talk/show/1cc88df4-da3a-11e1-b11f-0d4e6aeab6a4.html,hint+repo,404,404,,200,200,,OLD_NOT_OK_NEW_OK,,,,
/2012/talk/show/2a7dd754-f5a8-11e1-93ee-f8c36aeab6a4,hint+repo+wayback-cdx,200,200,,200,200,,CONTENT_DIFF,20130222,20140825,2,
/2012/talk/show/2a7dd754-f5a8-11e1-93ee-f8c36aeab6a4.html,hint+repo,404,404,,200,200,,OLD_NOT_OK_NEW_OK,,,,
/2012/talk/show/2b346546-f7dd-11e1-90c9-beab6aeab6a4,hint+repo+wayback-cdx,200,200,,200,200,,CONTENT_DIFF,20130222,20140829,2,
/2012/talk/show/2b346546-f7dd-11e1-90c9-beab6aeab6a4.html,hint+repo,404,404,,200,200,,OLD_NOT_OK_NEW_OK,,,,
/2012/talk/show/2bab6ca8-0c65-11e2-a7a5-001636ebe579,hint+repo+wayback-cdx,200,200,,200,200,,CONTENT_DIFF,20130222,20140829,2,
/2012/talk/show/2bab6ca8-0c65-11e2-a7a5-001636ebe579.html,hint+repo,404,404,,200,200,,OLD_NOT_OK_NEW_OK,,,,
/2012/talk/show/2c531ede-c1ac-11e1-860d-28556aeab6a4,hint+repo+wayback-cdx,200,200,,200,200,,CONTENT_DIFF,20121006,20260508,12,
/2012/talk/show/2c531ede-c1ac-11e1-860d-28556aeab6a4.html,hint+repo,404,404,,200,200,,OLD_NOT_OK_NEW_OK,,,,
/2012/talk/show/2c8dfc82-bd2b-11e1-a568-b39f6aeab6a4,hint+repo+wayback-cdx,200,200,,200,200,,CONTENT_DIFF,20120930,20241201,4,
/2012/talk/show/2c8dfc82-bd2b-11e1-a568-b39f6aeab6a4.html,hint+repo,404,404,,200,200,,OLD_NOT_OK_NEW_OK,,,,
/2012/talk/show/2e4e8e16-f5b5-11e1-b2ac-f8c36aeab6a4,hint+repo+wayback-cdx,200,200,,200,200,,CONTENT_DIFF,20130222,20140825,2,
/2012/talk/show/2e4e8e16-f5b5-11e1-b2ac-f8c36aeab6a4.html,hint+repo,404,404,,200,200,,OLD_NOT_OK_NEW_OK,,,,
/2012/talk/show/33ac78aa-0c5d-11e2-a7a5-001636ebe579,hint+repo+wayback-cdx,200,200,,200,200,,CONTENT_DIFF,20130222,20140827,2,
/2012/talk/show/33ac78aa-0c5d-11e2-a7a5-001636ebe579.html,hint+repo,404,404,,200,200,,OLD_NOT_OK_NEW_OK,,,,
/2012/talk/show/3570fad2-d484-11e1-964b-37a36aeab6a4,hint+repo+wayback-cdx,200,200,,200,200,,CONTENT_DIFF,20120930,20260308,8,
/2012/talk/show/3570fad2-d484-11e1-964b-37a36aeab6a4.html,hint+repo,404,404,,200,200,,OLD_NOT_OK_NEW_OK,,,,
/2012/talk/show/3602bfbc-0c65-11e2-a7a5-001636ebe579,hint+repo+wayback-cdx,200,200,,200,200,,CONTENT_DIFF,20130222,20140829,2,
/2012/talk/show/3602bfbc-0c65-11e2-a7a5-001636ebe579.html,hint+repo,404,404,,200,200,,OLD_NOT_OK_NEW_OK,,,,
/2012/talk/show/37e5eabc-d550-11e1-ace3-37a36aeab6a4,hint+repo+wayback-cdx,200,200,,200,200,,CONTENT_DIFF,20120727,20260308,9,
/2012/talk/show/37e5eabc-d550-11e1-ace3-37a36aeab6a4.html,hint+repo,404,404,,200,200,,OLD_NOT_OK_NEW_OK,,,,
/2012/talk/show/37e5eabc-d550-11e1-ace3-37a36aeab6a4?utm_source=dlvr.it&utm_medium=twitter,wayback-cdx,200,200,,200,200,,CONTENT_DIFF,20251126,20251126,1,
/2012/talk/show/39c79a14-0c65-11e2-a7a5-001636ebe579,hint+repo+wayback-cdx,200,200,,200,200,,CONTENT_DIFF,20130222,20130222,1,
/2012/talk/show/39c79a14-0c65-11e2-a7a5-001636ebe579.html,hint+repo,404,404,,200,200,,OLD_NOT_OK_NEW_OK,,,,
/2012/talk/show/3a843f6e-dabc-11e1-9422-0d4e6aeab6a4,hint+repo+wayback-cdx,200,200,,200,200,,CONTENT_DIFF,20130222,20190502,3,
/2012/talk/show/3a843f6e-dabc-11e1-9422-0d4e6aeab6a4.html,hint+repo,404,404,,200,200,,OLD_NOT_OK_NEW_OK,,,,
/2012/talk/show/3abbfeb4-ab8b-11e1-8c20-e9b36aeab6a4,hint+repo+wayback-cdx,200,200,,200,200,,CONTENT_DIFF,20120615,20140829,4,
/2012/talk/show/3abbfeb4-ab8b-11e1-8c20-e9b36aeab6a4.html,hint+repo,404,404,,200,200,,OLD_NOT_OK_NEW_OK,,,,
/2012/talk/show/3c10ee1c-abc4-11e1-af4b-ea856aeab6a4,hint+repo+wayback-cdx,200,200,,200,200,,CONTENT_DIFF,20120613,20260308,8,
/2012/talk/show/3c10ee1c-abc4-11e1-af4b-ea856aeab6a4.html,hint+repo,404,404,,200,200,,OLD_NOT_OK_NEW_OK,,,,
/2012/talk/show/3e7acdec-db1e-11e1-90c8-0d4e6aeab6a4,hint+repo+wayback-cdx,200,200,,200,200,,CONTENT_DIFF,20120930,20260308,6,
/2012/talk/show/3e7acdec-db1e-11e1-90c8-0d4e6aeab6a4.html,hint+repo,404,404,,200,200,,OLD_NOT_OK_NEW_OK,,,,
/2012/talk/show/3eac4714-d920-11e1-bf45-0d4e6aeab6a4,hint+repo+wayback-cdx,200,200,,200,200,,CONTENT_DIFF,20120930,20260122,8,
/2012/talk/show/3eac4714-d920-11e1-bf45-0d4e6aeab6a4.html,hint+repo,404,404,,200,200,,OLD_NOT_OK_NEW_OK,,,,
/2012/talk/show/40330888-db88-11e1-8417-0d4e6aeab6a4,hint+repo+wayback-cdx,200,200,,200,200,,CONTENT_DIFF,20121001,20260308,6,
/2012/talk/show/40330888-db88-11e1-8417-0d4e6aeab6a4.html,hint+repo,404,404,,200,200,,OLD_NOT_OK_NEW_OK,,,,
/2012/talk/show/405aef14-da94-11e1-a30d-0d4e6aeab6a4,hint+repo+wayback-cdx,200,200,,200,200,,CONTENT_DIFF,20130222,20140825,2,
/2012/talk/show/405aef14-da94-11e1-a30d-0d4e6aeab6a4.html,hint+repo,404,404,,200,200,,OLD_NOT_OK_NEW_OK,,,,
/2012/talk/show/41790678-df90-11e1-b3c7-8e936aeab6a4,hint+repo+wayback-cdx,200,200,,200,200,,CONTENT_DIFF,20120930,20250116,6,
/2012/talk/show/41790678-df90-11e1-b3c7-8e936aeab6a4.html,hint+repo,404,404,,200,200,,OLD_NOT_OK_NEW_OK,,,,
/2012/talk/show/42f3fba2-f8e0-11e1-8b29-beab6aeab6a4,hint+repo+wayback-cdx,200,200,,200,200,,CONTENT_DIFF,20130222,20140825,2,
/2012/talk/show/42f3fba2-f8e0-11e1-8b29-beab6aeab6a4.html,hint+repo,404,404,,200,200,,OLD_NOT_OK_NEW_OK,,,,
/2012/talk/show/42fa792e-ae70-11e1-8d60-f4736aeab6a4,wayback-cdx,404,404,,404,404,,BOTH_NOT_OK_SAME,20120613,20120613,1,
/2012/talk/show/43618a86-0665-11e2-a2d1-779e6aeab6a4,hint+repo+wayback-cdx,200,200,,200,200,,CONTENT_DIFF,20130222,20140827,2,
/2012/talk/show/43618a86-0665-11e2-a2d1-779e6aeab6a4.html,hint+repo,404,404,,200,200,,OLD_NOT_OK_NEW_OK,,,,
/2012/talk/show/4a021afa-0c63-11e2-a7a5-001636ebe579,hint+repo+wayback-cdx,200,200,,200,200,,CONTENT_DIFF,20130222,20140827,2,
/2012/talk/show/4a021afa-0c63-11e2-a7a5-001636ebe579.html,hint+repo,404,404,,200,200,,OLD_NOT_OK_NEW_OK,,,,
/2012/talk/show/4d98200c-dae4-11e1-b6d8-0d4e6aeab6a4,hint+repo+wayback-cdx,200,200,,200,200,,CONTENT_DIFF,20130222,20260413,3,
/2012/talk/show/4d98200c-dae4-11e1-b6d8-0d4e6aeab6a4.html,hint+repo,404,404,,200,200,,OLD_NOT_OK_NEW_OK,,,,
/2012/talk/show/4d98da6a-03cf-11e2-95da-7f666aeab6a4,hint+repo+wayback-cdx,200,200,,200,200,,CONTENT_DIFF,20130222,20140829,2,
/2012/talk/show/4d98da6a-03cf-11e2-95da-7f666aeab6a4.html,hint+repo,404,404,,200,200,,OLD_NOT_OK_NEW_OK,,,,
/2012/talk/show/5425192c-d411-11e1-8310-37a36aeab6a4,hint+repo+wayback-cdx,200,200,,200,200,,CONTENT_DIFF,20130222,20260308,5,
/2012/talk/show/5425192c-d411-11e1-8310-37a36aeab6a4.html,hint+repo,404,404,,200,200,,OLD_NOT_OK_NEW_OK,,,,
/2012/talk/show/549c04ea-084d-11e2-81ca-15646aeab6a4,hint+repo+wayback-cdx,200,200,,200,200,,CONTENT_DIFF,20130222,20140827,2,
/2012/talk/show/549c04ea-084d-11e2-81ca-15646aeab6a4.html,hint+repo,404,404,,200,200,,OLD_NOT_OK_NEW_OK,,,,
/2012/talk/show/56ce8ad8-abb6-11e1-93ce-57a46aeab6a4,hint+repo+wayback-cdx,200,200,,200,200,,CONTENT_DIFF,20120613,20240810,6,
/2012/talk/show/56ce8ad8-abb6-11e1-93ce-57a46aeab6a4.html,hint+repo,404,404,,200,200,,OLD_NOT_OK_NEW_OK,,,,
/2012/talk/show/57982978-0625-11e2-a199-779e6aeab6a4,hint+repo+wayback-cdx,200,200,,200,200,,CONTENT_DIFF,20130222,20140825,2,
/2012/talk/show/57982978-0625-11e2-a199-779e6aeab6a4.html,hint+repo,404,404,,200,200,,OLD_NOT_OK_NEW_OK,,,,
/2012/talk/show/598b2f46-abb2-11e1-b053-57a46aeab6a4,hint+repo+wayback-cdx,200,200,,200,200,,CONTENT_DIFF,20120613,20240810,5,
/2012/talk/show/598b2f46-abb2-11e1-b053-57a46aeab6a4.html,hint+repo,404,404,,200,200,,OLD_NOT_OK_NEW_OK,,,,
/2012/talk/show/5d0925a0-ac44-11e1-bba7-22926aeab6a4,wayback-cdx,404,404,,404,404,,BOTH_NOT_OK_SAME,20120605,20120605,1,
/2012/talk/show/5da12cf6-adde-11e1-aff4-22926aeab6a4,hint+repo+wayback-cdx,200,200,,200,200,,CONTENT_DIFF,20120613,20150222,4,
/2012/talk/show/5da12cf6-adde-11e1-aff4-22926aeab6a4.html,hint+repo,404,404,,200,200,,OLD_NOT_OK_NEW_OK,,,,
/2012/talk/show/5f1aa8b2-da18-11e1-b614-0d4e6aeab6a4,hint+repo+wayback-cdx,200,200,,200,200,,CONTENT_DIFF,20120930,20260308,9,
/2012/talk/show/5f1aa8b2-da18-11e1-b614-0d4e6aeab6a4.html,hint+repo,404,404,,200,200,,OLD_NOT_OK_NEW_OK,,,,
/2012/talk/show/5f1aa8b2-da18-11e1-b614-0d4e6aeab6a4?utm_source=dlvr.it&utm_medium=twitter,wayback-cdx,200,200,,200,200,,CONTENT_DIFF,20251227,20251227,1,
/2012/talk/show/63dbff60-b365-11e1-befb-95586aeab6a4,hint+repo+wayback-cdx,200,200,,200,200,,CONTENT_DIFF,20120615,20231201,9,
/2012/talk/show/63dbff60-b365-11e1-befb-95586aeab6a4.html,hint+repo,404,404,,200,200,,OLD_NOT_OK_NEW_OK,,,,
/2012/talk/show/645d66cc-d98a-11e1-af5f-0d4e6aeab6a4,hint+repo+wayback-cdx,200,200,,200,200,,CONTENT_DIFF,20121012,20260602,8,
/2012/talk/show/645d66cc-d98a-11e1-af5f-0d4e6aeab6a4.html,hint+repo,404,404,,200,200,,OLD_NOT_OK_NEW_OK,,,,
/2012/talk/show/6c329e7e-abd3-11e1-985a-22926aeab6a4,hint+repo+wayback-cdx,200,200,,200,200,,CONTENT_DIFF,20120613,20250916,8,
/2012/talk/show/6c329e7e-abd3-11e1-985a-22926aeab6a4.html,hint+repo,404,404,,200,200,,OLD_NOT_OK_NEW_OK,,,,
/2012/talk/show/6c576c78-db11-11e1-abe7-0d4e6aeab6a4,hint+repo,200,200,,200,200,,CONTENT_DIFF,,,,
/2012/talk/show/6c576c78-db11-11e1-abe7-0d4e6aeab6a4.html,hint+repo,404,404,,200,200,,OLD_NOT_OK_NEW_OK,,,,
/2012/talk/show/6d2a5590-da3d-11e1-a317-0d4e6aeab6a4,hint+repo+wayback-cdx,200,200,,200,200,,CONTENT_DIFF,20121009,20250116,5,
/2012/talk/show/6d2a5590-da3d-11e1-a317-0d4e6aeab6a4.html,hint+repo,404,404,,200,200,,OLD_NOT_OK_NEW_OK,,,,
/2012/talk/show/71757d4c-acc4-11e1-a17e-22926aeab6a4,hint+repo+wayback-cdx,200,200,,200,200,,CONTENT_DIFF,20120611,20260308,6,
/2012/talk/show/71757d4c-acc4-11e1-a17e-22926aeab6a4.html,hint+repo,404,404,,200,200,,OLD_NOT_OK_NEW_OK,,,,
/2012/talk/show/72256d20-dbad-11e1-bcf1-95936aeab6a4,hint+repo+wayback-cdx,200,200,,200,200,,CONTENT_DIFF,20120928,20170113,5,
/2012/talk/show/72256d20-dbad-11e1-bcf1-95936aeab6a4.html,hint+repo,404,404,,200,200,,OLD_NOT_OK_NEW_OK,,,,
/2012/talk/show/72ef69fe-da45-11e1-abbb-0d4e6aeab6a4,hint+repo+wayback-cdx,200,200,,200,200,,CONTENT_DIFF,20120930,20260613,11,
/2012/talk/show/72ef69fe-da45-11e1-abbb-0d4e6aeab6a4.html,hint+repo,404,404,,200,200,,OLD_NOT_OK_NEW_OK,,,,
/2012/talk/show/736d6cfc-bbf8-11e1-88ea-b39f6aeab6a4,hint+repo+wayback-cdx,200,200,,200,200,,CONTENT_DIFF,20120930,20140827,4,
/2012/talk/show/736d6cfc-bbf8-11e1-88ea-b39f6aeab6a4.html,hint+repo,404,404,,200,200,,OLD_NOT_OK_NEW_OK,,,,
/2012/talk/show/73dfc76c-daf6-11e1-9125-0d4e6aeab6a4,hint+repo+wayback-cdx,200,200,,200,200,,CONTENT_DIFF,20120930,20150923,3,
/2012/talk/show/73dfc76c-daf6-11e1-9125-0d4e6aeab6a4.html,hint+repo,404,404,,200,200,,OLD_NOT_OK_NEW_OK,,,,
/2012/talk/show/767bd582-abb3-11e1-85bd-57a46aeab6a4,hint+repo+wayback-cdx,200,200,,200,200,,CONTENT_DIFF,20120613,20251210,6,
/2012/talk/show/767bd582-abb3-11e1-85bd-57a46aeab6a4.html,hint+repo,404,404,,200,200,,OLD_NOT_OK_NEW_OK,,,,
/2012/talk/show/79991522-db79-11e1-be22-0d4e6aeab6a4,hint+repo+wayback-cdx,200,200,,200,200,,CONTENT_DIFF,20120930,20260308,9,
/2012/talk/show/79991522-db79-11e1-be22-0d4e6aeab6a4.html,hint+repo,404,404,,200,200,,OLD_NOT_OK_NEW_OK,,,,
/2012/talk/show/7ac728dc-0aed-11e2-a7a5-001636ebe579,hint+repo+wayback-cdx,200,200,,200,200,,CONTENT_DIFF,20130222,20140829,2,
/2012/talk/show/7ac728dc-0aed-11e2-a7a5-001636ebe579.html,hint+repo,404,404,,200,200,,OLD_NOT_OK_NEW_OK,,,,
/2012/talk/show/7b6375aa-bd29-11e1-ad51-b39f6aeab6a4,hint+repo+wayback-cdx,200,200,,200,200,,CONTENT_DIFF,20121025,20240810,8,
/2012/talk/show/7b6375aa-bd29-11e1-ad51-b39f6aeab6a4.html,hint+repo,404,404,,200,200,,OLD_NOT_OK_NEW_OK,,,,
/2012/talk/show/7bfe4042-0aec-11e2-a7a5-001636ebe579,hint+repo+wayback-cdx,200,200,,200,200,,CONTENT_DIFF,20130222,20140827,2,
/2012/talk/show/7bfe4042-0aec-11e2-a7a5-001636ebe579.html,hint+repo,404,404,,200,200,,OLD_NOT_OK_NEW_OK,,,,
/2012/talk/show/7dfaa352-afbd-11e1-9133-ef7b6aeab6a4,hint+repo+wayback-cdx,200,200,,200,200,,CONTENT_DIFF,20120613,20260308,7,
/2012/talk/show/7dfaa352-afbd-11e1-9133-ef7b6aeab6a4.html,hint+repo,404,404,,200,200,,OLD_NOT_OK_NEW_OK,,,,
/2012/talk/show/8104edaa-b2ab-11e1-a08b-95586aeab6a4,hint+repo+wayback-cdx,200,200,,200,200,,CONTENT_DIFF,20120615,20251018,7,
/2012/talk/show/8104edaa-b2ab-11e1-a08b-95586aeab6a4.html,hint+repo,404,404,,200,200,,OLD_NOT_OK_NEW_OK,,,,
/2012/talk/show/8104edaa-b2ab-11e1-a08b-95586aeab6a4?utm_source=dlvr.it&utm_medium=twitter,wayback-cdx,200,200,,200,200,,CONTENT_DIFF,20251114,20251114,1,
/2012/talk/show/82875e52-d546-11e1-b765-37a36aeab6a4,hint+repo+wayback-cdx,200,200,,200,200,,CONTENT_DIFF,20130222,20260308,5,
/2012/talk/show/82875e52-d546-11e1-b765-37a36aeab6a4.html,hint+repo,404,404,,200,200,,OLD_NOT_OK_NEW_OK,,,,
/2012/talk/show/844c1278-dad2-11e1-a1dd-0d4e6aeab6a4,hint+repo+wayback-cdx,200,200,,200,200,,CONTENT_DIFF,20121006,20140825,3,
/2012/talk/show/844c1278-dad2-11e1-a1dd-0d4e6aeab6a4.html,hint+repo,404,404,,200,200,,OLD_NOT_OK_NEW_OK,,,,
/2012/talk/show/863251ce-d870-11e1-924a-0d4e6aeab6a4,hint+repo+wayback-cdx,200,200,,200,200,,CONTENT_DIFF,20120930,20251207,10,
/2012/talk/show/863251ce-d870-11e1-924a-0d4e6aeab6a4.html,hint+repo,404,404,,200,200,,OLD_NOT_OK_NEW_OK,,,,
/2012/talk/show/8ec1a6fa-abb6-11e1-b982-57a46aeab6a4,hint+repo+wayback-cdx,200,200,,200,200,,CONTENT_DIFF,20120613,20250116,6,
/2012/talk/show/8ec1a6fa-abb6-11e1-b982-57a46aeab6a4.html,hint+repo,404,404,,200,200,,OLD_NOT_OK_NEW_OK,,,,
/2012/talk/show/93912060-b9b8-11e1-9336-d0be6aeab6a4,hint+repo+wayback-cdx,200,200,,200,200,,CONTENT_DIFF,20120930,20250916,7,
/2012/talk/show/93912060-b9b8-11e1-9336-d0be6aeab6a4.html,hint+repo,404,404,,200,200,,OLD_NOT_OK_NEW_OK,,,,
/2012/talk/show/93a4b3b4-0152-11e2-bfc9-054f6aeab6a4,hint+repo+wayback-cdx,200,200,,200,200,,CONTENT_DIFF,20130222,20140829,2,
/2012/talk/show/93a4b3b4-0152-11e2-bfc9-054f6aeab6a4.html,hint+repo,404,404,,200,200,,OLD_NOT_OK_NEW_OK,,,,
/2012/talk/show/93d81a52-fc1f-11e1-b3f7-00556aeab6a4,hint+repo+wayback-cdx,200,200,,200,200,,CONTENT_DIFF,20130222,20140827,2,
/2012/talk/show/93d81a52-fc1f-11e1-b3f7-00556aeab6a4.html,hint+repo,404,404,,200,200,,OLD_NOT_OK_NEW_OK,,,,
/2012/talk/show/96627a88-ab9d-11e1-a255-2a656aeab6a4,hint+repo+wayback-cdx,200,200,,200,200,,CONTENT_DIFF,20120613,20250916,6,
/2012/talk/show/96627a88-ab9d-11e1-a255-2a656aeab6a4.html,hint+repo,404,404,,200,200,,OLD_NOT_OK_NEW_OK,,,,
/2012/talk/show/99d615f2-b4d6-11e1-8faa-92b46aeab6a4,hint+repo+wayback-cdx,200,200,,200,200,,CONTENT_DIFF,20121017,20140825,3,
/2012/talk/show/99d615f2-b4d6-11e1-8faa-92b46aeab6a4.html,hint+repo,404,404,,200,200,,OLD_NOT_OK_NEW_OK,,,,
/2012/talk/show/9a662188-da47-11e1-82d2-0d4e6aeab6a4,hint+repo+wayback-cdx,200,200,,200,200,,CONTENT_DIFF,20121212,20140825,3,
/2012/talk/show/9a662188-da47-11e1-82d2-0d4e6aeab6a4.html,hint+repo,404,404,,200,200,,OLD_NOT_OK_NEW_OK,,,,
/2012/talk/show/9f29606e-c961-11e1-8b8c-37a36aeab6a4,hint+repo+wayback-cdx,200,200,,200,200,,CONTENT_DIFF,20121006,20240413,5,
/2012/talk/show/9f29606e-c961-11e1-8b8c-37a36aeab6a4.html,hint+repo,404,404,,200,200,,OLD_NOT_OK_NEW_OK,,,,
/2012/talk/show/9fba79a8-b3ce-11e1-b82e-92b46aeab6a4,hint+repo+wayback-cdx,200,200,,200,200,,CONTENT_DIFF,20120930,20250804,9,
/2012/talk/show/9fba79a8-b3ce-11e1-b82e-92b46aeab6a4.html,hint+repo,404,404,,200,200,,OLD_NOT_OK_NEW_OK,,,,
/2012/talk/show/a1368a10-db1f-11e1-ae64-0d4e6aeab6a4,hint+repo+wayback-cdx,200,200,,200,200,,CONTENT_DIFF,20121001,20251204,6,
/2012/talk/show/a1368a10-db1f-11e1-ae64-0d4e6aeab6a4.html,hint+repo,404,404,,200,200,,OLD_NOT_OK_NEW_OK,,,,
/2012/talk/show/a3f896b4-b8e0-11e1-bde8-38876aeab6a4,hint+repo+wayback-cdx,200,200,,200,200,,CONTENT_DIFF,20120930,20140825,4,
/2012/talk/show/a3f896b4-b8e0-11e1-bde8-38876aeab6a4.html,hint+repo,404,404,,200,200,,OLD_NOT_OK_NEW_OK,,,,
/2012/talk/show/aaade824-abc0-11e1-8865-57a46aeab6a4,hint+repo+wayback-cdx,200,200,,200,200,,CONTENT_DIFF,20120613,20260122,19,
/2012/talk/show/aaade824-abc0-11e1-8865-57a46aeab6a4.html,hint+repo,404,404,,200,200,,OLD_NOT_OK_NEW_OK,,,,
/2012/talk/show/ae3e5104-b043-11e1-a3f9-ef7b6aeab6a4,wayback-cdx,404,404,,404,404,,BOTH_NOT_OK_SAME,20120613,20120613,1,
/2012/talk/show/bcdf8c9e-da9d-11e1-a79e-0d4e6aeab6a4,hint+repo+wayback-cdx,200,200,,200,200,,CONTENT_DIFF,20120930,20260308,9,
/2012/talk/show/bcdf8c9e-da9d-11e1-a79e-0d4e6aeab6a4.html,hint+repo,404,404,,200,200,,OLD_NOT_OK_NEW_OK,,,,
/2012/talk/show/bfe3023a-b4d8-11e1-9ef1-92b46aeab6a4,hint+repo+wayback-cdx,200,200,,200,200,,CONTENT_DIFF,20120930,20140825,3,
/2012/talk/show/bfe3023a-b4d8-11e1-9ef1-92b46aeab6a4.html,hint+repo,404,404,,200,200,,OLD_NOT_OK_NEW_OK,,,,
/2012/talk/show/c4750956-f5f1-11e1-ab9e-f8c36aeab6a4,hint+repo+wayback-cdx,200,200,,200,200,,CONTENT_DIFF,20130222,20140829,2,
/2012/talk/show/c4750956-f5f1-11e1-ab9e-f8c36aeab6a4.html,hint+repo,404,404,,200,200,,OLD_NOT_OK_NEW_OK,,,,
/2012/talk/show/c7f4c04a-0c61-11e2-a7a5-001636ebe579,hint+repo+wayback-cdx,200,200,,200,200,,CONTENT_DIFF,20130222,20140829,2,
/2012/talk/show/c7f4c04a-0c61-11e2-a7a5-001636ebe579.html,hint+repo,404,404,,200,200,,OLD_NOT_OK_NEW_OK,,,,
/2012/talk/show/c8c6ea6c-d5a6-11e1-aeff-37a36aeab6a4,hint+repo+wayback-cdx,200,200,,200,200,,CONTENT_DIFF,20130222,20140825,2,
/2012/talk/show/c8c6ea6c-d5a6-11e1-aeff-37a36aeab6a4.html,hint+repo,404,404,,200,200,,OLD_NOT_OK_NEW_OK,,,,
/2012/talk/show/c9c6fcb0-dbad-11e1-bcf1-95936aeab6a4,hint+repo+wayback-cdx,200,200,,200,200,,CONTENT_DIFF,20120928,20250805,9,
/2012/talk/show/c9c6fcb0-dbad-11e1-bcf1-95936aeab6a4.html,hint+repo,404,404,,200,200,,OLD_NOT_OK_NEW_OK,,,,
/2012/talk/show/ccbda154-0c62-11e2-a7a5-001636ebe579,hint+repo+wayback-cdx,200,200,,200,200,,CONTENT_DIFF,20130222,20140827,2,
/2012/talk/show/ccbda154-0c62-11e2-a7a5-001636ebe579.html,hint+repo,404,404,,200,200,,OLD_NOT_OK_NEW_OK,,,,
/2012/talk/show/cd9ab1d4-db1b-11e1-ae64-0d4e6aeab6a4,hint+repo+wayback-cdx,200,200,,200,200,,CONTENT_DIFF,20120930,20240810,5,
/2012/talk/show/cd9ab1d4-db1b-11e1-ae64-0d4e6aeab6a4.html,hint+repo,404,404,,200,200,,OLD_NOT_OK_NEW_OK,,,,
/2012/talk/show/d08441ca-0803-11e2-8333-15646aeab6a4,hint+repo+wayback-cdx,200,200,,200,200,,CONTENT_DIFF,20130222,20150103,4,
/2012/talk/show/d08441ca-0803-11e2-8333-15646aeab6a4.html,hint+repo,404,404,,200,200,,OLD_NOT_OK_NEW_OK,,,,
/2012/talk/show/d1edd2c0-ab9b-11e1-918c-2a656aeab6a4,hint+repo+wayback-cdx,200,200,,200,200,,CONTENT_DIFF,20120613,20260308,8,
/2012/talk/show/d1edd2c0-ab9b-11e1-918c-2a656aeab6a4.html,hint+repo,404,404,,200,200,,OLD_NOT_OK_NEW_OK,,,,
/2012/talk/show/d409f4da-df7b-11e1-86a9-001636ebe579,hint+repo+wayback-cdx,200,200,,200,200,,CONTENT_DIFF,20120930,20140825,4,
/2012/talk/show/d409f4da-df7b-11e1-86a9-001636ebe579.html,hint+repo,404,404,,200,200,,OLD_NOT_OK_NEW_OK,,,,
/2012/talk/show/d475d900-fe22-11e1-b86d-00556aeab6a4,hint+repo+wayback-cdx,200,200,,200,200,,CONTENT_DIFF,20130222,20140825,2,
/2012/talk/show/d475d900-fe22-11e1-b86d-00556aeab6a4.html,hint+repo,404,404,,200,200,,OLD_NOT_OK_NEW_OK,,,,
/2012/talk/show/d5b40bd8-f5a4-11e1-bdce-f8c36aeab6a4,hint+repo+wayback-cdx,200,200,,200,200,,CONTENT_DIFF,20130222,20140825,2,
/2012/talk/show/d5b40bd8-f5a4-11e1-bdce-f8c36aeab6a4.html,hint+repo,404,404,,200,200,,OLD_NOT_OK_NEW_OK,,,,
/2012/talk/show/dbe56d5c-ac3a-11e1-8ef2-22926aeab6a4,hint+repo+wayback-cdx,200,200,,200,200,,CONTENT_DIFF,20120605,20251204,10,
/2012/talk/show/dbe56d5c-ac3a-11e1-8ef2-22926aeab6a4.html,hint+repo,404,404,,200,200,,OLD_NOT_OK_NEW_OK,,,,
/2012/talk/show/dbe56d5c-ac3a-11e1-8ef2-22926aeab6a4?utm_source=dlvr.it&utm_medium=twitter,wayback-cdx,200,200,,200,200,,CONTENT_DIFF,20251126,20251126,1,
/2012/talk/show/dde622e2-e126-11e1-80c3-4d5c6aeab6a4,hint+repo+wayback-cdx,200,200,,200,200,,CONTENT_DIFF,20130222,20140827,2,
/2012/talk/show/dde622e2-e126-11e1-80c3-4d5c6aeab6a4.html,hint+repo,404,404,,200,200,,OLD_NOT_OK_NEW_OK,,,,
/2012/talk/show/e20da704-d4ca-11e1-a778-37a36aeab6a4,hint+repo+wayback-cdx,200,200,,200,200,,CONTENT_DIFF,20120917,20260308,6,
/2012/talk/show/e20da704-d4ca-11e1-a778-37a36aeab6a4.html,hint+repo,404,404,,200,200,,OLD_NOT_OK_NEW_OK,,,,
/2012/talk/show/e858159e-f7e4-11e1-90c9-beab6aeab6a4,hint+repo+wayback-cdx,200,200,,200,200,,CONTENT_DIFF,20130222,20140825,2,
/2012/talk/show/e858159e-f7e4-11e1-90c9-beab6aeab6a4.html,hint+repo,404,404,,200,200,,OLD_NOT_OK_NEW_OK,,,,
/2012/talk/show/e9030f38-0637-11e2-a778-779e6aeab6a4,hint+repo+wayback-cdx,200,200,,200,200,,CONTENT_DIFF,20130222,20250116,5,
/2012/talk/show/e9030f38-0637-11e2-a778-779e6aeab6a4.html,hint+repo,404,404,,200,200,,OLD_NOT_OK_NEW_OK,,,,
/2012/talk/show/ea24040c-db90-11e1-8a64-4c8f6aeab6a4,hint+repo+wayback-cdx,200,200,,200,200,,CONTENT_DIFF,20120930,20260308,7,
/2012/talk/show/ea24040c-db90-11e1-8a64-4c8f6aeab6a4.html,hint+repo,404,404,,200,200,,OLD_NOT_OK_NEW_OK,,,,
/2012/talk/show/f8223e4c-021a-11e2-aad4-044f6aeab6a4,hint+repo+wayback-cdx,200,200,,200,200,,CONTENT_DIFF,20130222,20140829,2,
/2012/talk/show/f8223e4c-021a-11e2-aad4-044f6aeab6a4.html,hint+repo,404,404,,200,200,,OLD_NOT_OK_NEW_OK,,,,
/2012/talk/show/fcc5b78c-dae5-11e1-b6d8-0d4e6aeab6a4,hint+repo+wayback-cdx,200,200,,200,200,,CONTENT_DIFF,20130222,20140825,2,
/2012/talk/show/fcc5b78c-dae5-11e1-b6d8-0d4e6aeab6a4.html,hint+repo,404,404,,200,200,,OLD_NOT_OK_NEW_OK,,,,
/2012/talk/show/fdb4fa30-da91-11e1-8db4-0d4e6aeab6a4,hint+repo+wayback-cdx,200,200,,200,200,,CONTENT_DIFF,20121006,20140825,3,
/2012/talk/show/fdb4fa30-da91-11e1-8db4-0d4e6aeab6a4.html,hint+repo,404,404,,200,200,,OLD_NOT_OK_NEW_OK,,,,
/2012/yapc_asia_tokyo_2012_logo.zip,hint+repo,200,200,,200,200,,IDENTICAL,,,,
/2013,hint+root,301,200,/2013/,301,200,/2013/,SAME_BENIGN,,,,
/2013/,hint+repo+root+wayback-cdx,200,200,,200,200,,SAME_BENIGN,20130302,20260810,82,
/2013/03/announcing-yapcasia-2013,repo,404,404,,200,200,,OLD_NOT_OK_NEW_OK,,,,
/2013/03/announcing-yapcasia-2013.html,hint+repo+wayback-cdx,200,200,,200,200,,SAME_BENIGN,20130421,20150906,4,
/2013/03/top,hint,404,404,,404,404,,BOTH_NOT_OK_SAME,,,,4
/2013/03/yapcasia-2013-flyer,repo,404,404,,200,200,,OLD_NOT_OK_NEW_OK,,,,
/2013/03/yapcasia-2013-flyer.html,hint+repo+wayback-cdx,200,200,,200,200,,SAME_BENIGN,20130421,20160901,5,
/2013/04/top,hint,404,404,,404,404,,BOTH_NOT_OK_SAME,,,,2
/2013/04/yapcasia-2013-speaker,repo,404,404,,200,200,,OLD_NOT_OK_NEW_OK,,,,
/2013/04/yapcasia-2013-speaker.html,hint+repo+wayback-cdx,200,200,,200,200,,SAME_BENIGN,20130422,20250223,8,
/2013/05/call-for-yapcasia-2013-sponsors,repo,404,404,,200,200,,OLD_NOT_OK_NEW_OK,,,,
/2013/05/call-for-yapcasia-2013-sponsors.html,hint+repo+wayback-cdx,200,200,,200,200,,SAME_BENIGN,20131110,20190506,3,
/2013/05/top,hint,404,404,,404,404,,BOTH_NOT_OK_SAME,,,,8
/2013/05/yapcasia-2013-call-for-papers,repo,404,404,,200,200,,OLD_NOT_OK_NEW_OK,,,,
/2013/05/yapcasia-2013-call-for-papers.html,hint+repo+wayback-cdx,200,200,,200,200,,SAME_BENIGN,20130610,20260508,7,
/2013/05/yapcasia-2013-call-for-papers.html?utm_source=dlvr.it&utm_medium=twitter,wayback-cdx,200,200,,200,200,,SAME_BENIGN,20251114,20251114,1,
/2013/05/yapcasia-2013-venue,repo,404,404,,200,200,,OLD_NOT_OK_NEW_OK,,,,
/2013/05/yapcasia-2013-venue.html,hint+repo+wayback-cdx,200,200,,200,200,,SAME_BENIGN,20130610,20260611,13,
/2013/05/yapcasia-2013-venue.html?utm_source=dlvr.it&utm_medium=twitter,wayback-cdx,200,200,,200,200,,SAME_BENIGN,20251125,20251125,1,
/2013/06/miyagawa-decal,repo,404,404,,200,200,,OLD_NOT_OK_NEW_OK,,,,
/2013/06/miyagawa-decal.html,hint+repo+wayback-cdx,200,200,,200,200,,SAME_BENIGN,20130704,20260611,15,
/2013/06/top,hint,404,404,,404,404,,BOTH_NOT_OK_SAME,,,,10
/2013/06/yapcasia-early-bird-tickets-on-sale,repo,404,404,,200,200,,OLD_NOT_OK_NEW_OK,,,,
/2013/06/yapcasia-early-bird-tickets-on-sale.html,hint+repo+wayback-cdx,200,200,,200,200,,SAME_BENIGN,20130630,20251114,7,
/2013/06/yapcasia-region,repo,404,404,,200,200,,OLD_NOT_OK_NEW_OK,,,,
/2013/06/yapcasia-region.html,hint+repo+wayback-cdx,200,200,,200,200,,SAME_BENIGN,20130704,20251126,7,
/2013/06/yapcasia-tickets-on-sale,repo,404,404,,200,200,,OLD_NOT_OK_NEW_OK,,,,
/2013/06/yapcasia-tickets-on-sale.html,hint+repo+wayback-cdx,200,200,,200,200,,SAME_BENIGN,20130630,20231206,7,
/2013/06/yapcasia-tokyo-2013-volunteers-wanted,repo,404,404,,200,200,,OLD_NOT_OK_NEW_OK,,,,
/2013/06/yapcasia-tokyo-2013-volunteers-wanted.html,hint+repo+wayback-cdx,200,200,,200,200,,SAME_BENIGN,20130630,20251126,4,
/2013/07/bof-and-socializing-space,repo,404,404,,200,200,,OLD_NOT_OK_NEW_OK,,,,
/2013/07/bof-and-socializing-space.html,hint+repo+wayback-cdx,200,200,,200,200,,SAME_BENIGN,20130813,20260401,11,
/2013/07/ltthon-is-coming-back-for-one-night,repo,404,404,,200,200,,OLD_NOT_OK_NEW_OK,,,,
/2013/07/ltthon-is-coming-back-for-one-night.html,hint+repo+wayback-cdx,200,200,,200,200,,SAME_BENIGN,20130715,20251114,9,
/2013/07/ltthon-is-coming-back-for-one-night.html?utm_source=dlvr.it&utm_medium=twitter,wayback-cdx,200,200,,200,200,,SAME_BENIGN,20251114,20251114,1,
/2013/07/related-events-page,repo,404,404,,200,200,,OLD_NOT_OK_NEW_OK,,,,
/2013/07/related-events-page.html,hint+repo+wayback-cdx,200,200,,200,200,,SAME_BENIGN,20130813,20160901,2,
/2013/07/top,hint,404,404,,404,404,,BOTH_NOT_OK_SAME,,,,13
/2013/07/yapcasia-2013-prize,repo,404,404,,200,200,,OLD_NOT_OK_NEW_OK,,,,
/2013/07/yapcasia-2013-prize.html,hint+repo+wayback-cdx,200,200,,200,200,,SAME_BENIGN,20130813,20251126,6,
/2013/07/yapcasia-bulk-ticket-sales,repo,404,404,,200,200,,OLD_NOT_OK_NEW_OK,,,,
/2013/07/yapcasia-bulk-ticket-sales.html,hint+repo+wayback-cdx,200,200,,200,200,,SAME_BENIGN,20130813,20160831,3,
/2013/07/yapcasia-gihyo,repo,404,404,,200,200,,OLD_NOT_OK_NEW_OK,,,,
/2013/07/yapcasia-gihyo.html,hint+repo+wayback-cdx,200,200,,200,200,,SAME_BENIGN,20130813,20190716,4,
/2013/08/anti-botch-lunch,repo,404,404,,200,200,,OLD_NOT_OK_NEW_OK,,,,
/2013/08/anti-botch-lunch.html,hint+repo+wayback-cdx,200,200,,200,200,,SAME_BENIGN,20130813,20251117,8,
/2013/08/bof-and-socializing-space.html,hint,301,200,/2013/07/bof-and-socializing-space.html,301,200,/2013/07/bof-and-socializing-space.html,SAME_BENIGN,,,,
/2013/08/forget-streaming-videos-jump-in-the-fire-and-come-to-yapcasia,repo,404,404,,200,200,,OLD_NOT_OK_NEW_OK,,,,
/2013/08/forget-streaming-videos-jump-in-the-fire-and-come-to-yapcasia.html,hint+repo+wayback-cdx,200,200,,200,200,,SAME_BENIGN,20130811,20251117,9,
/2013/08/hobby-programmer,repo,404,404,,200,200,,OLD_NOT_OK_NEW_OK,,,,
/2013/08/hobby-programmer.html,hint+repo+wayback-cdx,200,200,,200,200,,SAME_BENIGN,20130815,20250610,5,
/2013/08/lunch-session,repo,404,404,,200,200,,OLD_NOT_OK_NEW_OK,,,,
/2013/08/lunch-session.html,hint+repo+wayback-cdx,200,200,,200,200,,SAME_BENIGN,20130812,20251127,9,
/2013/08/perl-entrance-meets-yapc-asia,repo,404,404,,200,200,,OLD_NOT_OK_NEW_OK,,,,
/2013/08/perl-entrance-meets-yapc-asia.html,hint+repo+wayback-cdx,200,200,,200,200,,SAME_BENIGN,20130814,20251204,10,
/2013/08/special-sessions,repo,404,404,,200,200,,OLD_NOT_OK_NEW_OK,,,,
/2013/08/special-sessions.html,hint+repo+wayback-cdx,200,200,,200,200,,SAME_BENIGN,20130813,20221224,5,
/2013/08/top,hint,404,404,,404,404,,BOTH_NOT_OK_SAME,,,,19
/2013/08/yapc-ondo,repo,404,404,,200,200,,OLD_NOT_OK_NEW_OK,,,,
/2013/08/yapc-ondo.html,hint+repo+wayback-cdx,200,200,,200,200,,SAME_BENIGN,20130817,20240101,4,
/2013/08/yapc-ondo.html?utm_source=dlvr.it&utm_medium=twitter,wayback-cdx,200,200,,200,200,,SAME_BENIGN,20251114,20251114,1,
/2013/08/yapcasia-reprint,repo,404,404,,200,200,,OLD_NOT_OK_NEW_OK,,,,
/2013/08/yapcasia-reprint.html,hint+repo+wayback-cdx,200,200,,200,200,,SAME_BENIGN,20130820,20251027,8,
/2013/08/yapcasia2013-party,repo,404,404,,200,200,,OLD_NOT_OK_NEW_OK,,,,
/2013/08/yapcasia2013-party.html,hint+repo+wayback-cdx,200,200,,200,200,,SAME_BENIGN,20130917,20231206,5,
/2013/09/cfp-for-lightning-talks,repo,404,404,,200,200,,OLD_NOT_OK_NEW_OK,,,,
/2013/09/cfp-for-lightning-talks.html,hint+repo+wayback-cdx,200,200,,200,200,,SAME_BENIGN,20130916,20260613,6,
/2013/09/get-the-perl-entrance-ticket,repo,404,404,,200,200,,OLD_NOT_OK_NEW_OK,,,,
/2013/09/get-the-perl-entrance-ticket.html,hint+repo+wayback-cdx,200,200,,200,200,,SAME_BENIGN,20130915,20251225,6,
/2013/09/individual-sponsor-benefits,repo,404,404,,200,200,,OLD_NOT_OK_NEW_OK,,,,
/2013/09/individual-sponsor-benefits.html,hint+repo+wayback-cdx,200,200,,200,200,,SAME_BENIGN,20130915,20260508,12,
/2013/09/individual-sponsor-benefits.html?utm_source=dlvr.it&utm_medium=twitter,wayback-cdx,200,200,,200,200,,SAME_BENIGN,20251114,20251114,1,
/2013/09/lunch-session-registration,repo,404,404,,200,200,,OLD_NOT_OK_NEW_OK,,,,
/2013/09/lunch-session-registration.html,hint+repo+wayback-cdx,200,200,,200,200,,SAME_BENIGN,20130917,20200805,4,
/2013/09/released-yapcasia-tokyo-2013-schedule-viewer-for-android,repo,404,404,,200,200,,OLD_NOT_OK_NEW_OK,,,,
/2013/09/released-yapcasia-tokyo-2013-schedule-viewer-for-android.html,hint+repo+wayback-cdx,200,200,,200,200,,SAME_BENIGN,20130926,20260508,11,
/2013/09/released-yapcasia-tokyo-2013-schedule-viewer-for-android.html?utm_source=dlvr.it&utm_medium=twitter,wayback-cdx,200,200,,200,200,,SAME_BENIGN,20251114,20251114,1,
/2013/09/released-yapcasia-tokyo-2013-schedule-viewer-for-ios,repo,404,404,,200,200,,OLD_NOT_OK_NEW_OK,,,,
/2013/09/released-yapcasia-tokyo-2013-schedule-viewer-for-ios.html,hint+repo+wayback-cdx,200,200,,200,200,,SAME_BENIGN,20130918,20260508,12,
/2013/09/top,hint,404,404,,404,404,,BOTH_NOT_OK_SAME,,,,34
/2013/09/venue-wifi,repo,404,404,,200,200,,OLD_NOT_OK_NEW_OK,,,,
/2013/09/venue-wifi.html,hint+repo+wayback-cdx,200,200,,200,200,,SAME_BENIGN,20130918,20260508,11,
/2013/09/yapcasia-2013,repo,404,404,,200,200,,OLD_NOT_OK_NEW_OK,,,,
/2013/09/yapcasia-2013-guide,repo,404,404,,200,200,,OLD_NOT_OK_NEW_OK,,,,
/2013/09/yapcasia-2013-guide.html,hint+repo+wayback-cdx,200,200,,200,200,,SAME_BENIGN,20130916,20231206,7,
/2013/09/yapcasia-2013-novelty,repo,404,404,,200,200,,OLD_NOT_OK_NEW_OK,,,,
/2013/09/yapcasia-2013-novelty.html,hint+repo+wayback-cdx,200,200,,200,200,,SAME_BENIGN,20130923,20260508,10,
/2013/09/yapcasia-2013-novelty.html?utm_source=dlvr.it&utm_medium=twitter,wayback-cdx,200,200,,200,200,,SAME_BENIGN,20230316,20230316,1,
/2013/09/yapcasia-2013.html,hint+repo+wayback-cdx,200,200,,200,200,,SAME_BENIGN,20130926,20251119,19,
/2013/09/yapcasia-2013.html?utm_source=dlvr.it&utm_medium=twitter,wayback-cdx,200,200,,200,200,,SAME_BENIGN,20251126,20251126,1,
/2013/09/yapcasia-Coverage,repo,404,404,,200,200,,OLD_NOT_OK_NEW_OK,,,,
/2013/09/yapcasia-Coverage.html,hint+repo+wayback-cdx,200,200,,200,200,,SAME_BENIGN,20130916,20200805,4,
/2013/09/yapcasia-guide,repo,404,404,,200,200,,OLD_NOT_OK_NEW_OK,,,,
/2013/09/yapcasia-guide.html,hint+repo+wayback-cdx,200,200,,200,200,,SAME_BENIGN,20130926,20260508,14,
/2013/09/yapcasia-introducing,repo,404,404,,200,200,,OLD_NOT_OK_NEW_OK,,,,
/2013/09/yapcasia-introducing.html,hint+repo+wayback-cdx,200,200,,200,200,,SAME_BENIGN,20130920,20260508,10,
/2013/09/yapcasia-ticket,repo,404,404,,200,200,,OLD_NOT_OK_NEW_OK,,,,
/2013/09/yapcasia-ticket.html,hint+repo+wayback-cdx,200,200,,200,200,,SAME_BENIGN,20130916,20260508,11,
/2013/09/yapcasia-venue2,repo,404,404,,200,200,,OLD_NOT_OK_NEW_OK,,,,
/2013/09/yapcasia-venue2.html,hint+repo+wayback-cdx,200,200,,200,200,,SAME_BENIGN,20130926,20260508,13,
/2013/2006_1.jpg,hint+repo,200,200,,200,200,,IDENTICAL,,,,
/2013/2009_1.jpg,hint+repo,200,200,,200,200,,IDENTICAL,,,,
/2013/2009_2.jpg,hint+repo,200,200,,200,200,,IDENTICAL,,,,
/2013/2010_1.jpg,hint+repo,200,200,,200,200,,IDENTICAL,,,,
/2013/2011_1.jpg,hint+repo,200,200,,200,200,,IDENTICAL,,,,
/2013/2012_1.jpg,hint+repo,200,200,,200,200,,IDENTICAL,,,,
/2013/2012_2.jpg,hint+repo,200,200,,200,200,,IDENTICAL,,,,
/2013/2013/03,hint,301,200,/2013/2013/03/,301,200,/2013/2013/03/,EXT_LINK_DIFF,,,,
/2013/2013/03/,hint+repo+wayback-cdx,200,200,,200,200,,EXT_LINK_DIFF,20130422,20230201,10,
/2013/2013/03/announcing-yapcasia-2013.html,hint,301,200,/2013/03/announcing-yapcasia-2013.html,301,200,/2013/03/announcing-yapcasia-2013.html,SAME_BENIGN,,,,
/2013/2013/03/index,repo,404,404,,200,200,,OLD_NOT_OK_NEW_OK,,,,
/2013/2013/03/index.html,hint+repo+wayback-cdx,200,200,,200,200,,EXT_LINK_DIFF,20231206,20260508,2,
/2013/2013/03/top,hint,404,404,,404,404,,BOTH_NOT_OK_SAME,,,,3
/2013/2013/04,hint,301,200,/2013/2013/04/,301,200,/2013/2013/04/,EXT_LINK_DIFF,,,,
/2013/2013/04/,hint+repo+wayback-cdx,200,200,,200,200,,EXT_LINK_DIFF,20130422,20231207,11,
/2013/2013/04/index,repo,404,404,,200,200,,OLD_NOT_OK_NEW_OK,,,,
/2013/2013/04/index.html,hint+repo+wayback-cdx,200,200,,200,200,,EXT_LINK_DIFF,20231206,20260508,2,
/2013/2013/04/top,hint,404,404,,404,404,,BOTH_NOT_OK_SAME,,,,3
/2013/2013/05,hint,301,200,/2013/2013/05/,301,200,/2013/2013/05/,EXT_LINK_DIFF,,,,
/2013/2013/05/,hint+repo+wayback-cdx,200,200,,200,200,,EXT_LINK_DIFF,20130727,20230201,9,
/2013/2013/05/index,repo,404,404,,200,200,,OLD_NOT_OK_NEW_OK,,,,
/2013/2013/05/index.html,hint+repo+wayback-cdx,200,200,,200,200,,EXT_LINK_DIFF,20231206,20260508,2,
/2013/2013/05/top,hint,404,404,,404,404,,BOTH_NOT_OK_SAME,,,,3
/2013/2013/06,hint,301,200,/2013/2013/06/,301,200,/2013/2013/06/,EXT_LINK_DIFF,,,,
/2013/2013/06/,hint+repo+wayback-cdx,200,200,,200,200,,EXT_LINK_DIFF,20130727,20230201,9,
/2013/2013/06/index,repo,404,404,,200,200,,OLD_NOT_OK_NEW_OK,,,,
/2013/2013/06/index.html,hint+repo+wayback-cdx,200,200,,200,200,,EXT_LINK_DIFF,20231206,20260508,2,
/2013/2013/06/top,hint,404,404,,404,404,,BOTH_NOT_OK_SAME,,,,3
/2013/2013/07,hint,301,200,/2013/2013/07/,301,200,/2013/2013/07/,EXT_LINK_DIFF,,,,
/2013/2013/07/,hint+repo+wayback-cdx,200,200,,200,200,,EXT_LINK_DIFF,20130813,20230201,8,
/2013/2013/07/index,repo,404,404,,200,200,,OLD_NOT_OK_NEW_OK,,,,
/2013/2013/07/index.html,hint+repo+wayback-cdx,200,200,,200,200,,EXT_LINK_DIFF,20231206,20260508,2,
/2013/2013/07/top,hint,404,404,,404,404,,BOTH_NOT_OK_SAME,,,,3
/2013/2013/08,hint,301,200,/2013/2013/08/,301,200,/2013/2013/08/,EXT_LINK_DIFF,,,,
/2013/2013/08/,hint+repo+wayback-cdx,200,200,,200,200,,EXT_LINK_DIFF,20130813,20230201,8,
/2013/2013/08/index,repo,404,404,,200,200,,OLD_NOT_OK_NEW_OK,,,,
/2013/2013/08/index.html,hint+repo+wayback-cdx,200,200,,200,200,,EXT_LINK_DIFF,20231206,20260508,2,
/2013/2013/08/top,hint,404,404,,404,404,,BOTH_NOT_OK_SAME,,,,3
/2013/2013/09,hint,301,200,/2013/2013/09/,301,200,/2013/2013/09/,EXT_LINK_DIFF,,,,
/2013/2013/09/,hint+repo+wayback-cdx,200,200,,200,200,,EXT_LINK_DIFF,20130916,20230201,8,
/2013/2013/09/index,repo,404,404,,200,200,,OLD_NOT_OK_NEW_OK,,,,
/2013/2013/09/index.html,hint+repo+wayback-cdx,200,200,,200,200,,EXT_LINK_DIFF,20231206,20260508,2,
/2013/2013/09/top,hint,404,404,,404,404,,BOTH_NOT_OK_SAME,,,,3
/2013/311_large.jpg,hint+repo,200,200,,200,200,,IDENTICAL,,,,
/2013/341_large.jpg,hint+repo,200,200,,200,200,,IDENTICAL,,,,
/2013/461_large.jpg,hint+repo,200,200,,200,200,,IDENTICAL,,,,
/2013/76_large.jpg,hint+repo,200,200,,200,200,,IDENTICAL,,,,
/2013/909_large.jpg,hint+repo,200,200,,200,200,,IDENTICAL,,,,
/2013/YAPC_Network.jpg,hint+repo,200,200,,200,200,,IDENTICAL,,,,
/2013/about,hint,301,200,/2013/about/,301,200,/2013/about/,SAME_BENIGN,,,,
/2013/about/,hint+repo+wayback-cdx,200,200,,200,200,,SAME_BENIGN,20130323,20251219,23,
/2013/about/index,repo,404,404,,200,200,,OLD_NOT_OK_NEW_OK,,,,
/2013/about/index.html,hint+repo+wayback-cdx,200,200,,200,200,,SAME_BENIGN,20230923,20251204,2,
/2013/about/top,hint,404,404,,404,404,,BOTH_NOT_OK_SAME,,,,3
/2013/alaxala_logo.png,hint+repo,200,200,,200,200,,IDENTICAL,,,,
/2013/assets_c/2013/03/DSC05005-thumb-600x399-158.jpg,hint+repo,200,200,,200,200,,IDENTICAL,,,,
/2013/assets_c/2013/05/151ffcb25cb939236630-1024-thumb-600x398-172.jpg,hint+repo,200,200,,200,200,,IDENTICAL,,,,
/2013/assets_c/2013/05/3566583df416eea42bf1-1024-thumb-600x398-174.jpg,hint+repo,200,200,,200,200,,IDENTICAL,,,,
/2013/assets_c/2013/05/ea538e9a4a5d31e133d5-1024-thumb-600x399-176.jpg,hint+repo,200,200,,200,200,,IDENTICAL,,,,
/2013/assets_c/2013/07/461_large-thumb-600x399-195.jpg,hint+repo,200,200,,200,200,,IDENTICAL,,,,
/2013/assets_c/2013/07/76_large-thumb-600x399-199.jpg,hint+repo,200,200,,200,200,,IDENTICAL,,,,
/2013/assets_c/2013/08/909_large-thumb-600x399-214.jpg,hint+repo,200,200,,200,200,,IDENTICAL,,,,
/2013/assets_c/2013/08/lunch_session-thumb-600x399-212.jpg,hint+repo,200,200,,200,200,,IDENTICAL,,,,
/2013/assets_c/2013/08/party_2010_1-thumb-600x399-232.jpg,hint+repo,200,200,,200,200,,IDENTICAL,,,,
/2013/assets_c/2013/08/party_2010_2-thumb-600x399-234.jpg,hint+repo,200,200,,200,200,,IDENTICAL,,,,
/2013/assets_c/2013/08/party_2011_1-thumb-600x399-236.jpg,hint+repo,200,200,,200,200,,IDENTICAL,,,,
/2013/assets_c/2013/08/party_2011_2-thumb-600x399-238.jpg,hint+repo,200,200,,200,200,,IDENTICAL,,,,
/2013/assets_c/2013/08/party_2011_3-thumb-600x399-240.jpg,hint+repo,200,200,,200,200,,IDENTICAL,,,,
/2013/assets_c/2013/08/party_2012_1-thumb-600x399-242.jpg,hint+repo,200,200,,200,200,,IDENTICAL,,,,
/2013/assets_c/2013/08/party_2012_2-thumb-600x399-244.jpg,hint+repo,200,200,,200,200,,IDENTICAL,,,,
/2013/assets_c/2013/08/party_2012_3-thumb-600x399-246.jpg,hint+repo,200,200,,200,200,,IDENTICAL,,,,
/2013/assets_c/2013/08/yapcasia2012-fusion-thumb-600x398-205.jpg,hint+repo,200,200,,200,200,,IDENTICAL,,,,
/2013/assets_c/2013/09/564622_185913328193742_1137518767_n-thumb-600x449-250.jpg,hint+repo,200,200,,200,200,,IDENTICAL,,,,
/2013/assets_c/2013/09/YAPC_Network-thumb-600x669-258.jpg,hint+repo,200,200,,200,200,,IDENTICAL,,,,
/2013/assets_c/2013/09/alaxala_logo-thumb-600x159-260.png,hint+repo,200,200,,200,200,,IDENTICAL,,,,
/2013/assets_c/2013/09/janog_logo-thumb-300x313-266.jpg,hint+repo,200,200,,200,200,,IDENTICAL,,,,
/2013/assets_c/2013/09/llnoc_logo-thumb-300x275-262.png,hint+repo,200,200,,200,200,,IDENTICAL,,,,
/2013/assets_c/2013/09/ss_02-thumb-600x1065-268.png,hint+repo,200,200,,200,200,,IDENTICAL,,,,
/2013/assets_c/2013/09/yapcasia-schedule-for-android-thumb-600x1067-273.png,hint+repo,200,200,,200,200,,IDENTICAL,,,,
/2013/atom.xml,hint+repo,200,200,,200,200,,IDENTICAL,,,,
/2013/event,hint,404,404,,301,200,/2013/event/,OLD_NOT_OK_NEW_OK,,,,
/2013/event/,hint+repo+wayback-cdx,404,404,,200,200,,OLD_NOT_OK_NEW_OK,20230923,20231201,2,
/2013/event/index,repo,404,404,,200,200,,OLD_NOT_OK_NEW_OK,,,,
/2013/event/index.html,hint+repo,404,404,,200,200,,OLD_NOT_OK_NEW_OK,,,,
/2013/event/input,hint,404,404,,404,404,,BOTH_NOT_OK_SAME,,,,5
/2013/event/list,hint+wayback-cdx,404,404,,404,404,,BOTH_NOT_OK_SAME,20130627,20140802,6,11
/2013/event/list.html,hint,404,404,,404,404,,BOTH_NOT_OK_SAME,,,,3
/2013/event/show/381406f6-e45c-11e2-ba88-5f716aeab6a4,wayback-cdx,404,404,,404,404,,BOTH_NOT_OK_SAME,20130707,20130707,1,
/2013/event/show/bbab526e-cdb2-11e2-9748-37516aeab6a4,hint+repo+wayback-cdx,404,404,,200,200,,OLD_NOT_OK_NEW_OK,20130627,20251018,4,
/2013/event/show/bbab526e-cdb2-11e2-9748-37516aeab6a4.html,hint+repo,404,404,,200,200,,OLD_NOT_OK_NEW_OK,,,,
/2013/event/show/bfc556ec-eab8-11e2-ba88-5f716aeab6a4,hint+wayback-cdx,404,404,,404,404,,BOTH_NOT_OK_SAME,20140823,20140823,1,7
/2013/event/show/e790cdb6-eab6-11e2-ba88-5f716aeab6a4,hint,404,404,,404,404,,BOTH_NOT_OK_SAME,,,,2
/2013/event/show/f7b67a86-cdbc-11e2-bfd1-2d566aeab6a4,hint+repo+wayback-cdx,404,404,,200,200,,OLD_NOT_OK_NEW_OK,20130629,20231208,2,
/2013/event/show/f7b67a86-cdbc-11e2-bfd1-2d566aeab6a4.html,hint+repo,404,404,,200,200,,OLD_NOT_OK_NEW_OK,,,,
/2013/ikebe.jpg,hint+repo,200,200,,200,200,,IDENTICAL,,,,
/2013/index,repo,404,404,,200,200,,OLD_NOT_OK_NEW_OK,,,,
/2013/index.html,hint+repo+wayback-cdx,200,200,,200,200,,SAME_BENIGN,20230923,20260829,8,
/2013/individual_sponsors,hint,404,404,,404,404,,BOTH_NOT_OK_SAME,20130617,20140812,4,3
/2013/individual_sponsors/,hint+wayback-cdx,404,404,,404,404,,BOTH_NOT_OK_SAME,20130613,20140802,7,368
/2013/janog_logo.jpg,hint+repo,200,200,,200,200,,IDENTICAL,,,,
/2013/llnoc_logo.png,hint+repo,200,200,,200,200,,IDENTICAL,,,,
/2013/login,wayback-cdx,404,404,,404,404,,BOTH_NOT_OK_SAME,20130611,20140802,18,
/2013/lunch_session.jpg,hint+repo,200,200,,200,200,,IDENTICAL,,,,
/2013/member,hint,404,404,,404,404,,BOTH_NOT_OK_SAME,,,,240
/2013/member/,hint,404,404,,404,404,,BOTH_NOT_OK_SAME,,,,128
/2013/member/show/00c631fe-0a42-11e3-a7f6-a28e6aeab6a4,hint,404,404,,404,404,,BOTH_NOT_OK_SAME,,,,7
/2013/member/show/0164a788-c6a1-11e2-80df-039a6aeab6a4,hint,404,404,,404,404,,BOTH_NOT_OK_SAME,,,,14
/2013/member/show/02075656-da45-11e2-971a-72936aeab6a4,hint,404,404,,404,404,,BOTH_NOT_OK_SAME,,,,13
/2013/member/show/021b2da0-e131-11e2-8f00-96816aeab6a4,hint,404,404,,404,404,,BOTH_NOT_OK_SAME,,,,13
/2013/member/show/04274bf8-19c4-11e3-93a2-f74c6aeab6a4,hint,404,404,,404,404,,BOTH_NOT_OK_SAME,,,,7
/2013/member/show/0ca5e8ce-c8c1-11e2-a1f8-59856aeab6a4,hint+wayback-cdx,404,404,,404,404,,BOTH_NOT_OK_SAME,20130611,20130611,1,12
/2013/member/show/0d92d266-eb75-11e2-9580-62546aeab6a4,hint,404,404,,404,404,,BOTH_NOT_OK_SAME,,,,7
/2013/member/show/0f551aee-213c-11e3-895e-d5826aeab6a4,hint,404,404,,404,404,,BOTH_NOT_OK_SAME,,,,7
/2013/member/show/16e4dfca-c6a5-11e2-80df-039a6aeab6a4,hint,404,404,,404,404,,BOTH_NOT_OK_SAME,,,,12
/2013/member/show/17120ae6-1a87-11e3-93a2-f74c6aeab6a4,hint,404,404,,404,404,,BOTH_NOT_OK_SAME,,,,7
/2013/member/show/192fa280-d328-11e2-a70b-a69b6aeab6a4,hint,404,404,,404,404,,BOTH_NOT_OK_SAME,,,,13
/2013/member/show/197ad996-c8a4-11e2-a1f8-59856aeab6a4,hint,404,404,,404,404,,BOTH_NOT_OK_SAME,,,,12
/2013/member/show/1a1de95a-c69d-11e2-80df-039a6aeab6a4,hint+wayback-cdx,404,404,,404,404,,BOTH_NOT_OK_SAME,20130611,20130906,2,14
/2013/member/show/253747cc-c9eb-11e2-9f2f-b7686aeab6a4,hint,404,404,,404,404,,BOTH_NOT_OK_SAME,,,,14
/2013/member/show/270ef4b8-c9c9-11e2-8893-6cac6aeab6a4,hint,404,404,,404,404,,BOTH_NOT_OK_SAME,,,,14
/2013/member/show/293e03de-c8af-11e2-a1f8-59856aeab6a4,hint,404,404,,404,404,,BOTH_NOT_OK_SAME,,,,14
/2013/member/show/2bed3bd6-e15f-11e2-8f00-96816aeab6a4,hint+wayback-cdx,404,404,,404,404,,BOTH_NOT_OK_SAME,20131226,20131226,1,12
/2013/member/show/2cc76b5c-c766-11e2-be2e-7ec06aeab6a4,hint,404,404,,404,404,,BOTH_NOT_OK_SAME,,,,12
/2013/member/show/2d4841a6-df02-11e2-8f00-96816aeab6a4,hint,404,404,,404,404,,BOTH_NOT_OK_SAME,,,,12
/2013/member/show/30f807ba-c778-11e2-be2e-7ec06aeab6a4,hint,404,404,,404,404,,BOTH_NOT_OK_SAME,,,,13
/2013/member/show/374bb0ca-e236-11e2-8767-0fa16aeab6a4,hint+wayback-cdx,404,404,,404,404,,BOTH_NOT_OK_SAME,20130923,20130923,1,13
/2013/member/show/3a791814-cf44-11e2-9e79-f0896aeab6a4,hint,404,404,,404,404,,BOTH_NOT_OK_SAME,,,,13
/2013/member/show/3adaccf8-c69d-11e2-80df-039a6aeab6a4,hint,404,404,,404,404,,BOTH_NOT_OK_SAME,,,,7
/2013/member/show/3b32b528-c6cd-11e2-80df-039a6aeab6a4,hint,404,404,,404,404,,BOTH_NOT_OK_SAME,,,,12
/2013/member/show/3c09f728-218f-11e3-895e-d5826aeab6a4,hint,404,404,,404,404,,BOTH_NOT_OK_SAME,,,,7
/2013/member/show/3ea21f2e-20b8-11e3-a408-9ec46aeab6a4,hint,404,404,,404,404,,BOTH_NOT_OK_SAME,,,,7
/2013/member/show/402b3520-c6ad-11e2-80df-039a6aeab6a4,hint,404,404,,404,404,,BOTH_NOT_OK_SAME,,,,12
/2013/member/show/42e1b970-ccd3-11e2-b054-a4966aeab6a4,hint,404,404,,404,404,,BOTH_NOT_OK_SAME,,,,12
/2013/member/show/42fa605e-b23b-11e2-b224-5e5c6aeab6a4,hint+wayback-cdx,404,404,,404,404,,BOTH_NOT_OK_SAME,20130617,20130817,2,53
/2013/member/show/51b946fc-c9a9-11e2-8893-6cac6aeab6a4,hint,404,404,,404,404,,BOTH_NOT_OK_SAME,,,,12
/2013/member/show/554073a8-c69e-11e2-80df-039a6aeab6a4,hint+wayback-cdx,404,404,,404,404,,BOTH_NOT_OK_SAME,20130702,20130702,1,14
/2013/member/show/55d5429e-2049-11e3-a408-9ec46aeab6a4,hint,404,404,,404,404,,BOTH_NOT_OK_SAME,,,,7
/2013/member/show/5a47b81c-e0ab-11e2-8f00-96816aeab6a4,hint,404,404,,404,404,,BOTH_NOT_OK_SAME,,,,12
/2013/member/show/5d6e644e-c7ee-11e2-be2e-7ec06aeab6a4,hint,404,404,,404,404,,BOTH_NOT_OK_SAME,,,,12
/2013/member/show/610c5d94-c6a5-11e2-80df-039a6aeab6a4,hint,404,404,,404,404,,BOTH_NOT_OK_SAME,,,,12
/2013/member/show/661ad47a-c69e-11e2-80df-039a6aeab6a4,hint+wayback-cdx,404,404,,404,404,,BOTH_NOT_OK_SAME,20130709,20130923,2,20
/2013/member/show/6aca2af2-ead4-11e2-ba88-5f716aeab6a4,wayback-cdx,404,404,,404,404,,BOTH_NOT_OK_SAME,20130726,20130726,1,
/2013/member/show/6e758630-e16d-11e2-8767-0fa16aeab6a4,hint,404,404,,404,404,,BOTH_NOT_OK_SAME,,,,12
/2013/member/show/6eaa5fe0-c6a6-11e2-80df-039a6aeab6a4,hint,404,404,,404,404,,BOTH_NOT_OK_SAME,,,,12
/2013/member/show/7625ad18-c74d-11e2-be2e-7ec06aeab6a4,hint,404,404,,404,404,,BOTH_NOT_OK_SAME,,,,12
/2013/member/show/781e2f8a-cc31-11e2-b054-a4966aeab6a4,hint,404,404,,404,404,,BOTH_NOT_OK_SAME,,,,12
/2013/member/show/7f4431da-2120-11e3-895e-d5826aeab6a4,hint,404,404,,404,404,,BOTH_NOT_OK_SAME,,,,7
/2013/member/show/850d2ef6-19ea-11e3-93a2-f74c6aeab6a4,hint,404,404,,404,404,,BOTH_NOT_OK_SAME,,,,7
/2013/member/show/8f0f1e86-cf45-11e2-9e79-f0896aeab6a4,hint,404,404,,404,404,,BOTH_NOT_OK_SAME,,,,13
/2013/member/show/908b71a6-c69e-11e2-80df-039a6aeab6a4,hint+wayback-cdx,404,404,,404,404,,BOTH_NOT_OK_SAME,20130629,20130629,1,10
/2013/member/show/90c697e8-eae0-11e2-ba88-5f716aeab6a4,hint+wayback-cdx,404,404,,404,404,,BOTH_NOT_OK_SAME,20130718,20130718,1,13
/2013/member/show/96b8abd4-c8fb-11e2-8893-6cac6aeab6a4,hint,404,404,,404,404,,BOTH_NOT_OK_SAME,,,,15
/2013/member/show/9862e458-c6b3-11e2-80df-039a6aeab6a4,hint,404,404,,404,404,,BOTH_NOT_OK_SAME,,,,12
/2013/member/show/a8f98ca4-d725-11e2-af24-f3536aeab6a4,hint,404,404,,404,404,,BOTH_NOT_OK_SAME,,,,13
/2013/member/show/ab845502-d72b-11e2-af24-f3536aeab6a4,hint,404,404,,404,404,,BOTH_NOT_OK_SAME,,,,12
/2013/member/show/b2614024-c6aa-11e2-80df-039a6aeab6a4,hint,404,404,,404,404,,BOTH_NOT_OK_SAME,,,,14
/2013/member/show/b79cc988-cd2a-11e2-b054-a4966aeab6a4,hint,404,404,,404,404,,BOTH_NOT_OK_SAME,,,,12
/2013/member/show/bcfc6f22-c8f3-11e2-8893-6cac6aeab6a4,hint,404,404,,404,404,,BOTH_NOT_OK_SAME,,,,13
/2013/member/show/be8a0d2e-dfdf-11e2-8f00-96816aeab6a4,hint,404,404,,404,404,,BOTH_NOT_OK_SAME,,,,13
/2013/member/show/bedc9d30-200f-11e3-8db8-db856aeab6a4,hint,404,404,,404,404,,BOTH_NOT_OK_SAME,,,,7
/2013/member/show/c56be278-eaea-11e2-ba88-5f716aeab6a4,hint,404,404,,404,404,,BOTH_NOT_OK_SAME,,,,14
/2013/member/show/c66c6872-f298-11e2-8bb9-069a6aeab6a4,hint,404,404,,404,404,,BOTH_NOT_OK_SAME,,,,7
/2013/member/show/c6bbd290-13b3-11e3-b9ce-73b66aeab6a4,hint,404,404,,404,404,,BOTH_NOT_OK_SAME,,,,7
/2013/member/show/c836d440-c9cf-11e2-8893-6cac6aeab6a4,hint+wayback-cdx,404,404,,404,404,,BOTH_NOT_OK_SAME,20130925,20130925,1,15
/2013/member/show/cc7055f2-c774-11e2-be2e-7ec06aeab6a4,hint,404,404,,404,404,,BOTH_NOT_OK_SAME,,,,12
/2013/member/show/cc9c980a-de45-11e2-8f00-96816aeab6a4,hint,404,404,,404,404,,BOTH_NOT_OK_SAME,,,,7
/2013/member/show/ccbbf91a-c8c0-11e2-a1f8-59856aeab6a4,wayback-cdx,404,404,,404,404,,BOTH_NOT_OK_SAME,20130915,20130915,1,
/2013/member/show/d0750ad2-e194-11e2-8767-0fa16aeab6a4,hint+wayback-cdx,404,404,,404,404,,BOTH_NOT_OK_SAME,20130923,20130923,1,12
/2013/member/show/d657531a-b6bf-11e2-bd4c-665e6aeab6a4,hint,404,404,,404,404,,BOTH_NOT_OK_SAME,,,,12
/2013/member/show/d73b797e-c852-11e2-a1f8-59856aeab6a4,hint+wayback-cdx,404,404,,404,404,,BOTH_NOT_OK_SAME,20130705,20130817,2,12
/2013/member/show/d8ca6e56-c8ea-11e2-8893-6cac6aeab6a4,hint,404,404,,404,404,,BOTH_NOT_OK_SAME,,,,12
/2013/member/show/e0a20918-dfd3-11e2-8f00-96816aeab6a4,hint,404,404,,404,404,,BOTH_NOT_OK_SAME,,,,7
/2013/member/show/e152430e-c9d1-11e2-8893-6cac6aeab6a4,hint,404,404,,404,404,,BOTH_NOT_OK_SAME,,,,12
/2013/member/show/e15784fc-ea4e-11e2-ba88-5f716aeab6a4,hint,404,404,,404,404,,BOTH_NOT_OK_SAME,,,,7
/2013/member/show/eceb6116-e2bb-11e2-8767-0fa16aeab6a4,hint,404,404,,404,404,,BOTH_NOT_OK_SAME,,,,14
/2013/member/show/ee5072a6-ce6d-11e2-9e79-f0896aeab6a4,hint,404,404,,404,404,,BOTH_NOT_OK_SAME,,,,13
/2013/member/show/f32e6fa6-20cc-11e3-895e-d5826aeab6a4,hint,404,404,,404,404,,BOTH_NOT_OK_SAME,,,,7
/2013/member/show/f7602b82-d950-11e2-971a-72936aeab6a4,hint+wayback-cdx,404,404,,404,404,,BOTH_NOT_OK_SAME,20140802,20140802,1,12
/2013/member/show/f84058a6-da4a-11e2-971a-72936aeab6a4,hint,404,404,,404,404,,BOTH_NOT_OK_SAME,,,,12
/2013/member/show/f92f6ef6-c84c-11e2-a1f8-59856aeab6a4,hint,404,404,,404,404,,BOTH_NOT_OK_SAME,,,,12
/2013/member/show/fcb40eaa-c69f-11e2-80df-039a6aeab6a4,hint,404,404,,404,404,,BOTH_NOT_OK_SAME,,,,12
/2013/network,repo,404,404,,200,200,,OLD_NOT_OK_NEW_OK,,,,
/2013/network.html,hint+repo+wayback-cdx,200,200,,200,200,,SAME_BENIGN,20130918,20250805,15,
/2013/news,hint,301,200,/2013/news/,301,200,/2013/news/,EXT_LINK_DIFF,,,,
/2013/news/,hint+repo+wayback-cdx,200,200,,200,200,,EXT_LINK_DIFF,20130323,20231206,22,
/2013/news/100_large.jpg,hint+repo,200,200,,200,200,,IDENTICAL,,,,
/2013/news/100_large2.jpg,hint+repo,200,200,,200,200,,IDENTICAL,,,,
/2013/news/137_large.jpg,hint+repo,200,200,,200,200,,IDENTICAL,,,,
/2013/news/151ffcb25cb939236630-1024.jpg,hint+repo,200,200,,200,200,,IDENTICAL,,,,
/2013/news/20130519-165258-P51901055258.JPG,hint+repo,200,200,,200,200,,IDENTICAL,,,,
/2013/news/3566583df416eea42bf1-1024.jpg,hint+repo,200,200,,200,200,,IDENTICAL,,,,
/2013/news/4d6e9a757d16eb65ca22-1024.jpg,hint+repo,200,200,,200,200,,IDENTICAL,,,,
/2013/news/535_large.jpg,hint+repo,200,200,,200,200,,IDENTICAL,,,,
/2013/news/564622_185913328193742_1137518767_n.jpg,hint+repo,200,200,,200,200,,IDENTICAL,,,,
/2013/news/5e5c04b98478211ada8a-LL.JPG,hint+repo,200,200,,200,200,,IDENTICAL,,,,
/2013/news/67_large.jpg,hint+repo,200,200,,200,200,,IDENTICAL,,,,
/2013/news/70_large.jpg,hint+repo,200,200,,200,200,,IDENTICAL,,,,
/2013/news/85_large.jpg,hint+repo,200,200,,200,200,,IDENTICAL,,,,
/2013/news/DSC05005.jpg,hint+repo,200,200,,200,200,,IDENTICAL,,,,
/2013/news/ad7b3699ace0c41bc986-1024.JPG,hint+repo,200,200,,200,200,,IDENTICAL,,,,
/2013/news/ea538e9a4a5d31e133d5-1024.JPG,hint+repo,200,200,,200,200,,IDENTICAL,,,,
/2013/news/index,repo,404,404,,200,200,,OLD_NOT_OK_NEW_OK,,,,
/2013/news/index.html,hint+repo+wayback-cdx,200,200,,200,200,,EXT_LINK_DIFF,20230923,20250806,2,
/2013/news/secret.jpg,hint+repo,200,200,,200,200,,IDENTICAL,,,,
/2013/news/ss_02.png,hint+repo,200,200,,200,200,,IDENTICAL,,,,
/2013/news/tatsuhiko_miyagawa.jpg,hint+repo,200,200,,200,200,,IDENTICAL,,,,
/2013/news/top,hint,404,404,,404,404,,BOTH_NOT_OK_SAME,,,,3
/2013/news/yapc2012.jpg,hint+repo,200,200,,200,200,,IDENTICAL,,,,
/2013/news/yapcasia-schedule-for-android.png,hint+repo,200,200,,200,200,,IDENTICAL,,,,
/2013/notices/complete,wayback-cdx,404,404,,404,404,,BOTH_NOT_OK_SAME,20130321,20130321,1,
/2013/notices/subscribe,hint+wayback-cdx,404,404,,404,404,,BOTH_NOT_OK_SAME,20130305,20130522,3,8
/2013/party_2010_1.jpg,hint+repo,200,200,,200,200,,IDENTICAL,,,,
/2013/party_2010_2.jpg,hint+repo,200,200,,200,200,,IDENTICAL,,,,
/2013/party_2011_1.jpg,hint+repo,200,200,,200,200,,IDENTICAL,,,,
/2013/party_2011_2.jpg,hint+repo,200,200,,200,200,,IDENTICAL,,,,
/2013/party_2011_3.jpg,hint+repo,200,200,,200,200,,IDENTICAL,,,,
/2013/party_2012_1.jpg,hint+repo,200,200,,200,200,,IDENTICAL,,,,
/2013/party_2012_2.jpg,hint+repo,200,200,,200,200,,IDENTICAL,,,,
/2013/party_2012_3.jpg,hint+repo,200,200,,200,200,,IDENTICAL,,,,
/2013/photos,hint+repo+wayback-cdx,302,302,,301,301,,EXT_REDIRECT_SCHEME,20230923,20250524,4,492
/2013/photos.html,hint+repo+wayback-cdx,404,404,,301,301,,BOTH_NOT_OK_DIFF,20231203,20231203,1,3
/2013/pjf_steampunk_square.jpg,hint+repo,200,200,,200,200,,IDENTICAL,,,,
/2013/rjbs-pumpkin.jpg,hint+repo,200,200,,200,200,,IDENTICAL,,,,
/2013/sponsors,hint,301,200,/2013/sponsors/,301,200,/2013/sponsors/,SAME_BENIGN,,,,
/2013/sponsors/,hint+repo+wayback-cdx,200,200,,200,200,,SAME_BENIGN,20130323,20251014,23,
/2013/sponsors/index,repo,404,404,,200,200,,OLD_NOT_OK_NEW_OK,,,,
/2013/sponsors/index.html,hint+repo+wayback-cdx,200,200,,200,200,,SAME_BENIGN,20230922,20230922,1,
/2013/sponsors/top,hint,404,404,,404,404,,BOTH_NOT_OK_SAME,,,,3
/2013/static/css/button.css,hint+repo,200,200,,200,200,,IDENTICAL,,,,
/2013/static/css/common.css,hint+repo,200,200,,200,200,,IDENTICAL,,,,
/2013/static/css/form.css,hint+repo,200,200,,200,200,,IDENTICAL,,,,
/2013/static/css/html.css,hint+repo,200,200,,200,200,,IDENTICAL,,,,
/2013/static/css/main.css,hint+repo,200,200,,200,200,,IDENTICAL,,,,
/2013/static/css/sp.css,hint+repo,200,200,,200,200,,IDENTICAL,,,,
/2013/static/css/style.css,hint+repo,200,200,,200,200,,CSS_DIFF,,,,
/2013/static/images/base.png,hint+repo,200,200,,200,200,,IDENTICAL,,,,
/2013/static/images/btn_30days.png,hint+repo,200,200,,200,200,,IDENTICAL,,,,
/2013/static/images/btn_close.png,hint+repo,200,200,,200,200,,IDENTICAL,,,,
/2013/static/images/btn_facebook.png,hint+repo,200,200,,200,200,,IDENTICAL,,,,
/2013/static/images/btn_menu.png,hint+repo,200,200,,200,200,,IDENTICAL,,,,
/2013/static/images/btn_twitter.png,hint+repo,200,200,,200,200,,IDENTICAL,,,,
/2013/static/images/btn_youtube.png,hint+repo,200,200,,200,200,,IDENTICAL,,,,
/2013/static/images/favicon.ico,hint+repo,200,200,,200,200,,IDENTICAL,,,,
/2013/static/images/footer_character.png,hint+repo,200,200,,200,200,,IDENTICAL,,,,
/2013/static/images/gnavi_base.png,hint+repo,200,200,,200,200,,IDENTICAL,,,,
/2013/static/images/home_badge.png,hint+repo,200,200,,200,200,,IDENTICAL,,,,
/2013/static/images/icon_arrow.png,hint+repo,200,200,,200,200,,IDENTICAL,,,,
/2013/static/images/icon_list.png,hint+repo,200,200,,200,200,,IDENTICAL,,,,
/2013/static/images/icon_search.png,hint+repo,200,200,,200,200,,IDENTICAL,,,,
/2013/static/images/logo.png,hint+repo,200,200,,200,200,,IDENTICAL,,,,
/2013/static/images/logo_base.png,hint+repo,200,200,,200,200,,IDENTICAL,,,,
/2013/static/images/sponsors/adways.jpg,hint+repo,200,200,,200,200,,IDENTICAL,,,,
/2013/static/images/sponsors/alaxala.jpg,hint+repo,200,200,,200,200,,IDENTICAL,,,,
/2013/static/images/sponsors/bit-isle.jpg,hint+repo,200,200,,200,200,,IDENTICAL,,,,
/2013/static/images/sponsors/catchball21.jpg,hint+repo,200,200,,200,200,,IDENTICAL,,,,
/2013/static/images/sponsors/clubt.jpg,hint+repo,200,200,,200,200,,IDENTICAL,,,,
/2013/static/images/sponsors/code-iq.jpg,hint+repo,200,200,,200,200,,IDENTICAL,,,,
/2013/static/images/sponsors/cure.jpg,hint+repo,200,200,,200,200,,IDENTICAL,,,,
/2013/static/images/sponsors/datahotel.jpg,hint+repo,200,200,,200,200,,IDENTICAL,,,,
/2013/static/images/sponsors/dena.jpg,hint+repo,200,200,,200,200,,IDENTICAL,,,,
/2013/static/images/sponsors/fonfun.jpg,hint+repo,200,200,,200,200,,IDENTICAL,,,,
/2013/static/images/sponsors/freakout.jpg,hint+repo,200,200,,200,200,,IDENTICAL,,,,
/2013/static/images/sponsors/gaiax.jpg,hint+repo,200,200,,200,200,,IDENTICAL,,,,
/2013/static/images/sponsors/gihyo.jpg,hint+repo,200,200,,200,200,,IDENTICAL,,,,
/2013/static/images/sponsors/hatena.jpg,hint+repo,200,200,,200,200,,IDENTICAL,,,,
/2013/static/images/sponsors/idac.jpg,hint+repo,200,200,,200,200,,IDENTICAL,,,,
/2013/static/images/sponsors/jallnoc.jpg,hint+repo,200,200,,200,200,,IDENTICAL,,,,
/2013/static/images/sponsors/jpa.jpg,hint+repo,200,200,,200,200,,IDENTICAL,,,,
/2013/static/images/sponsors/kayac.jpg,hint+repo,200,200,,200,200,,IDENTICAL,,,,
/2013/static/images/sponsors/kddi.jpg,hint+repo,200,200,,200,200,,IDENTICAL,,,,
/2013/static/images/sponsors/line.jpg,hint+repo,200,200,,200,200,,IDENTICAL,,,,
/2013/static/images/sponsors/livesense.jpg,hint+repo,200,200,,200,200,,IDENTICAL,,,,
/2013/static/images/sponsors/microsoft.jpg,hint+repo,200,200,,200,200,,IDENTICAL,,,,
/2013/static/images/sponsors/mixi.jpg,hint+repo,200,200,,200,200,,IDENTICAL,,,,
/2013/static/images/sponsors/omoroki.jpg,hint+repo,200,200,,200,200,,IDENTICAL,,,,
/2013/static/images/sponsors/paperboy.jpg,hint+repo,200,200,,200,200,,IDENTICAL,,,,
/2013/static/images/sponsors/pixiv.jpg,hint+repo,200,200,,200,200,,IDENTICAL,,,,
/2013/static/images/sponsors/pr-times.jpg,hint+repo,200,200,,200,200,,IDENTICAL,,,,
/2013/static/images/sponsors/s2factory.jpg,hint+repo,200,200,,200,200,,IDENTICAL,,,,
/2013/static/images/sponsors/sakura-internet.jpg,hint+repo,200,200,,200,200,,IDENTICAL,,,,
/2013/static/images/sponsors/seesaa.jpg,hint+repo,200,200,,200,200,,IDENTICAL,,,,
/2013/static/images/sponsors/sixapart.jpg,hint+repo,200,200,,200,200,,IDENTICAL,,,,
/2013/static/images/sponsors/skyarc.jpg,hint+repo,200,200,,200,200,,IDENTICAL,,,,
/2013/static/images/sponsors/smart-education.jpg,hint+repo,200,200,,200,200,,IDENTICAL,,,,
/2013/static/images/sponsors/ssri.jpg,hint+repo,200,200,,200,200,,IDENTICAL,,,,
/2013/static/images/sponsors/voyage.jpg,hint+repo,200,200,,200,200,,IDENTICAL,,,,
/2013/static/images/sponsors/wano.jpg,hint+repo,200,200,,200,200,,IDENTICAL,,,,
/2013/static/js/functions.js,hint+repo,200,200,,200,200,,IDENTICAL,,,,
/2013/static/js/html5shiv.js,hint+repo,200,200,,200,200,,IDENTICAL,,,,
/2013/static/js/jquery.easing.1.3.js,hint+repo,200,200,,200,200,,IDENTICAL,,,,
/2013/static/js/jquery.lettering.js,hint+repo,200,200,,200,200,,IDENTICAL,,,,
/2013/static/js/jquery.pageslide.min.js,hint+repo,200,200,,200,200,,IDENTICAL,,,,
/2013/static/js/jquery.scrollfollow.js,hint+repo,200,200,,200,200,,IDENTICAL,,,,
/2013/static/js/redirecter.js,hint+repo,404,404,,200,200,,OLD_NOT_OK_NEW_OK,,,,
/2013/talk,hint,301,200,/2013/talk/,301,200,/2013/talk/,SAME_BENIGN,,,,
/2013/talk/,hint+repo+wayback-cdx,200,200,,200,200,,SAME_BENIGN,20150319,20230307,9,
/2013/talk/index,repo,404,404,,200,200,,OLD_NOT_OK_NEW_OK,,,,
/2013/talk/index.html,hint+repo+wayback-cdx,200,200,,200,200,,SAME_BENIGN,20231201,20260308,2,
/2013/talk/input/,hint,404,404,,404,404,,BOTH_NOT_OK_SAME,,,,6
/2013/talk/input/?lang=en,hint,404,404,,404,404,,BOTH_NOT_OK_SAME,,,,6
/2013/talk/input?lt=1,hint,404,404,,404,404,,BOTH_NOT_OK_SAME,,,,10
/2013/talk/input?lt=1&lang=en,hint,404,404,,404,404,,BOTH_NOT_OK_SAME,,,,5
/2013/talk/list,hint+repo+wayback-cdx,200,200,,200,200,,SAME_BENIGN,20130608,20250122,20,
/2013/talk/list.html,hint+repo+wayback-cdx,404,404,,200,200,,OLD_NOT_OK_NEW_OK,20230923,20251018,2,
/2013/talk/schedule,hint+wayback-cdx,404,404,,404,404,,BOTH_NOT_OK_SAME,20251126,20251126,1,
/2013/talk/schedule.html,hint,404,404,,404,404,,BOTH_NOT_OK_SAME,,,,
/2013/talk/schedule?date=2013-09-19,hint+repo+wayback-cdx,301,200,/2013/talk/schedule_2013-09-19,200,200,,SAME_BENIGN,20231209,20231209,1,
/2013/talk/schedule?date=2013-09-20,hint+repo+wayback-cdx,301,200,/2013/talk/schedule_2013-09-20,200,200,,SAME_BENIGN,20140812,20251018,4,
/2013/talk/schedule?date=2013-09-21,hint+repo+wayback-cdx,301,200,/2013/talk/schedule_2013-09-21,200,200,,SAME_BENIGN,20131226,20251126,5,
/2013/talk/schedule@date=2013-09-19,repo,404,404,,200,200,,OLD_NOT_OK_NEW_OK,,,,
/2013/talk/schedule@date=2013-09-19.html,hint+repo,404,404,,200,200,,OLD_NOT_OK_NEW_OK,,,,
/2013/talk/schedule@date=2013-09-20,repo,404,404,,200,200,,OLD_NOT_OK_NEW_OK,,,,
/2013/talk/schedule@date=2013-09-20.html,hint+repo,404,404,,200,200,,OLD_NOT_OK_NEW_OK,,,,
/2013/talk/schedule@date=2013-09-21,repo,404,404,,200,200,,OLD_NOT_OK_NEW_OK,,,,
/2013/talk/schedule@date=2013-09-21.html,hint+repo,404,404,,200,200,,OLD_NOT_OK_NEW_OK,,,,
/2013/talk/schedule_2013-09-19,hint+repo+wayback-cdx,200,200,,200,200,,SAME_BENIGN,20160707,20160707,1,
/2013/talk/schedule_2013-09-19.html,hint+repo,404,404,,200,200,,OLD_NOT_OK_NEW_OK,,,,
/2013/talk/schedule_2013-09-20,hint+repo+wayback-cdx,200,200,,200,200,,SAME_BENIGN,20151014,20160504,3,
/2013/talk/schedule_2013-09-20.html,hint+repo,404,404,,200,200,,OLD_NOT_OK_NEW_OK,,,,
/2013/talk/schedule_2013-09-21,hint+repo+wayback-cdx,200,200,,200,200,,SAME_BENIGN,20150730,20160809,3,
/2013/talk/schedule_2013-09-21.html,hint+repo,404,404,,200,200,,OLD_NOT_OK_NEW_OK,,,,
/2013/talk/show/003db6cc-cf45-11e2-9e79-f0896aeab6a4,hint+repo+wayback-cdx,200,200,,200,200,,SAME_BENIGN,20140119,20251126,10,
/2013/talk/show/003db6cc-cf45-11e2-9e79-f0896aeab6a4.html,hint+repo+wayback-cdx,404,404,,200,200,,OLD_NOT_OK_NEW_OK,20231203,20231203,1,
/2013/talk/show/003db6cc-cf45-11e2-9e79-f0896aeab6a4?utm_source=dlvr.it&utm_medium=twitter,wayback-cdx,200,200,,200,200,,SAME_BENIGN,20251114,20251114,1,
/2013/talk/show/02966e06-c8ff-11e2-8893-6cac6aeab6a4,hint+repo+wayback-cdx,200,200,,200,200,,SAME_BENIGN,20140823,20260308,11,
/2013/talk/show/02966e06-c8ff-11e2-8893-6cac6aeab6a4.html,hint+repo+wayback-cdx,404,404,,200,200,,OLD_NOT_OK_NEW_OK,20231208,20231208,1,
/2013/talk/show/02966e06-c8ff-11e2-8893-6cac6aeab6a4?utm_source=dlvr.it&utm_medium=twitter,wayback-cdx,200,200,,200,200,,SAME_BENIGN,20251126,20251126,1,
/2013/talk/show/03bedf92-c6d0-11e2-80df-039a6aeab6a4,hint+repo+wayback-cdx,200,200,,200,200,,SAME_BENIGN,20130608,20260308,15,
/2013/talk/show/03bedf92-c6d0-11e2-80df-039a6aeab6a4.html,hint+repo+wayback-cdx,404,404,,200,200,,OLD_NOT_OK_NEW_OK,20231203,20231203,1,
/2013/talk/show/04562cd0-c8e7-11e2-8893-6cac6aeab6a4,wayback-cdx,200,200,,404,404,,LOST,20130923,20130923,1,
/2013/talk/show/0747d85e-c6c5-11e2-80df-039a6aeab6a4,hint+repo+wayback-cdx,200,200,,200,200,,SAME_BENIGN,20130925,20240523,9,
/2013/talk/show/0747d85e-c6c5-11e2-80df-039a6aeab6a4.html,hint+repo+wayback-cdx,404,404,,200,200,,OLD_NOT_OK_NEW_OK,20231209,20231209,1,
/2013/talk/show/08e1c7c0-c8f9-11e2-8893-6cac6aeab6a4,hint+repo+wayback-cdx,200,200,,200,200,,SAME_BENIGN,20150504,20251126,8,
/2013/talk/show/08e1c7c0-c8f9-11e2-8893-6cac6aeab6a4.html,hint+repo+wayback-cdx,404,404,,200,200,,OLD_NOT_OK_NEW_OK,20231203,20231203,1,
/2013/talk/show/08e1c7c0-c8f9-11e2-8893-6cac6aeab6a4?utm_source=dlvr.it&utm_medium=twitter,wayback-cdx,200,200,,200,200,,SAME_BENIGN,20251126,20251126,1,
/2013/talk/show/09cb6846-1ff5-11e3-8db8-db856aeab6a4,hint+repo+wayback-cdx,200,200,,200,200,,SAME_BENIGN,20140823,20260308,10,
/2013/talk/show/09cb6846-1ff5-11e3-8db8-db856aeab6a4.html,hint+repo+wayback-cdx,404,404,,200,200,,OLD_NOT_OK_NEW_OK,20231201,20260122,2,
/2013/talk/show/0b4fe646-de47-11e2-8f00-96816aeab6a4,hint+repo,200,200,,200,200,,SAME_BENIGN,,,,
/2013/talk/show/0b4fe646-de47-11e2-8f00-96816aeab6a4.html,hint+repo,404,404,,200,200,,OLD_NOT_OK_NEW_OK,,,,
/2013/talk/show/0cf230fe-c7df-11e2-be2e-7ec06aeab6a4,hint+repo+wayback-cdx,200,200,,200,200,,SAME_BENIGN,20130928,20221129,6,
/2013/talk/show/0cf230fe-c7df-11e2-be2e-7ec06aeab6a4.html,hint+repo+wayback-cdx,404,404,,200,200,,OLD_NOT_OK_NEW_OK,20231203,20231203,1,
/2013/talk/show/0d2304e0-19bf-11e3-93a2-f74c6aeab6a4,hint+repo+wayback-cdx,200,200,,200,200,,SAME_BENIGN,20150504,20160730,3,
/2013/talk/show/0d2304e0-19bf-11e3-93a2-f74c6aeab6a4.html,hint+repo+wayback-cdx,404,404,,200,200,,OLD_NOT_OK_NEW_OK,20231209,20231209,1,
/2013/talk/show/0efabac4-c857-11e2-a1f8-59856aeab6a4,hint+repo+wayback-cdx,200,200,,200,200,,SAME_BENIGN,20150505,20221205,6,
/2013/talk/show/0efabac4-c857-11e2-a1f8-59856aeab6a4.html,hint+repo+wayback-cdx,404,404,,200,200,,OLD_NOT_OK_NEW_OK,20231209,20231209,1,
/2013/talk/show/1123ee86-c737-11e2-be2e-7ec06aeab6a4,hint+repo+wayback-cdx,200,200,,200,200,,SAME_BENIGN,20150504,20221206,6,
/2013/talk/show/1123ee86-c737-11e2-be2e-7ec06aeab6a4.html,hint+repo+wayback-cdx,404,404,,200,200,,OLD_NOT_OK_NEW_OK,20231209,20231209,1,
/2013/talk/show/115e02da-c6d6-11e2-80df-039a6aeab6a4,hint+repo+wayback-cdx,200,200,,200,200,,SAME_BENIGN,20130928,20260308,12,
/2013/talk/show/115e02da-c6d6-11e2-80df-039a6aeab6a4.html,hint+repo+wayback-cdx,404,404,,200,200,,OLD_NOT_OK_NEW_OK,20231201,20231201,1,
/2013/talk/show/11de44e0-cd2f-11e2-b054-a4966aeab6a4,hint+repo+wayback-cdx,200,200,,200,200,,SAME_BENIGN,20150504,20231207,8,
/2013/talk/show/11de44e0-cd2f-11e2-b054-a4966aeab6a4.html,hint+repo+wayback-cdx,404,404,,200,200,,OLD_NOT_OK_NEW_OK,20231203,20231203,1,
/2013/talk/show/12df3f18-c8a5-11e2-a1f8-59856aeab6a4,hint+repo+wayback-cdx,200,200,,200,200,,SAME_BENIGN,20130928,20221205,6,
/2013/talk/show/12df3f18-c8a5-11e2-a1f8-59856aeab6a4.html,hint+repo+wayback-cdx,404,404,,200,200,,OLD_NOT_OK_NEW_OK,20231209,20231209,1,
/2013/talk/show/13579384-20cd-11e3-895e-d5826aeab6a4,hint+repo+wayback-cdx,200,200,,200,200,,SAME_BENIGN,20130925,20160730,4,
/2013/talk/show/13579384-20cd-11e3-895e-d5826aeab6a4.html,hint+repo+wayback-cdx,404,404,,200,200,,OLD_NOT_OK_NEW_OK,20231209,20231209,1,
/2013/talk/show/150e4158-eae2-11e2-ba88-5f716aeab6a4,hint+repo+wayback-cdx,200,200,,200,200,,SAME_BENIGN,20130715,20260308,12,
/2013/talk/show/150e4158-eae2-11e2-ba88-5f716aeab6a4.html,hint+repo+wayback-cdx,404,404,,200,200,,OLD_NOT_OK_NEW_OK,20231209,20231209,1,
/2013/talk/show/150e4158-eae2-11e2-ba88-5f716aeab6a4?utm_source=dlvr.it&utm_medium=twitter,wayback-cdx,200,200,,200,200,,SAME_BENIGN,20251114,20251114,1,
/2013/talk/show/167ebc52-221e-11e3-94a0-fa546aeab6a4,hint+repo+wayback-cdx,200,200,,200,200,,SAME_BENIGN,20150504,20240223,5,
/2013/talk/show/167ebc52-221e-11e3-94a0-fa546aeab6a4.html,hint+repo+wayback-cdx,404,404,,200,200,,OLD_NOT_OK_NEW_OK,20231203,20231203,1,
/2013/talk/show/17005f0c-c6aa-11e2-80df-039a6aeab6a4,hint+repo+wayback-cdx,200,200,,200,200,,SAME_BENIGN,20131111,20250916,14,
/2013/talk/show/17005f0c-c6aa-11e2-80df-039a6aeab6a4.html,hint+repo+wayback-cdx,404,404,,200,200,,OLD_NOT_OK_NEW_OK,20231203,20231203,1,
/2013/talk/show/1973a82a-c781-11e2-be2e-7ec06aeab6a4,hint+repo+wayback-cdx,200,200,,200,200,,SAME_BENIGN,20131004,20260308,12,
/2013/talk/show/1973a82a-c781-11e2-be2e-7ec06aeab6a4.html,hint+repo+wayback-cdx,404,404,,200,200,,OLD_NOT_OK_NEW_OK,20231201,20231201,1,
/2013/talk/show/1ae09aba-c8d5-11e2-a1f8-59856aeab6a4,hint+repo+wayback-cdx,200,200,,200,200,,SAME_BENIGN,20130608,20260308,17,
/2013/talk/show/1ae09aba-c8d5-11e2-a1f8-59856aeab6a4.html,hint+repo+wayback-cdx,404,404,,200,200,,OLD_NOT_OK_NEW_OK,20231209,20231209,1,
/2013/talk/show/281fd5ca-2a31-11e3-8a5f-e2a86aeab6a4,hint+repo+wayback-cdx,200,200,,200,200,,SAME_BENIGN,20150504,20160730,3,
/2013/talk/show/281fd5ca-2a31-11e3-8a5f-e2a86aeab6a4.html,hint+repo+wayback-cdx,404,404,,200,200,,OLD_NOT_OK_NEW_OK,20231203,20231203,1,
/2013/talk/show/28378910-207f-11e3-a408-9ec46aeab6a4,hint+repo+wayback-cdx,200,200,,200,200,,SAME_BENIGN,20140823,20260308,10,
/2013/talk/show/28378910-207f-11e3-a408-9ec46aeab6a4.html,hint+repo+wayback-cdx,404,404,,200,200,,OLD_NOT_OK_NEW_OK,20231201,20231201,1,
/2013/talk/show/2a2b5540-2191-11e3-895e-d5826aeab6a4,hint+repo+wayback-cdx,200,200,,200,200,,SAME_BENIGN,20140823,20260308,9,
/2013/talk/show/2a2b5540-2191-11e3-895e-d5826aeab6a4.html,hint+repo+wayback-cdx,404,404,,200,200,,OLD_NOT_OK_NEW_OK,20231201,20231201,1,
/2013/talk/show/2aaa2322-e161-11e2-8f00-96816aeab6a4,hint+repo+wayback-cdx,200,200,,200,200,,SAME_BENIGN,20131224,20221210,8,
/2013/talk/show/2aaa2322-e161-11e2-8f00-96816aeab6a4.html,hint+repo+wayback-cdx,404,404,,200,200,,OLD_NOT_OK_NEW_OK,20231209,20231209,1,
/2013/talk/show/2b7d242c-c9d1-11e2-8893-6cac6aeab6a4,hint+repo+wayback-cdx,200,200,,200,200,,SAME_BENIGN,20130925,20251114,8,
/2013/talk/show/2b7d242c-c9d1-11e2-8893-6cac6aeab6a4.html,hint+repo+wayback-cdx,404,404,,200,200,,OLD_NOT_OK_NEW_OK,20231209,20231209,1,
/2013/talk/show/2b7d242c-c9d1-11e2-8893-6cac6aeab6a4?utm_source=dlvr.it&utm_medium=twitter,wayback-cdx,200,200,,200,200,,SAME_BENIGN,20251114,20251114,1,
/2013/talk/show/2eff4906-f297-11e2-8bb9-069a6aeab6a4,hint+repo+wayback-cdx,200,200,,200,200,,SAME_BENIGN,20130819,20240810,6,
/2013/talk/show/2eff4906-f297-11e2-8bb9-069a6aeab6a4%3Cbr%20/%3E,old-link,404,404,,404,404,,BOTH_NOT_OK_SAME,,,,5
/2013/talk/show/2eff4906-f297-11e2-8bb9-069a6aeab6a4.html,hint+repo+wayback-cdx,404,404,,200,200,,OLD_NOT_OK_NEW_OK,20231203,20231203,1,
/2013/talk/show/2f50ef1a-d24c-11e2-a70b-a69b6aeab6a4,hint+repo+wayback-cdx,200,200,,200,200,,SAME_BENIGN,20130928,20260308,13,
/2013/talk/show/2f50ef1a-d24c-11e2-a70b-a69b6aeab6a4.html,hint+repo+wayback-cdx,404,404,,200,200,,OLD_NOT_OK_NEW_OK,20231201,20231201,1,
/2013/talk/show/32a95044-d729-11e2-af24-f3536aeab6a4,hint+repo+wayback-cdx,200,200,,200,200,,SAME_BENIGN,20130617,20260308,14,
/2013/talk/show/32a95044-d729-11e2-af24-f3536aeab6a4.html,hint+repo+wayback-cdx,404,404,,200,200,,OLD_NOT_OK_NEW_OK,20231209,20231209,1,
/2013/talk/show/32a95044-d729-11e2-af24-f3536aeab6a4?utm_source=dlvr.it&utm_medium=twitter,wayback-cdx,200,200,,200,200,,SAME_BENIGN,20251114,20251114,1,
/2013/talk/show/33481ec8-1eb8-11e3-93a2-f74c6aeab6a4,hint+repo+wayback-cdx,200,200,,200,200,,SAME_BENIGN,20130928,20221205,7,
/2013/talk/show/33481ec8-1eb8-11e3-93a2-f74c6aeab6a4.html,hint+repo+wayback-cdx,404,404,,200,200,,OLD_NOT_OK_NEW_OK,20231203,20231203,1,
/2013/talk/show/35169ea4-c8c4-11e2-a1f8-59856aeab6a4,wayback-cdx,404,404,,404,404,,BOTH_NOT_OK_SAME,20130914,20130914,1,
/2013/talk/show/358af0f0-ce83-11e2-9e79-f0896aeab6a4,hint+repo+wayback-cdx,200,200,,200,200,,SAME_BENIGN,20140823,20260308,11,
/2013/talk/show/358af0f0-ce83-11e2-9e79-f0896aeab6a4.html,hint+repo+wayback-cdx,404,404,,200,200,,OLD_NOT_OK_NEW_OK,20231201,20260413,2,
/2013/talk/show/358af0f0-ce83-11e2-9e79-f0896aeab6a4?utm_source=dlvr.it&utm_medium=twitter,wayback-cdx,200,200,,200,200,,SAME_BENIGN,20251114,20251114,1,
/2013/talk/show/379444ba-c775-11e2-be2e-7ec06aeab6a4,hint+repo+wayback-cdx,200,200,,200,200,,SAME_BENIGN,20131111,20240523,9,
/2013/talk/show/379444ba-c775-11e2-be2e-7ec06aeab6a4.html,hint+repo+wayback-cdx,404,404,,200,200,,OLD_NOT_OK_NEW_OK,20231203,20231203,1,
/2013/talk/show/389f68b0-00e3-11e3-8088-bc4f6aeab6a4,hint+repo+wayback-cdx,200,200,,200,200,,SAME_BENIGN,20140823,20260308,10,
/2013/talk/show/389f68b0-00e3-11e3-8088-bc4f6aeab6a4.html,hint+repo+wayback-cdx,404,404,,200,200,,OLD_NOT_OK_NEW_OK,20231201,20231201,1,
/2013/talk/show/3aa7c234-2103-11e3-895e-d5826aeab6a4,hint+repo+wayback-cdx,200,200,,200,200,,SAME_BENIGN,20130925,20240324,5,
/2013/talk/show/3aa7c234-2103-11e3-895e-d5826aeab6a4.html,hint+repo+wayback-cdx,404,404,,200,200,,OLD_NOT_OK_NEW_OK,20231203,20231203,1,
/2013/talk/show/3ac08188-c9ca-11e2-8893-6cac6aeab6a4,hint+repo+wayback-cdx,200,200,,200,200,,SAME_BENIGN,20150504,20221126,7,
/2013/talk/show/3ac08188-c9ca-11e2-8893-6cac6aeab6a4.html,hint+repo+wayback-cdx,404,404,,200,200,,OLD_NOT_OK_NEW_OK,20231203,20231203,1,
/2013/talk/show/3b6e3cae-1a76-11e3-93a2-f74c6aeab6a4,hint+repo+wayback-cdx,200,200,,200,200,,SAME_BENIGN,20140823,20260308,10,
/2013/talk/show/3b6e3cae-1a76-11e3-93a2-f74c6aeab6a4.html,hint+repo+wayback-cdx,404,404,,200,200,,OLD_NOT_OK_NEW_OK,20231201,20231201,1,
/2013/talk/show/3f871136-1eee-11e3-93a2-f74c6aeab6a4,hint+repo+wayback-cdx,200,200,,200,200,,SAME_BENIGN,20140823,20260308,9,
/2013/talk/show/3f871136-1eee-11e3-93a2-f74c6aeab6a4.html,hint+repo+wayback-cdx,404,404,,200,200,,OLD_NOT_OK_NEW_OK,20231201,20231201,1,
/2013/talk/show/45957f84-ea5c-11e2-ba88-5f716aeab6a4,hint+repo+wayback-cdx,200,200,,200,200,,SAME_BENIGN,20201020,20230201,3,
/2013/talk/show/45957f84-ea5c-11e2-ba88-5f716aeab6a4.html,hint+repo,404,404,,200,200,,OLD_NOT_OK_NEW_OK,,,,
/2013/talk/show/47d68278-cab5-11e2-b054-a4966aeab6a4,hint+repo+wayback-cdx,200,200,,200,200,,SAME_BENIGN,20130928,20251204,14,
/2013/talk/show/47d68278-cab5-11e2-b054-a4966aeab6a4.html,hint+repo+wayback-cdx,404,404,,200,200,,OLD_NOT_OK_NEW_OK,20231201,20231201,1,
/2013/talk/show/526e0c64-eadc-11e2-ba88-5f716aeab6a4,wayback-cdx,404,404,,404,404,,BOTH_NOT_OK_SAME,20130725,20130725,1,
/2013/talk/show/535370a6-f266-11e2-ba15-895a6aeab6a4,hint+repo+wayback-cdx,200,200,,200,200,,SAME_BENIGN,20150505,20240810,6,
/2013/talk/show/535370a6-f266-11e2-ba15-895a6aeab6a4.html,hint+repo+wayback-cdx,404,404,,200,200,,OLD_NOT_OK_NEW_OK,20231209,20231209,1,
/2013/talk/show/53ea421c-eab7-11e2-ba88-5f716aeab6a4,hint+repo+wayback-cdx,200,200,,200,200,,SAME_BENIGN,20150504,20251129,5,
/2013/talk/show/53ea421c-eab7-11e2-ba88-5f716aeab6a4.html,hint+repo+wayback-cdx,404,404,,200,200,,OLD_NOT_OK_NEW_OK,20231209,20231209,1,
/2013/talk/show/53ea421c-eab7-11e2-ba88-5f716aeab6a4?utm_source=dlvr.it&utm_medium=twitter,wayback-cdx,200,200,,200,200,,SAME_BENIGN,20251227,20251227,1,
/2013/talk/show/5dc1e522-212d-11e3-895e-d5826aeab6a4,hint+repo+wayback-cdx,200,200,,200,200,,SAME_BENIGN,20150504,20160730,3,
/2013/talk/show/5dc1e522-212d-11e3-895e-d5826aeab6a4.html,hint+repo+wayback-cdx,404,404,,200,200,,OLD_NOT_OK_NEW_OK,20231203,20231203,1,
/2013/talk/show/5f3d4e94-c7ac-11e2-be2e-7ec06aeab6a4,hint+repo+wayback-cdx,200,200,,200,200,,SAME_BENIGN,20130623,20221205,8,
/2013/talk/show/5f3d4e94-c7ac-11e2-be2e-7ec06aeab6a4.html,hint+repo+wayback-cdx,404,404,,200,200,,OLD_NOT_OK_NEW_OK,20231209,20231209,1,
/2013/talk/show/603131aa-2010-11e3-8db8-db856aeab6a4,hint+repo+wayback-cdx,200,200,,200,200,,SAME_BENIGN,20150504,20160730,3,
/2013/talk/show/603131aa-2010-11e3-8db8-db856aeab6a4.html,hint+repo+wayback-cdx,404,404,,200,200,,OLD_NOT_OK_NEW_OK,20231209,20231209,1,
/2013/talk/show/62304644-e25d-11e2-8767-0fa16aeab6a4,hint+repo+wayback-cdx,200,200,,200,200,,SAME_BENIGN,20130705,20260308,14,
/2013/talk/show/62304644-e25d-11e2-8767-0fa16aeab6a4.html,hint+repo+wayback-cdx,404,404,,200,200,,OLD_NOT_OK_NEW_OK,20231209,20231209,1,
/2013/talk/show/642035d4-eafc-11e2-ba88-5f716aeab6a4,wayback-cdx,404,404,,404,404,,BOTH_NOT_OK_SAME,20140930,20140930,1,
/2013/talk/show/6541cf5c-ca06-11e2-9f2f-b7686aeab6a4,hint+repo+wayback-cdx,200,200,,200,200,,SAME_BENIGN,20150504,20221206,6,
/2013/talk/show/6541cf5c-ca06-11e2-9f2f-b7686aeab6a4.html,hint+repo+wayback-cdx,404,404,,200,200,,OLD_NOT_OK_NEW_OK,20231209,20231209,1,
/2013/talk/show/6d9a81f8-ea36-11e2-ba88-5f716aeab6a4,hint+repo+wayback-cdx,200,200,,200,200,,SAME_BENIGN,20130806,20251126,22,
/2013/talk/show/6d9a81f8-ea36-11e2-ba88-5f716aeab6a4.html,hint+repo+wayback-cdx,404,404,,200,200,,OLD_NOT_OK_NEW_OK,20230923,20230923,1,
/2013/talk/show/6d9a81f8-ea36-11e2-ba88-5f716aeab6a4?utm_source=dlvr.it&utm_medium=twitter,wayback-cdx,200,200,,200,200,,SAME_BENIGN,20251126,20251126,1,
/2013/talk/show/73207da6-e2bd-11e2-8767-0fa16aeab6a4,hint+repo+wayback-cdx,200,200,,200,200,,SAME_BENIGN,20150504,20250916,8,
/2013/talk/show/73207da6-e2bd-11e2-8767-0fa16aeab6a4.html,hint+repo+wayback-cdx,404,404,,200,200,,OLD_NOT_OK_NEW_OK,20231203,20231203,1,
/2013/talk/show/7376d96e-204b-11e3-a408-9ec46aeab6a4,hint+repo+wayback-cdx,200,200,,200,200,,SAME_BENIGN,20150504,20160730,3,
/2013/talk/show/7376d96e-204b-11e3-a408-9ec46aeab6a4.html,hint+repo+wayback-cdx,404,404,,200,200,,OLD_NOT_OK_NEW_OK,20231209,20231209,1,
/2013/talk/show/767463b0-d8fd-11e2-971a-72936aeab6a4,hint+repo+wayback-cdx,200,200,,200,200,,SAME_BENIGN,20130622,20260308,8,
/2013/talk/show/767463b0-d8fd-11e2-971a-72936aeab6a4.html,hint+repo+wayback-cdx,404,404,,200,200,,OLD_NOT_OK_NEW_OK,20231203,20231203,1,
/2013/talk/show/767463b0-d8fd-11e2-971a-72936aeab6a4?fb_action_ids=498025276937405,wayback-cdx,200,200,,200,200,,SAME_BENIGN,20130820,20130820,1,
/2013/talk/show/79524f3e-f266-11e2-ba15-895a6aeab6a4,hint+repo+wayback-cdx,200,200,,200,200,,SAME_BENIGN,20150504,20240810,6,
/2013/talk/show/79524f3e-f266-11e2-ba15-895a6aeab6a4.html,hint+repo+wayback-cdx,404,404,,200,200,,OLD_NOT_OK_NEW_OK,20231203,20231203,1,
/2013/talk/show/7baa4246-c6ba-11e2-80df-039a6aeab6a4,wayback-cdx,200,200,,404,404,,LOST,20131002,20131002,1,
/2013/talk/show/7e20f94e-e225-11e2-8767-0fa16aeab6a4,hint+repo+wayback-cdx,200,200,,200,200,,SAME_BENIGN,20150504,20221206,4,
/2013/talk/show/7e20f94e-e225-11e2-8767-0fa16aeab6a4.html,hint+repo+wayback-cdx,404,404,,200,200,,OLD_NOT_OK_NEW_OK,20231203,20231203,1,
/2013/talk/show/7ec43d0c-f33c-11e2-9c55-fd6b6aeab6a4,hint+repo+wayback-cdx,200,200,,200,200,,SAME_BENIGN,20150504,20160730,3,
/2013/talk/show/7ec43d0c-f33c-11e2-9c55-fd6b6aeab6a4.html,hint+repo+wayback-cdx,404,404,,200,200,,OLD_NOT_OK_NEW_OK,20231203,20231203,1,
/2013/talk/show/83b1772e-d16f-11e2-9e79-f0896aeab6a4,hint+repo+wayback-cdx,200,200,,200,200,,SAME_BENIGN,20130820,20230201,7,
/2013/talk/show/83b1772e-d16f-11e2-9e79-f0896aeab6a4.html,hint+repo+wayback-cdx,404,404,,200,200,,OLD_NOT_OK_NEW_OK,20231209,20231209,1,
/2013/talk/show/841bdeea-f297-11e2-8bb9-069a6aeab6a4,hint+repo+wayback-cdx,200,200,,200,200,,SAME_BENIGN,20150504,20160730,3,
/2013/talk/show/841bdeea-f297-11e2-8bb9-069a6aeab6a4.html,hint+repo+wayback-cdx,404,404,,200,200,,OLD_NOT_OK_NEW_OK,20231209,20231209,1,
/2013/talk/show/8463e876-c8e8-11e2-8893-6cac6aeab6a4,hint+repo+wayback-cdx,200,200,,200,200,,SAME_BENIGN,20130703,20240523,7,
/2013/talk/show/8463e876-c8e8-11e2-8893-6cac6aeab6a4.html,hint+repo+wayback-cdx,404,404,,200,200,,OLD_NOT_OK_NEW_OK,20231209,20231209,1,
/2013/talk/show/861b2e16-2047-11e3-a408-9ec46aeab6a4,hint+repo+wayback-cdx,200,200,,200,200,,SAME_BENIGN,20140823,20260308,10,
/2013/talk/show/861b2e16-2047-11e3-a408-9ec46aeab6a4.html,hint+repo+wayback-cdx,404,404,,200,200,,OLD_NOT_OK_NEW_OK,20231201,20231201,1,
/2013/talk/show/87e86022-19be-11e3-93a2-f74c6aeab6a4,hint+repo+wayback-cdx,200,200,,200,200,,SAME_BENIGN,20140823,20260308,10,
/2013/talk/show/87e86022-19be-11e3-93a2-f74c6aeab6a4.html,hint+repo+wayback-cdx,404,404,,200,200,,OLD_NOT_OK_NEW_OK,20231201,20231201,1,
/2013/talk/show/889f1598-da48-11e2-971a-72936aeab6a4,hint+repo+wayback-cdx,200,200,,200,200,,SAME_BENIGN,20130709,20251126,11,
/2013/talk/show/889f1598-da48-11e2-971a-72936aeab6a4.html,hint+repo+wayback-cdx,404,404,,200,200,,OLD_NOT_OK_NEW_OK,20231209,20231209,1,
/2013/talk/show/889f1598-da48-11e2-971a-72936aeab6a4?utm_source=dlvr.it&utm_medium=twitter,wayback-cdx,200,200,,200,200,,SAME_BENIGN,20251114,20251114,1,
/2013/talk/show/8fdc95f8-20be-11e3-a408-9ec46aeab6a4,hint+repo+wayback-cdx,200,200,,200,200,,SAME_BENIGN,20150504,20160730,3,
/2013/talk/show/8fdc95f8-20be-11e3-a408-9ec46aeab6a4.html,hint+repo+wayback-cdx,404,404,,200,200,,OLD_NOT_OK_NEW_OK,20231209,20231209,1,
/2013/talk/show/961396b6-c82f-11e2-9315-13836aeab6a4,hint+repo+wayback-cdx,200,200,,200,200,,SAME_BENIGN,20130928,20260308,13,
/2013/talk/show/961396b6-c82f-11e2-9315-13836aeab6a4.html,hint+repo+wayback-cdx,404,404,,200,200,,OLD_NOT_OK_NEW_OK,20231201,20231201,1,
/2013/talk/show/98184134-e975-11e2-ba88-5f716aeab6a4,hint+repo+wayback-cdx,200,200,,200,200,,SAME_BENIGN,20130820,20260308,14,
/2013/talk/show/98184134-e975-11e2-ba88-5f716aeab6a4.html,hint+repo+wayback-cdx,404,404,,200,200,,OLD_NOT_OK_NEW_OK,20231203,20231203,1,
/2013/talk/show/98a454bc-19d1-11e3-93a2-f74c6aeab6a4,hint+repo+wayback-cdx,200,200,,200,200,,SAME_BENIGN,20140823,20260308,10,
/2013/talk/show/98a454bc-19d1-11e3-93a2-f74c6aeab6a4.html,hint+repo+wayback-cdx,404,404,,200,200,,OLD_NOT_OK_NEW_OK,20231203,20231203,1,
/2013/talk/show/9b5c4d54-f2c6-11e2-ac33-21c36aeab6a4,hint+repo+wayback-cdx,200,200,,200,200,,SAME_BENIGN,20150504,20241222,5,
/2013/talk/show/9b5c4d54-f2c6-11e2-ac33-21c36aeab6a4.html,hint+repo+wayback-cdx,404,404,,200,200,,OLD_NOT_OK_NEW_OK,20231209,20231209,1,
/2013/talk/show/9c756568-ea92-11e2-ba88-5f716aeab6a4,hint+repo+wayback-cdx,200,200,,200,200,,SAME_BENIGN,20130806,20260107,10,
/2013/talk/show/9c756568-ea92-11e2-ba88-5f716aeab6a4.html,hint+repo+wayback-cdx,404,404,,200,200,,OLD_NOT_OK_NEW_OK,20231209,20231209,1,
/2013/talk/show/9e2dc0ea-2178-11e3-895e-d5826aeab6a4,hint+repo+wayback-cdx,200,200,,200,200,,SAME_BENIGN,20150504,20160729,3,
/2013/talk/show/9e2dc0ea-2178-11e3-895e-d5826aeab6a4.html,hint+repo+wayback-cdx,404,404,,200,200,,OLD_NOT_OK_NEW_OK,20231209,20231209,1,
/2013/talk/show/a278bbe4-e908-11e2-ba88-5f716aeab6a4,hint+repo+wayback-cdx,200,200,,200,200,,SAME_BENIGN,20130715,20260308,12,
/2013/talk/show/a278bbe4-e908-11e2-ba88-5f716aeab6a4.html,hint+repo+wayback-cdx,404,404,,200,200,,OLD_NOT_OK_NEW_OK,20231209,20231209,1,
/2013/talk/show/a28a0e04-1d73-11e3-93a2-f74c6aeab6a4,hint+repo+wayback-cdx,200,200,,200,200,,SAME_BENIGN,20150505,20160730,3,
/2013/talk/show/a28a0e04-1d73-11e3-93a2-f74c6aeab6a4.html,hint+repo+wayback-cdx,404,404,,200,200,,OLD_NOT_OK_NEW_OK,20231209,20231209,1,
/2013/talk/show/a4546e82-e0b0-11e2-8f00-96816aeab6a4,hint+repo+wayback-cdx,200,200,,200,200,,SAME_BENIGN,20130928,20260308,12,
/2013/talk/show/a4546e82-e0b0-11e2-8f00-96816aeab6a4.html,hint+repo+wayback-cdx,404,404,,200,200,,OLD_NOT_OK_NEW_OK,20231201,20260413,2,
/2013/talk/show/a8e6a178-e9fb-11e2-ba88-5f716aeab6a4,hint+repo+wayback-cdx,200,200,,200,200,,SAME_BENIGN,20150505,20221127,7,
/2013/talk/show/a8e6a178-e9fb-11e2-ba88-5f716aeab6a4.html,hint+repo+wayback-cdx,404,404,,200,200,,OLD_NOT_OK_NEW_OK,20231203,20231203,1,
/2013/talk/show/b1bb73d0-e174-11e2-8767-0fa16aeab6a4,hint+repo+wayback-cdx,200,200,,200,200,,SAME_BENIGN,20140801,20260308,16,
/2013/talk/show/b1bb73d0-e174-11e2-8767-0fa16aeab6a4.html,hint+repo+wayback-cdx,404,404,,200,200,,OLD_NOT_OK_NEW_OK,20231209,20231209,1,
/2013/talk/show/b20babe0-eaeb-11e2-ba88-5f716aeab6a4,hint+repo+wayback-cdx,200,200,,200,200,,SAME_BENIGN,20130806,20240810,10,
/2013/talk/show/b20babe0-eaeb-11e2-ba88-5f716aeab6a4.html,hint+repo+wayback-cdx,404,404,,200,200,,OLD_NOT_OK_NEW_OK,20231203,20231203,1,
/2013/talk/show/b22c6f7a-f33c-11e2-9c55-fd6b6aeab6a4,hint+repo+wayback-cdx,200,200,,200,200,,SAME_BENIGN,20150504,20221210,4,
/2013/talk/show/b22c6f7a-f33c-11e2-9c55-fd6b6aeab6a4.html,hint+repo+wayback-cdx,404,404,,200,200,,OLD_NOT_OK_NEW_OK,20231203,20231203,1,
/2013/talk/show/b262abd0-c77c-11e2-be2e-7ec06aeab6a4,hint+repo+wayback-cdx,200,200,,200,200,,SAME_BENIGN,20130721,20260831,16,
/2013/talk/show/b262abd0-c77c-11e2-be2e-7ec06aeab6a4.html,hint+repo+wayback-cdx,404,404,,200,200,,OLD_NOT_OK_NEW_OK,20231209,20231209,1,
/2013/talk/show/b3cd7e88-daef-11e2-8f00-96816aeab6a4,wayback-cdx,200,200,,404,404,,LOST,20130701,20130701,1,
/2013/talk/show/b676d0d2-1a7b-11e3-93a2-f74c6aeab6a4,hint+repo+wayback-cdx,200,200,,200,200,,SAME_BENIGN,20140823,20260308,9,
/2013/talk/show/b676d0d2-1a7b-11e3-93a2-f74c6aeab6a4.html,hint+repo+wayback-cdx,404,404,,200,200,,OLD_NOT_OK_NEW_OK,20231201,20231201,1,
/2013/talk/show/bacc4e8c-200c-11e3-8db8-db856aeab6a4,hint+repo+wayback-cdx,200,200,,200,200,,SAME_BENIGN,20140823,20251204,8,
/2013/talk/show/bacc4e8c-200c-11e3-8db8-db856aeab6a4.html,hint+repo+wayback-cdx,404,404,,200,200,,OLD_NOT_OK_NEW_OK,20231201,20231201,1,
/2013/talk/show/bd6f578c-ccb1-11e2-b054-a4966aeab6a4,hint+repo+wayback-cdx,200,200,,200,200,,SAME_BENIGN,20140826,20231208,9,
/2013/talk/show/bd6f578c-ccb1-11e2-b054-a4966aeab6a4.html,hint+repo+wayback-cdx,404,404,,200,200,,OLD_NOT_OK_NEW_OK,20231208,20231208,1,
/2013/talk/show/bf903e02-f2ca-11e2-9bd1-df496aeab6a4,hint+repo+wayback-cdx,200,200,,200,200,,SAME_BENIGN,20130928,20250601,9,
/2013/talk/show/bf903e02-f2ca-11e2-9bd1-df496aeab6a4.html,hint+repo+wayback-cdx,404,404,,200,200,,OLD_NOT_OK_NEW_OK,20231209,20231209,1,
/2013/talk/show/c6b08f02-f293-11e2-ba15-895a6aeab6a4,hint+repo+wayback-cdx,200,200,,200,200,,SAME_BENIGN,20130723,20260308,19,
/2013/talk/show/c6b08f02-f293-11e2-ba15-895a6aeab6a4.html,hint+repo+wayback-cdx,404,404,,200,200,,OLD_NOT_OK_NEW_OK,20231201,20231201,1,
/2013/talk/show/c95e4d18-df04-11e2-8f00-96816aeab6a4,hint+repo+wayback-cdx,200,200,,200,200,,SAME_BENIGN,20130820,20250916,9,
/2013/talk/show/c95e4d18-df04-11e2-8f00-96816aeab6a4.html,hint+repo+wayback-cdx,404,404,,200,200,,OLD_NOT_OK_NEW_OK,20231203,20231203,1,
/2013/talk/show/cb6bff02-2067-11e3-a408-9ec46aeab6a4,hint+repo+wayback-cdx,200,200,,200,200,,SAME_BENIGN,20140823,20260308,9,
/2013/talk/show/cb6bff02-2067-11e3-a408-9ec46aeab6a4.html,hint+repo+wayback-cdx,404,404,,200,200,,OLD_NOT_OK_NEW_OK,20231201,20231201,1,
/2013/talk/show/cc936cac-e238-11e2-8767-0fa16aeab6a4,hint+repo+wayback-cdx,200,200,,200,200,,SAME_BENIGN,20130704,20260707,17,
/2013/talk/show/cc936cac-e238-11e2-8767-0fa16aeab6a4.html,hint+repo+wayback-cdx,404,404,,200,200,,OLD_NOT_OK_NEW_OK,20231209,20231209,1,
/2013/talk/show/cc936cac-e238-11e2-8767-0fa16aeab6a4?utm_source=dlvr.it&utm_medium=twitter,wayback-cdx,200,200,,200,200,,SAME_BENIGN,20251114,20251114,1,
/2013/talk/show/cebdac50-c8ec-11e2-8893-6cac6aeab6a4,hint+repo+wayback-cdx,200,200,,200,200,,SAME_BENIGN,20150505,20240223,8,
/2013/talk/show/cebdac50-c8ec-11e2-8893-6cac6aeab6a4.html,hint+repo+wayback-cdx,404,404,,200,200,,OLD_NOT_OK_NEW_OK,20231209,20231209,1,
/2013/talk/show/d6e0b462-e189-11e2-8767-0fa16aeab6a4,hint+repo+wayback-cdx,200,200,,200,200,,SAME_BENIGN,20150505,20251114,9,
/2013/talk/show/d6e0b462-e189-11e2-8767-0fa16aeab6a4.html,hint+repo+wayback-cdx,404,404,,200,200,,OLD_NOT_OK_NEW_OK,20231209,20231209,1,
/2013/talk/show/d6e0b462-e189-11e2-8767-0fa16aeab6a4?utm_source=dlvr.it&utm_medium=twitter,wayback-cdx,200,200,,200,200,,SAME_BENIGN,20251126,20251126,1,
/2013/talk/show/de2180ee-19c4-11e3-93a2-f74c6aeab6a4,hint+repo+wayback-cdx,200,200,,200,200,,SAME_BENIGN,20140823,20251126,9,
/2013/talk/show/de2180ee-19c4-11e3-93a2-f74c6aeab6a4.html,hint+repo+wayback-cdx,404,404,,200,200,,OLD_NOT_OK_NEW_OK,20231208,20251018,2,
/2013/talk/show/df8362d0-2208-11e3-94a0-fa546aeab6a4,hint+repo+wayback-cdx,200,200,,200,200,,SAME_BENIGN,20150504,20160730,3,
/2013/talk/show/df8362d0-2208-11e3-94a0-fa546aeab6a4.html,hint+repo+wayback-cdx,404,404,,200,200,,OLD_NOT_OK_NEW_OK,20231209,20231209,1,
/2013/talk/show/e58af7dc-f266-11e2-ba15-895a6aeab6a4,hint+repo+wayback-cdx,200,200,,200,200,,SAME_BENIGN,20130928,20260308,12,
/2013/talk/show/e58af7dc-f266-11e2-ba15-895a6aeab6a4.html,hint+repo+wayback-cdx,404,404,,200,200,,OLD_NOT_OK_NEW_OK,20231203,20231203,1,
/2013/talk/show/e72878f2-d6ec-11e2-af24-f3536aeab6a4,hint+repo+wayback-cdx,200,200,,200,200,,SAME_BENIGN,20130715,20260308,10,
/2013/talk/show/e72878f2-d6ec-11e2-af24-f3536aeab6a4.html,hint+repo+wayback-cdx,404,404,,200,200,,OLD_NOT_OK_NEW_OK,20231201,20231201,1,
/2013/talk/show/e73de9d2-c803-11e2-be2e-7ec06aeab6a4,hint+repo+wayback-cdx,200,200,,200,200,,SAME_BENIGN,20131111,20221206,6,
/2013/talk/show/e73de9d2-c803-11e2-be2e-7ec06aeab6a4.html,hint+repo+wayback-cdx,404,404,,200,200,,OLD_NOT_OK_NEW_OK,20231209,20231209,1,
/2013/talk/show/ec0daecc-de77-11e2-8f00-96816aeab6a4,hint+repo+wayback-cdx,200,200,,200,200,,SAME_BENIGN,20131129,20251119,10,
/2013/talk/show/ec0daecc-de77-11e2-8f00-96816aeab6a4.html,hint+repo+wayback-cdx,404,404,,200,200,,OLD_NOT_OK_NEW_OK,20231208,20231208,1,
/2013/talk/show/f023c72c-dfd4-11e2-8f00-96816aeab6a4,wayback-cdx,200,200,,404,404,,LOST,20131112,20230529,5,
/2013/talk/show/f04a3fa0-dfee-11e2-8f00-96816aeab6a4,hint+repo+wayback-cdx,200,200,,200,200,,SAME_BENIGN,20150504,20260508,8,
/2013/talk/show/f04a3fa0-dfee-11e2-8f00-96816aeab6a4.html,hint+repo+wayback-cdx,404,404,,200,200,,OLD_NOT_OK_NEW_OK,20231209,20231209,1,
/2013/talk/show/f1c31634-c6cd-11e2-80df-039a6aeab6a4,hint+repo+wayback-cdx,200,200,,200,200,,SAME_BENIGN,20150504,20221205,5,
/2013/talk/show/f1c31634-c6cd-11e2-80df-039a6aeab6a4.html,hint+repo+wayback-cdx,404,404,,200,200,,OLD_NOT_OK_NEW_OK,20231203,20231203,1,
/2013/talk/show/f43580be-ce70-11e2-9e79-f0896aeab6a4,hint+repo+wayback-cdx,200,200,,200,200,,SAME_BENIGN,20130806,20251018,12,
/2013/talk/show/f43580be-ce70-11e2-9e79-f0896aeab6a4.html,hint+repo+wayback-cdx,404,404,,200,200,,OLD_NOT_OK_NEW_OK,20231201,20231201,1,
/2013/talk/show/f43580be-ce70-11e2-9e79-f0896aeab6a4?utm_source=dlvr.it&utm_medium=twitter,wayback-cdx,200,200,,200,200,,SAME_BENIGN,20251126,20251126,1,
/2013/talk/show/f5f8cc22-dff9-11e2-8f00-96816aeab6a4,hint+repo+wayback-cdx,200,200,,200,200,,SAME_BENIGN,20150504,20221127,4,
/2013/talk/show/f5f8cc22-dff9-11e2-8f00-96816aeab6a4.html,hint+repo+wayback-cdx,404,404,,200,200,,OLD_NOT_OK_NEW_OK,20231209,20231209,1,
/2013/talk/show/f60b8522-d43e-11e2-ac80-4cc16aeab6a4,hint+repo+wayback-cdx,200,200,,200,200,,SAME_BENIGN,20150504,20260222,13,
/2013/talk/show/f60b8522-d43e-11e2-ac80-4cc16aeab6a4.html,hint+repo+wayback-cdx,404,404,,200,200,,OLD_NOT_OK_NEW_OK,20231203,20231203,1,
/2013/talk/show/f7fe8ed4-1bcd-11e3-93a2-f74c6aeab6a4,hint+repo+wayback-cdx,200,200,,200,200,,SAME_BENIGN,20150504,20160730,3,
/2013/talk/show/f7fe8ed4-1bcd-11e3-93a2-f74c6aeab6a4.html,hint+repo+wayback-cdx,404,404,,200,200,,OLD_NOT_OK_NEW_OK,20231209,20231209,1,
/2013/talk/show/fbdeebd0-dfe0-11e2-8f00-96816aeab6a4,hint+repo+wayback-cdx,200,200,,200,200,,SAME_BENIGN,20130820,20251126,12,
/2013/talk/show/fbdeebd0-dfe0-11e2-8f00-96816aeab6a4.html,hint+repo+wayback-cdx,404,404,,200,200,,OLD_NOT_OK_NEW_OK,20231209,20231209,1,
/2013/talk/show/fbdeebd0-dfe0-11e2-8f00-96816aeab6a4?utm_source=dlvr.it&utm_medium=twitter,wayback-cdx,200,200,,200,200,,SAME_BENIGN,20251114,20251114,1,
/2013/talk/show/fed33b1a-19c0-11e3-93a2-f74c6aeab6a4,hint+repo+wayback-cdx,200,200,,200,200,,SAME_BENIGN,20150504,20160730,3,
/2013/talk/show/fed33b1a-19c0-11e3-93a2-f74c6aeab6a4.html,hint+repo+wayback-cdx,404,404,,200,200,,OLD_NOT_OK_NEW_OK,20231209,20231209,1,
/2013/talk/show/ff9983ba-f2bf-11e2-a36f-e9ae6aeab6a4,hint+repo+wayback-cdx,200,200,,200,200,,SAME_BENIGN,20130928,20260308,15,
/2013/talk/show/ff9983ba-f2bf-11e2-a36f-e9ae6aeab6a4.html,hint+repo+wayback-cdx,404,404,,200,200,,OLD_NOT_OK_NEW_OK,20231203,20231203,1,
/2013/talk/show/fff5ecdc-19ec-11e3-93a2-f74c6aeab6a4,hint+repo+wayback-cdx,200,200,,200,200,,SAME_BENIGN,20150504,20160729,3,
/2013/talk/show/fff5ecdc-19ec-11e3-93a2-f74c6aeab6a4.html,hint+repo+wayback-cdx,404,404,,200,200,,OLD_NOT_OK_NEW_OK,20231209,20231209,1,
/2013/talk/show/top,hint,404,404,,404,404,,BOTH_NOT_OK_SAME,,,,213
/2013/talk/top,hint,404,404,,404,404,,BOTH_NOT_OK_SAME,,,,23
/2013/ticket_view.png,hint+repo,200,200,,200,200,,IDENTICAL,,,,
/2013/tickets,hint,301,200,/2013/tickets/,301,200,/2013/tickets/,SAME_BENIGN,,,,
/2013/tickets/,hint+repo+wayback-cdx,200,200,,200,200,,SAME_BENIGN,20130613,20260122,22,
/2013/tickets/index,repo,404,404,,200,200,,OLD_NOT_OK_NEW_OK,,,,
/2013/tickets/index.html,hint+repo+wayback-cdx,200,200,,200,200,,SAME_BENIGN,20230923,20230923,1,
/2013/tickets/top,hint,404,404,,404,404,,BOTH_NOT_OK_SAME,,,,3
/2013/top,hint,404,404,,404,404,,BOTH_NOT_OK_SAME,,,,5
/2013/yapcasia2012-fusion.jpg,hint+repo,200,200,,200,200,,IDENTICAL,,,,
/2014,hint+root,301,200,/2014/,301,200,/2014/,SAME_BENIGN,,,,
/2014/,hint+repo+root+wayback-cdx,200,200,,200,200,,SAME_BENIGN,20131202,20260829,82,
/2014/05/post,repo,404,404,,200,200,,OLD_NOT_OK_NEW_OK,,,,
/2014/05/post.html,hint+repo+wayback-cdx,200,200,,200,200,,SAME_EXCEPT_SELFHOST_URL_FORM,20140616,20251119,11,
/2014/05/release-website,repo,404,404,,200,200,,OLD_NOT_OK_NEW_OK,,,,
/2014/05/release-website.html,hint+repo+wayback-cdx,200,200,,200,200,,SAME_EXCEPT_SELFHOST_URL_FORM,20140616,20251126,5,
/2014/05/release-website.html?utm_source=dlvr.it&utm_medium=twitter,wayback-cdx,200,200,,200,200,,SAME_EXCEPT_SELFHOST_URL_FORM,20251126,20251126,1,
/2014/06/early-bird-tickets-and-individual-sponsor-and-call-for-papers,repo,404,404,,200,200,,OLD_NOT_OK_NEW_OK,,,,
/2014/06/early-bird-tickets-and-individual-sponsor-and-call-for-papers.html,hint+repo+wayback-cdx,200,200,,200,200,,SAME_EXCEPT_SELFHOST_URL_FORM,20140616,20260109,4,
/2014/06/regular-tickets-on-sale,repo,404,404,,200,200,,OLD_NOT_OK_NEW_OK,,,,
/2014/06/regular-tickets-on-sale.html,hint+repo+wayback-cdx,200,200,,200,200,,SAME_EXCEPT_SELFHOST_URL_FORM,20140627,20230319,3,
/2014/06/student-pass-special-interview,repo,404,404,,200,200,,OLD_NOT_OK_NEW_OK,,,,
/2014/06/student-pass-special-interview.html,hint+repo+wayback-cdx,200,200,,200,200,,SAME_EXCEPT_SELFHOST_URL_FORM,20140614,20251119,9,
/2014/07/andy-at-github-will-come,repo,404,404,,200,200,,OLD_NOT_OK_NEW_OK,,,,
/2014/07/andy-at-github-will-come.html,hint+repo+wayback-cdx,200,200,,200,200,,SAME_EXCEPT_SELFHOST_URL_FORM,20140808,20250223,2,
/2014/07/event-staff,repo,404,404,,200,200,,OLD_NOT_OK_NEW_OK,,,,
/2014/07/event-staff.html,hint+repo+wayback-cdx,200,200,,200,200,,SAME_EXCEPT_SELFHOST_URL_FORM,20140722,20260508,8,
/2014/07/event-staff.html?utm_source=dlvr.it&utm_medium=twitter,wayback-cdx,200,200,,200,200,,SAME_EXCEPT_SELFHOST_URL_FORM,20251230,20251230,1,
/2014/07/perl-entrance-in-yapcasia,repo,404,404,,200,200,,OLD_NOT_OK_NEW_OK,,,,
/2014/07/perl-entrance-in-yapcasia.html,hint+repo+wayback-cdx,200,200,,200,200,,SAME_EXCEPT_SELFHOST_URL_FORM,20140808,20140808,1,
/2014/07/peter-rabbitson,repo,404,404,,200,200,,OLD_NOT_OK_NEW_OK,,,,
/2014/07/peter-rabbitson.html,hint+repo+wayback-cdx,200,200,,200,200,,SAME_EXCEPT_SELFHOST_URL_FORM,20140722,20250223,3,
/2014/07/sawyerx-and-sadnews,repo,404,404,,200,200,,OLD_NOT_OK_NEW_OK,,,,
/2014/07/sawyerx-and-sadnews.html,hint+repo,200,200,,200,200,,LINK_TARGET_DIFF,,,,
/2014/07/talk-schedule-is-changed,repo,404,404,,200,200,,OLD_NOT_OK_NEW_OK,,,,
/2014/07/talk-schedule-is-changed.html,hint+repo+wayback-cdx,200,200,,200,200,,SAME_EXCEPT_SELFHOST_URL_FORM,20140808,20140808,1,
/2014/07/talk-schedule-is-now-available,repo,404,404,,200,200,,OLD_NOT_OK_NEW_OK,,,,
/2014/07/talk-schedule-is-now-available.html,hint+repo+wayback-cdx,200,200,,200,200,,LINK_TARGET_DIFF,20140720,20251126,10,
/2014/07/tickets-are-still-available,repo,404,404,,200,200,,OLD_NOT_OK_NEW_OK,,,,
/2014/07/tickets-are-still-available.html,hint+repo+wayback-cdx,200,200,,200,200,,SAME_EXCEPT_SELFHOST_URL_FORM,20140722,20140722,1,
/2014/07/tickets-are-will-be-sold-out-soon,repo,404,404,,200,200,,OLD_NOT_OK_NEW_OK,,,,
/2014/07/tickets-are-will-be-sold-out-soon.html,hint+repo+wayback-cdx,200,200,,200,200,,SAME_EXCEPT_SELFHOST_URL_FORM,20140729,20220517,3,
/2014/08/best-talk-awards,repo,404,404,,200,200,,OLD_NOT_OK_NEW_OK,,,,
/2014/08/best-talk-awards.html,hint+repo+wayback-cdx,200,200,,200,200,,SAME_EXCEPT_SELFHOST_URL_FORM,20140831,20260216,11,
/2014/08/blog-entries,repo,404,404,,200,200,,OLD_NOT_OK_NEW_OK,,,,
/2014/08/blog-entries.html,hint+repo+wayback-cdx,200,200,,200,200,,SAME_EXCEPT_SELFHOST_URL_FORM,20140913,20250916,15,
/2014/08/call-for-lightning-talks,repo,404,404,,200,200,,OLD_NOT_OK_NEW_OK,,,,
/2014/08/call-for-lightning-talks.html,hint+repo+wayback-cdx,200,200,,200,200,,SAME_BENIGN,20150418,20260216,7,
/2014/08/call-for-lt-opens-soon,repo,404,404,,200,200,,OLD_NOT_OK_NEW_OK,,,,
/2014/08/call-for-lt-opens-soon.html,hint+repo+wayback-cdx,200,200,,200,200,,SAME_EXCEPT_SELFHOST_URL_FORM,20140831,20260216,7,
/2014/08/eve-of-yapcasia,repo,404,404,,200,200,,OLD_NOT_OK_NEW_OK,,,,
/2014/08/eve-of-yapcasia.html,hint+repo+wayback-cdx,200,200,,200,200,,SAME_EXCEPT_SELFHOST_URL_FORM,20140812,20251128,5,
/2014/08/eve-of-yapcasia.html?utm_source=dlvr.it&utm_medium=twitter,wayback-cdx,200,200,,200,200,,SAME_EXCEPT_SELFHOST_URL_FORM,20251114,20251114,1,
/2014/08/event-tracks,repo,404,404,,200,200,,OLD_NOT_OK_NEW_OK,,,,
/2014/08/event-tracks.html,hint+repo+wayback-cdx,200,200,,200,200,,SAME_EXCEPT_SELFHOST_URL_FORM,20140821,20260216,10,
/2014/08/gihyojp-reporter,repo,404,404,,200,200,,OLD_NOT_OK_NEW_OK,,,,
/2014/08/gihyojp-reporter.html,hint+repo+wayback-cdx,200,200,,200,200,,SAME_EXCEPT_SELFHOST_URL_FORM,20140807,20221206,2,
/2014/08/lt-speakers-and-notes,repo,404,404,,200,200,,OLD_NOT_OK_NEW_OK,,,,
/2014/08/lt-speakers-and-notes.html,hint+repo+wayback-cdx,200,200,,200,200,,SAME_EXCEPT_SELFHOST_URL_FORM,20140827,20260122,12,
/2014/08/lt-speakers-and-notes.html?utm_source=dlvr.it&utm_medium=twitter,wayback-cdx,200,200,,200,200,,SAME_EXCEPT_SELFHOST_URL_FORM,20230129,20230129,1,
/2014/08/lunch-session,repo,404,404,,200,200,,OLD_NOT_OK_NEW_OK,,,,
/2014/08/lunch-session.html,hint+repo+wayback-cdx,200,200,,200,200,,SAME_EXCEPT_SELFHOST_URL_FORM,20140831,20250916,11,
/2014/08/simultaneous-interpreting-for-5guys,repo,404,404,,200,200,,OLD_NOT_OK_NEW_OK,,,,
/2014/08/simultaneous-interpreting-for-5guys.html,hint+repo+wayback-cdx,200,200,,200,200,,SAME_EXCEPT_SELFHOST_URL_FORM,20140825,20260216,9,
/2014/08/vote-blog-fillform,repo,404,404,,200,200,,OLD_NOT_OK_NEW_OK,,,,
/2014/08/vote-blog-fillform.html,hint+repo+wayback-cdx,200,200,,200,200,,SAME_EXCEPT_SELFHOST_URL_FORM,20140914,20260216,11,
/2014/08/yapcasia-party-and-hub,repo,404,404,,200,200,,OLD_NOT_OK_NEW_OK,,,,
/2014/08/yapcasia-party-and-hub.html,hint+repo+wayback-cdx,200,200,,200,200,,SAME_EXCEPT_SELFHOST_URL_FORM,20140818,20260216,10,
/2014/08/yapcasia-party-and-hub.html?utm_source=dlvr.it&utm_medium=twitter,wayback-cdx,200,200,,200,200,,SAME_EXCEPT_SELFHOST_URL_FORM,20251114,20251114,1,
/2014/2014/05,hint,301,200,/2014/2014/05/,301,200,/2014/2014/05/,EXT_LINK_DIFF,,,,
/2014/2014/05/,hint+repo+wayback-cdx,200,200,,200,200,,EXT_LINK_DIFF,20140616,20160529,6,
/2014/2014/05/30/163_large.jpg,hint+repo,200,200,,200,200,,IDENTICAL,,,,
/2014/2014/05/30/IMG_0523-thumb-500x375-383.jpg,hint+repo,200,200,,200,200,,IDENTICAL,,,,
/2014/2014/05/index,repo,404,404,,200,200,,OLD_NOT_OK_NEW_OK,,,,
/2014/2014/05/index.html,hint+repo+wayback-cdx,200,200,,200,200,,EXT_LINK_DIFF,20231208,20260216,2,
/2014/2014/06,hint,301,200,/2014/2014/06/,301,200,/2014/2014/06/,EXT_LINK_DIFF,,,,
/2014/2014/06/,hint+repo+wayback-cdx,200,200,,200,200,,EXT_LINK_DIFF,20140616,20230201,7,
/2014/2014/06/05/118_large.jpg,hint,404,404,,404,404,,BOTH_NOT_OK_SAME,,,,5
/2014/2014/06/05/290_large.jpg,hint,404,404,,404,404,,BOTH_NOT_OK_SAME,,,,5
/2014/2014/06/23/121_large.jpg,hint,404,404,,404,404,,BOTH_NOT_OK_SAME,,,,5
/2014/2014/06/index,repo,404,404,,200,200,,OLD_NOT_OK_NEW_OK,,,,
/2014/2014/06/index.html,hint+repo+wayback-cdx,200,200,,200,200,,EXT_LINK_DIFF,20231208,20260216,2,
/2014/2014/07,hint,301,200,/2014/2014/07/,301,200,/2014/2014/07/,LINK_TARGET_DIFF,,,,
/2014/2014/07/,hint+repo+wayback-cdx,200,200,,200,200,,LINK_TARGET_DIFF,20140722,20230201,6,
/2014/2014/07/index,repo,404,404,,200,200,,OLD_NOT_OK_NEW_OK,,,,
/2014/2014/07/index.html,hint+repo+wayback-cdx,200,200,,200,200,,LINK_TARGET_DIFF,20231208,20260216,2,
/2014/2014/08,hint,301,200,/2014/2014/08/,301,200,/2014/2014/08/,EXT_LINK_DIFF,,,,
/2014/2014/08/,hint+repo+wayback-cdx,200,200,,200,200,,EXT_LINK_DIFF,20140808,20230201,5,
/2014/2014/08/18/459_large.jpg,hint,404,404,,404,404,,BOTH_NOT_OK_SAME,,,,9
/2014/2014/08/index,repo,404,404,,200,200,,OLD_NOT_OK_NEW_OK,,,,
/2014/2014/08/index.html,hint+repo+wayback-cdx,200,200,,200,200,,EXT_LINK_DIFF,20231208,20260216,2,
/2014/780_large.jpg,hint,404,404,,404,404,,BOTH_NOT_OK_SAME,,,,6
/2014/?utm_source=dlvr.it&utm_medium=twitter,wayback-cdx,200,200,,200,200,,SAME_BENIGN,20230326,20230326,1,
/2014/about,hint,301,200,/2014/about/,301,200,/2014/about/,SAME_EXCEPT_SELFHOST_URL_FORM,,,,
/2014/about/,hint+repo+wayback-cdx,200,200,,200,200,,SAME_EXCEPT_SELFHOST_URL_FORM,20140531,20250218,24,
/2014/about/index,repo,404,404,,200,200,,OLD_NOT_OK_NEW_OK,,,,
/2014/about/index.html,hint+repo+wayback-cdx,200,200,,200,200,,SAME_EXCEPT_SELFHOST_URL_FORM,20230923,20251204,2,
/2014/assets_c/2014/05/163_large-thumb-480x319-280.jpg,hint+repo,200,200,,200,200,,IDENTICAL,,,,
/2014/assets_c/2014/05/IMG_0523-thumb-500x375-383-thumb-480x360-277.jpg,hint+repo,200,200,,200,200,,IDENTICAL,,,,
/2014/assets_c/2014/06/118_large-thumb-480x319-282.jpg,hint+repo,200,200,,200,200,,IDENTICAL,,,,
/2014/assets_c/2014/06/121_large-thumb-800x532-294.jpg,hint+repo,200,200,,200,200,,IDENTICAL,,,,
/2014/assets_c/2014/06/290_large-thumb-480x319-284.jpg,hint+repo,200,200,,200,200,,IDENTICAL,,,,
/2014/assets_c/2014/06/IMG_4958-thumb-800x467-286.jpg,hint+repo,200,200,,200,200,,IDENTICAL,,,,
/2014/assets_c/2014/06/IMG_4973-thumb-800x533-290.jpg,hint+repo,200,200,,200,200,,IDENTICAL,,,,
/2014/assets_c/2014/06/IMG_4984-thumb-800x533-288.jpg,hint+repo,200,200,,200,200,,IDENTICAL,,,,
/2014/assets_c/2014/06/IMG_4992-thumb-800x533-292.jpg,hint+repo,200,200,,200,200,,IDENTICAL,,,,
/2014/assets_c/2014/07/242-thumb-300x300-304.jpg,hint+repo,200,200,,200,200,,IDENTICAL,,,,
/2014/assets_c/2014/07/6046664992_9a57d77b6d_o-thumb-800x534-298.jpg,hint+repo,200,200,,200,200,,IDENTICAL,,,,
/2014/assets_c/2014/07/659_large-thumb-800x532-306.jpg,hint+repo,200,200,,200,200,,IDENTICAL,,,,
/2014/assets_c/2014/07/780_large-thumb-800x532-296.jpg,hint+repo,200,200,,200,200,,IDENTICAL,,,,
/2014/assets_c/2014/07/IMG0020-lowres-thumb-500x333-300.jpg,hint+repo,200,200,,200,200,,IDENTICAL,,,,
/2014/assets_c/2014/07/IMG_5150-thumb-800x533-302.jpg,hint+repo,200,200,,200,200,,IDENTICAL,,,,
/2014/assets_c/2014/08/12639682524_d138ff9256_z-thumb-600x450-337.jpg,hint+repo,200,200,,200,200,,IDENTICAL,,,,
/2014/assets_c/2014/08/242-thumb-100x100-323.jpg,hint+repo,200,200,,200,200,,IDENTICAL,,,,
/2014/assets_c/2014/08/335_large-thumb-800x532-308.jpg,hint+repo,200,200,,200,200,,IDENTICAL,,,,
/2014/assets_c/2014/08/356110-thumb-100x100-331.png,hint+repo,200,200,,200,200,,IDENTICAL,,,,
/2014/assets_c/2014/08/398_large-thumb-800x532-314.jpg,hint+repo,200,200,,200,200,,IDENTICAL,,,,
/2014/assets_c/2014/08/4970-thumb-100x100-329.jpg,hint+repo,200,200,,200,200,,IDENTICAL,,,,
/2014/assets_c/2014/08/67900-thumb-100x100-320.jpg,hint+repo,200,200,,200,200,,IDENTICAL,,,,
/2014/assets_c/2014/08/739_large-thumb-800x532-312.jpg,hint+repo,200,200,,200,200,,IDENTICAL,,,,
/2014/assets_c/2014/08/IMG_0523-thumb-800x600-318.jpg,hint+repo,200,200,,200,200,,IDENTICAL,,,,
/2014/assets_c/2014/08/IMG_5515-thumb-800x600-316.jpg,hint+repo,200,200,,200,200,,IDENTICAL,,,,
/2014/assets_c/2014/08/prize-thumb-600x399-335.jpg,hint+repo,200,200,,200,200,,IDENTICAL,,,,
/2014/assets_c/2014/08/sawyer-thumb-100x88-333.jpg,hint+repo,200,200,,200,200,,IDENTICAL,,,,
/2014/atom.xml,hint+repo,200,200,,200,200,,IDENTICAL,,,,
/2014/auth,hint,200,200,,301,404,/2014/auth/,LOST,,,,
/2014/auth/,new-redirect-target,200,200,,404,404,,LOST,,,,
"/2014/auth/%7B%22event_type%22:%22authentication.click%22,%22payload%22:%7B%22location_in_page%22:%22sign%20in%20switch%20to%20sign%20up%22,%22repository_id%22:null,%22auth_type%22:%22SIGN_UP%22,%22originating_url%22:%22https:/github.com/login?client_id=24b20d230d3fe8476cd3&return_to=/login/oauth/authorize?client_id=24b20d230d3fe8476cd3&redirect_uri=http%253A%252F%252Fyapcasia.org%252F2014%252Fauth%252Fauth_github%253Fstate%253D68207363c89094bd8293103ed1e0cd85250e2279&state=68207363c89094bd8293103ed1e0cd85250e2279%22,%22user_id%22:null%7D%7D",new-link,404,404,,404,404,,BOTH_NOT_OK_SAME,,,,
/2014/auth/auth_fb,hint+repo,302,302,,200,200,,EXT_REDIRECT_REPLACED_BY_PAGE,,,,
/2014/auth/auth_fb.html,hint+repo,302,302,,200,200,,EXT_REDIRECT_REPLACED_BY_PAGE,,,,
/2014/auth/auth_github,hint+repo,302,302,,200,200,,EXT_REDIRECT_REPLACED_BY_PAGE,,,,
/2014/auth/auth_github.html,hint+repo,302,302,,200,200,,EXT_REDIRECT_REPLACED_BY_PAGE,,,,
/2014/auth/auth_twitter,hint,302,302,,404,404,,EXT_REDIRECT_LOST,,,,2
/2014/event,hint,302,200,/2014/event/list,301,200,/2014/event/,SAME_EXCEPT_SELFHOST_URL_FORM,,,,
/2014/event/,hint+repo,302,200,/2014/event/list,200,200,,SAME_EXCEPT_SELFHOST_URL_FORM,,,,
/2014/event/index,repo,404,404,,200,200,,OLD_NOT_OK_NEW_OK,,,,
/2014/event/index.html,hint+repo,404,404,,200,200,,OLD_NOT_OK_NEW_OK,,,,
/2014/event/input,hint,302,200,/2014/login,404,404,,LOST,,,,5
/2014/event/list,hint+repo+wayback-cdx,200,200,,200,200,,SAME_EXCEPT_SELFHOST_URL_FORM,20151022,20151022,1,
/2014/event/list.html,hint+repo,200,200,,200,200,,SAME_EXCEPT_SELFHOST_URL_FORM,,,,
/2014/event/show/07c9ad68-2829-11e4-a449-654f6aeab6a4,hint+repo+wayback-cdx,200,200,,200,200,,SAME_EXCEPT_SELFHOST_URL_FORM,20140831,20251204,11,
/2014/event/show/07c9ad68-2829-11e4-a449-654f6aeab6a4.html,hint+repo+wayback-cdx,200,200,,200,200,,SAME_EXCEPT_SELFHOST_URL_FORM,20231201,20231201,1,
/2014/event/show/37323334-28df-11e4-a227-62776aeab6a4,hint+repo+wayback-cdx,200,200,,200,200,,SAME_EXCEPT_SELFHOST_URL_FORM,20140831,20251204,13,
/2014/event/show/37323334-28df-11e4-a227-62776aeab6a4.html,hint+repo+wayback-cdx,200,200,,200,200,,SAME_EXCEPT_SELFHOST_URL_FORM,20231206,20231206,1,
/2014/event/show/3c9e3c98-1eab-11e4-a257-34526aeab6a4,hint+repo+wayback-cdx,200,200,,200,200,,SAME_EXCEPT_SELFHOST_URL_FORM,20140827,20250916,7,
/2014/event/show/3c9e3c98-1eab-11e4-a257-34526aeab6a4.html,hint+repo+wayback-cdx,200,200,,200,200,,SAME_EXCEPT_SELFHOST_URL_FORM,20231206,20250524,2,
/2014/event/show/4a499ffe-268f-11e4-a449-654f6aeab6a4,hint+repo+wayback-cdx,200,200,,200,200,,SAME_EXCEPT_SELFHOST_URL_FORM,20150419,20260308,6,
/2014/event/show/4a499ffe-268f-11e4-a449-654f6aeab6a4.html,hint+repo+wayback-cdx,200,200,,200,200,,SAME_EXCEPT_SELFHOST_URL_FORM,20250524,20250524,1,
/2014/event/show/54538f0a-1eab-11e4-a257-34526aeab6a4,hint+repo+wayback-cdx,200,200,,200,200,,SAME_EXCEPT_SELFHOST_URL_FORM,20150418,20240523,6,
/2014/event/show/54538f0a-1eab-11e4-a257-34526aeab6a4.html,hint+repo+wayback-cdx,200,200,,200,200,,SAME_EXCEPT_SELFHOST_URL_FORM,20231206,20231206,1,
/2014/event/show/80e5e926-1ead-11e4-a257-34526aeab6a4,hint+repo,200,200,,200,200,,SAME_EXCEPT_SELFHOST_URL_FORM,,,,
/2014/event/show/80e5e926-1ead-11e4-a257-34526aeab6a4.html,hint+repo,200,200,,200,200,,SAME_EXCEPT_SELFHOST_URL_FORM,,,,
/2014/event/show/c281a02e-28de-11e4-a227-62776aeab6a4,hint+repo+wayback-cdx,200,200,,200,200,,SAME_EXCEPT_SELFHOST_URL_FORM,20140831,20251204,10,
/2014/event/show/c281a02e-28de-11e4-a227-62776aeab6a4.html,hint+repo+wayback-cdx,200,200,,200,200,,SAME_EXCEPT_SELFHOST_URL_FORM,20231206,20231206,1,
/2014/event/show/cf799a0e-1e0f-11e4-b52e-d14f6aeab6a4,hint+repo+wayback-cdx,200,200,,200,200,,SAME_EXCEPT_SELFHOST_URL_FORM,20140831,20250125,10,
/2014/event/show/cf799a0e-1e0f-11e4-b52e-d14f6aeab6a4.html,hint+repo+wayback-cdx,200,200,,200,200,,SAME_EXCEPT_SELFHOST_URL_FORM,20231201,20231201,1,
/2014/event/show/ded623dc-1eaa-11e4-a257-34526aeab6a4,hint+repo+wayback-cdx,200,200,,200,200,,SAME_EXCEPT_SELFHOST_URL_FORM,20140831,20251204,9,
/2014/event/show/ded623dc-1eaa-11e4-a257-34526aeab6a4.html,hint+repo+wayback-cdx,200,200,,200,200,,SAME_EXCEPT_SELFHOST_URL_FORM,20231201,20231201,1,
/2014/index,repo,404,404,,200,200,,OLD_NOT_OK_NEW_OK,,,,
/2014/index.html,hint+repo+wayback-cdx,200,200,,200,200,,SAME_BENIGN,20230923,20230923,1,
/2014/individual_sponsors,hint,500,500,,404,404,,BOTH_NOT_OK_DIFF,20140827,20140827,1,
/2014/individual_sponsors/,hint+wayback-cdx,500,500,,404,404,,BOTH_NOT_OK_DIFF,20140608,20140927,4,571
/2014/login,hint+wayback-cdx,200,200,,404,404,,LOST,20140606,20180406,20,
/2014/logout,hint,302,200,/2014/login,404,404,,LOST,,,,
/2014/member,hint,302,200,/2014/login,301,404,/2014/member/,LOST,,,,
/2014/member/,hint,302,200,/2014/login,404,404,,LOST,,,,14
/2014/member/index.html,hint,302,200,/2014/login,404,404,,LOST,,,,557
/2014/member/show/02387faa-ebb1-11e3-bd6d-c7a06aeab6a4,hint+repo+wayback-cdx,200,200,,200,200,,SAME_EXCEPT_SELFHOST_URL_FORM,20140608,20240223,8,
/2014/member/show/02387faa-ebb1-11e3-bd6d-c7a06aeab6a4.html,hint+repo+wayback-cdx,200,200,,200,200,,SAME_EXCEPT_SELFHOST_URL_FORM,20231203,20231203,1,
/2014/member/show/06414f4a-10c8-11e5-8913-d7f07d574c3a,old-link,500,500,,404,404,,BOTH_NOT_OK_DIFF,,,,
/2014/member/show/0a05b096-02bc-11e4-9357-07b16aeab6a4,hint+repo,200,200,,200,200,,SAME_EXCEPT_SELFHOST_URL_FORM,,,,
/2014/member/show/0a05b096-02bc-11e4-9357-07b16aeab6a4.html,hint+repo,200,200,,200,200,,SAME_EXCEPT_SELFHOST_URL_FORM,,,,
/2014/member/show/0c6c7a90-ef25-11e3-b7e8-e4a96aeab6a4,hint+repo+wayback-cdx,200,200,,200,200,,SAME_EXCEPT_SELFHOST_URL_FORM,20140721,20170927,5,
/2014/member/show/0c6c7a90-ef25-11e3-b7e8-e4a96aeab6a4.html,hint+repo+wayback-cdx,200,200,,200,200,,SAME_EXCEPT_SELFHOST_URL_FORM,20231201,20231201,1,
/2014/member/show/0d0f3de8-f4bf-11e4-808d-5eb57d574c3a,old-link,500,500,,404,404,,BOTH_NOT_OK_DIFF,,,,
/2014/member/show/10bde786-01cd-11e4-9357-07b16aeab6a4,hint+repo,200,200,,200,200,,SAME_EXCEPT_SELFHOST_URL_FORM,,,,
/2014/member/show/10bde786-01cd-11e4-9357-07b16aeab6a4.html,hint+repo,200,200,,200,200,,SAME_EXCEPT_SELFHOST_URL_FORM,,,,
/2014/member/show/1267952a-1282-11e5-befe-d9f87d574c3a,old-link,500,500,,404,404,,BOTH_NOT_OK_DIFF,,,,
/2014/member/show/1290366a-0b7a-11e5-a29c-67dc7d574c3a,old-link,500,500,,404,404,,BOTH_NOT_OK_DIFF,,,,
/2014/member/show/153bc730-ebb4-11e3-bd6d-c7a06aeab6a4,hint+repo+wayback-cdx,200,200,,200,200,,SAME_EXCEPT_SELFHOST_URL_FORM,20140721,20231207,7,
/2014/member/show/153bc730-ebb4-11e3-bd6d-c7a06aeab6a4.html,hint+repo+wayback-cdx,200,200,,200,200,,SAME_EXCEPT_SELFHOST_URL_FORM,20231203,20231203,1,
/2014/member/show/16e69328-011a-11e4-b7e8-e4a96aeab6a4,hint+repo,200,200,,200,200,,SAME_EXCEPT_SELFHOST_URL_FORM,,,,
/2014/member/show/16e69328-011a-11e4-b7e8-e4a96aeab6a4.html,hint+repo,200,200,,200,200,,SAME_EXCEPT_SELFHOST_URL_FORM,,,,
/2014/member/show/172cbb62-ebaa-11e3-bd6d-c7a06aeab6a4,hint+repo+wayback-cdx,200,200,,200,200,,SAME_EXCEPT_SELFHOST_URL_FORM,20140708,20221210,6,
/2014/member/show/172cbb62-ebaa-11e3-bd6d-c7a06aeab6a4.html,hint+repo+wayback-cdx,200,200,,200,200,,SAME_EXCEPT_SELFHOST_URL_FORM,20231203,20231203,1,
/2014/member/show/1734fb9a-001e-11e5-8b15-89c77d574c3a,old-link,500,500,,404,404,,BOTH_NOT_OK_DIFF,,,,
/2014/member/show/192a704a-faea-11e3-b7e8-e4a96aeab6a4,hint+repo,200,200,,200,200,,SAME_EXCEPT_SELFHOST_URL_FORM,,,,
/2014/member/show/192a704a-faea-11e3-b7e8-e4a96aeab6a4.html,hint+repo+wayback-cdx,200,200,,200,200,,SAME_EXCEPT_SELFHOST_URL_FORM,20260613,20260613,1,
/2014/member/show/1b11d7be-f7eb-11e4-8df4-8ab37d574c3a,old-link,500,500,,404,404,,BOTH_NOT_OK_DIFF,,,,
/2014/member/show/1b1cfd58-ebb0-11e3-bd6d-c7a06aeab6a4,hint+repo+wayback-cdx,200,200,,200,200,,SAME_EXCEPT_SELFHOST_URL_FORM,20140608,20240413,8,
/2014/member/show/1b1cfd58-ebb0-11e3-bd6d-c7a06aeab6a4.html,hint+repo+wayback-cdx,200,200,,200,200,,SAME_EXCEPT_SELFHOST_URL_FORM,20231203,20231203,1,
/2014/member/show/1c04d0d6-ebb2-11e3-bd6d-c7a06aeab6a4,hint+repo+wayback-cdx,200,200,,200,200,,SAME_EXCEPT_SELFHOST_URL_FORM,20140608,20170929,6,
/2014/member/show/1c04d0d6-ebb2-11e3-bd6d-c7a06aeab6a4.html,hint+repo+wayback-cdx,200,200,,200,200,,SAME_EXCEPT_SELFHOST_URL_FORM,20231203,20231203,1,
/2014/member/show/1c5af0e4-f4b5-11e4-9741-1eb37d574c3a,old-link,500,500,,404,404,,BOTH_NOT_OK_DIFF,,,,
/2014/member/show/1d2bc4b6-fe25-11e4-b637-bdc07d574c3a,old-link,500,500,,404,404,,BOTH_NOT_OK_DIFF,,,,
/2014/member/show/1f9e81ca-037f-11e5-a111-79c97d574c3a,old-link,500,500,,404,404,,BOTH_NOT_OK_DIFF,,,,
/2014/member/show/1fc7e384-fd5e-11e4-9d3f-bdc07d574c3a,old-link,500,500,,404,404,,BOTH_NOT_OK_DIFF,,,,
/2014/member/show/20fe9a5e-030e-11e4-9357-07b16aeab6a4,hint+repo+wayback-cdx,200,200,,200,200,,SAME_EXCEPT_SELFHOST_URL_FORM,20140721,20221206,7,
/2014/member/show/20fe9a5e-030e-11e4-9357-07b16aeab6a4.html,hint+repo+wayback-cdx,200,200,,200,200,,SAME_EXCEPT_SELFHOST_URL_FORM,20231203,20231203,1,
/2014/member/show/220b80cc-f621-11e4-90fb-8ab37d574c3a,old-link,500,500,,404,404,,BOTH_NOT_OK_DIFF,,,,
/2014/member/show/24fd899c-ebf5-11e3-bd6d-c7a06aeab6a4,wayback-cdx,200,200,,404,404,,LOST,20140608,20140608,1,
/2014/member/show/26144d20-f608-11e4-a661-8ab37d574c3a,hint,500,500,,404,404,,BOTH_NOT_OK_DIFF,,,,2
/2014/member/show/2689f76a-f5f3-11e4-b323-49b37d574c3a,old-link,500,500,,404,404,,BOTH_NOT_OK_DIFF,,,,
/2014/member/show/271a1690-10fd-11e5-8a27-d7f07d574c3a,old-link,500,500,,404,404,,BOTH_NOT_OK_DIFF,,,,
/2014/member/show/28cccb9a-0343-11e4-9357-07b16aeab6a4,hint+repo,200,200,,200,200,,SAME_EXCEPT_SELFHOST_URL_FORM,,,,
/2014/member/show/28cccb9a-0343-11e4-9357-07b16aeab6a4.html,hint+repo,200,200,,200,200,,SAME_EXCEPT_SELFHOST_URL_FORM,,,,
/2014/member/show/2940c69c-13c0-11e5-82c7-2e007e574c3a,old-link,500,500,,404,404,,BOTH_NOT_OK_DIFF,,,,
/2014/member/show/2a42903e-ebb2-11e3-bd6d-c7a06aeab6a4,hint+repo+wayback-cdx,200,200,,200,200,,SAME_EXCEPT_SELFHOST_URL_FORM,20140608,20170927,6,
/2014/member/show/2a42903e-ebb2-11e3-bd6d-c7a06aeab6a4.html,hint+repo+wayback-cdx,200,200,,200,200,,SAME_EXCEPT_SELFHOST_URL_FORM,20231201,20231201,1,
/2014/member/show/2b7c2ba6-4023-11e5-a4fb-2bd87d574c3a,hint,500,500,,404,404,,BOTH_NOT_OK_DIFF,,,,2
/2014/member/show/2ca57278-034b-11e4-9357-07b16aeab6a4,hint+repo,200,200,,200,200,,SAME_EXCEPT_SELFHOST_URL_FORM,,,,
/2014/member/show/2ca57278-034b-11e4-9357-07b16aeab6a4.html,hint+repo,200,200,,200,200,,SAME_EXCEPT_SELFHOST_URL_FORM,,,,
/2014/member/show/2d7a17a2-00ae-11e4-b7e8-e4a96aeab6a4,hint+repo+wayback-cdx,200,200,,200,200,,SAME_EXCEPT_SELFHOST_URL_FORM,20140714,20221210,6,
/2014/member/show/2d7a17a2-00ae-11e4-b7e8-e4a96aeab6a4.html,hint+repo+wayback-cdx,200,200,,200,200,,SAME_EXCEPT_SELFHOST_URL_FORM,20231201,20231201,1,
/2014/member/show/2d9ec3ea-0360-11e4-8b1d-94a36aeab6a4,hint+repo+wayback-cdx,200,200,,200,200,,SAME_EXCEPT_SELFHOST_URL_FORM,20140721,20170929,5,
/2014/member/show/2d9ec3ea-0360-11e4-8b1d-94a36aeab6a4.html,hint+repo+wayback-cdx,200,200,,200,200,,SAME_EXCEPT_SELFHOST_URL_FORM,20231201,20260613,2,
/2014/member/show/2db5fd40-004d-11e5-852b-89c77d574c3a,old-link,500,500,,404,404,,BOTH_NOT_OK_DIFF,,,,
/2014/member/show/2fd364be-0511-11e5-afdf-79c97d574c3a,hint,500,500,,404,404,,BOTH_NOT_OK_DIFF,,,,2
/2014/member/show/302d1ed4-ebb1-11e3-bd6d-c7a06aeab6a4,hint+repo+wayback-cdx,200,200,,200,200,,SAME_EXCEPT_SELFHOST_URL_FORM,20140608,20240413,9,
/2014/member/show/302d1ed4-ebb1-11e3-bd6d-c7a06aeab6a4.html,hint+repo+wayback-cdx,200,200,,200,200,,SAME_EXCEPT_SELFHOST_URL_FORM,20231203,20231203,1,
/2014/member/show/305aa534-0254-11e4-9357-07b16aeab6a4,hint+repo,200,200,,200,200,,SAME_EXCEPT_SELFHOST_URL_FORM,,,,
/2014/member/show/305aa534-0254-11e4-9357-07b16aeab6a4.html,hint+repo,200,200,,200,200,,SAME_EXCEPT_SELFHOST_URL_FORM,,,,
/2014/member/show/3230a75e-0318-11e4-9357-07b16aeab6a4,hint+repo+wayback-cdx,200,200,,200,200,,SAME_EXCEPT_SELFHOST_URL_FORM,20140715,20170929,5,
/2014/member/show/3230a75e-0318-11e4-9357-07b16aeab6a4.html,hint+repo+wayback-cdx,200,200,,200,200,,SAME_EXCEPT_SELFHOST_URL_FORM,20231203,20231203,1,
/2014/member/show/324b1952-0044-11e5-a044-89c77d574c3a,old-link,500,500,,404,404,,BOTH_NOT_OK_DIFF,,,,
/2014/member/show/3282312c-ecb2-11e3-b82e-98666aeab6a4,hint+repo+wayback-cdx,200,200,,200,200,,SAME_EXCEPT_SELFHOST_URL_FORM,20140608,20231001,8,
/2014/member/show/3282312c-ecb2-11e3-b82e-98666aeab6a4.html,hint+repo+wayback-cdx,200,200,,200,200,,SAME_EXCEPT_SELFHOST_URL_FORM,20231201,20231201,1,
/2014/member/show/333b2ebe-09b9-11e5-bc29-67dc7d574c3a,old-link,500,500,,404,404,,BOTH_NOT_OK_DIFF,,,,
/2014/member/show/364f4aec-f1e4-11e3-b7e8-e4a96aeab6a4,hint+repo+wayback-cdx,200,200,,200,200,,SAME_EXCEPT_SELFHOST_URL_FORM,20140827,20170929,5,
/2014/member/show/364f4aec-f1e4-11e3-b7e8-e4a96aeab6a4.html,hint+repo+wayback-cdx,200,200,,200,200,,SAME_EXCEPT_SELFHOST_URL_FORM,20231203,20251119,2,
/2014/member/show/377f143a-ec92-11e3-b82e-98666aeab6a4,hint+repo+wayback-cdx,200,200,,200,200,,SAME_EXCEPT_SELFHOST_URL_FORM,20140608,20140608,1,
/2014/member/show/377f143a-ec92-11e3-b82e-98666aeab6a4.html,hint+repo,200,200,,200,200,,SAME_EXCEPT_SELFHOST_URL_FORM,,,,
/2014/member/show/37cd6d7e-f6be-11e4-b174-8ab37d574c3a,old-link,500,500,,404,404,,BOTH_NOT_OK_DIFF,,,,
/2014/member/show/3907c13a-01f5-11e4-9357-07b16aeab6a4,hint+repo+wayback-cdx,200,200,,200,200,,SAME_EXCEPT_SELFHOST_URL_FORM,20140708,20140708,1,
/2014/member/show/3907c13a-01f5-11e4-9357-07b16aeab6a4.html,hint+repo,200,200,,200,200,,SAME_EXCEPT_SELFHOST_URL_FORM,,,,
/2014/member/show/3a0b0b14-faa6-11e4-801a-8ab37d574c3a,old-link,500,500,,404,404,,BOTH_NOT_OK_DIFF,,,,
/2014/member/show/3ac871a6-eb14-11e3-a73d-fe786aeab6a4,hint+repo+wayback-cdx,200,200,,200,200,,SAME_EXCEPT_SELFHOST_URL_FORM,20140721,20240413,6,
/2014/member/show/3ac871a6-eb14-11e3-a73d-fe786aeab6a4.html,hint+repo+wayback-cdx,200,200,,200,200,,SAME_EXCEPT_SELFHOST_URL_FORM,20231203,20250524,2,
/2014/member/show/3b5197ae-f79a-11e4-92f3-8ab37d574c3a,old-link,500,500,,404,404,,BOTH_NOT_OK_DIFF,,,,
/2014/member/show/3b6172f2-1165-11e5-bb55-d7f07d574c3a,old-link,500,500,,404,404,,BOTH_NOT_OK_DIFF,,,,
/2014/member/show/40909b46-034b-11e4-9357-07b16aeab6a4,hint+repo,200,200,,200,200,,SAME_EXCEPT_SELFHOST_URL_FORM,,,,
/2014/member/show/40909b46-034b-11e4-9357-07b16aeab6a4.html,hint+repo,200,200,,200,200,,SAME_EXCEPT_SELFHOST_URL_FORM,,,,
/2014/member/show/40a009b8-0431-11e5-af33-79c97d574c3a,old-link,500,500,,404,404,,BOTH_NOT_OK_DIFF,,,,
/2014/member/show/40df4d0e-027e-11e4-9357-07b16aeab6a4,hint+repo+wayback-cdx,200,200,,200,200,,SAME_EXCEPT_SELFHOST_URL_FORM,20140721,20221210,6,
/2014/member/show/40df4d0e-027e-11e4-9357-07b16aeab6a4.html,hint+repo+wayback-cdx,200,200,,200,200,,SAME_EXCEPT_SELFHOST_URL_FORM,20231203,20231203,1,
/2014/member/show/42138b82-0808-11e5-b6e5-79c97d574c3a,old-link,500,500,,404,404,,BOTH_NOT_OK_DIFF,,,,
/2014/member/show/421af20c-0c75-11e5-b65f-67dc7d574c3a,old-link,500,500,,404,404,,BOTH_NOT_OK_DIFF,,,,
/2014/member/show/423351c8-f5f3-11e4-b323-49b37d574c3a,old-link,500,500,,404,404,,BOTH_NOT_OK_DIFF,,,,
/2014/member/show/4434799c-f77a-11e4-b0ac-8ab37d574c3a,old-link,500,500,,404,404,,BOTH_NOT_OK_DIFF,,,,
/2014/member/show/4469624e-f5e8-11e4-91b8-49b37d574c3a,old-link,500,500,,404,404,,BOTH_NOT_OK_DIFF,,,,
/2014/member/show/44bd53e8-fab3-11e4-bb92-8ab37d574c3a,old-link,500,500,,404,404,,BOTH_NOT_OK_DIFF,,,,
/2014/member/show/44d029a0-f7e8-11e4-b2e7-8ab37d574c3a,old-link,500,500,,404,404,,BOTH_NOT_OK_DIFF,,,,
/2014/member/show/455fd706-ebb6-11e3-bd6d-c7a06aeab6a4,hint+repo+wayback-cdx,200,200,,200,200,,SAME_EXCEPT_SELFHOST_URL_FORM,20140608,20140608,1,
/2014/member/show/455fd706-ebb6-11e3-bd6d-c7a06aeab6a4.html,hint+repo,200,200,,200,200,,SAME_EXCEPT_SELFHOST_URL_FORM,,,,
/2014/member/show/46094ff0-f51d-11e3-b7e8-e4a96aeab6a4,hint+repo+wayback-cdx,200,200,,200,200,,SAME_EXCEPT_SELFHOST_URL_FORM,20140708,20140708,1,
/2014/member/show/46094ff0-f51d-11e3-b7e8-e4a96aeab6a4.html,hint+repo,200,200,,200,200,,SAME_EXCEPT_SELFHOST_URL_FORM,,,,
/2014/member/show/46eb98bc-0344-11e4-9357-07b16aeab6a4,hint+repo,200,200,,200,200,,SAME_EXCEPT_SELFHOST_URL_FORM,,,,
/2014/member/show/46eb98bc-0344-11e4-9357-07b16aeab6a4.html,hint+repo,200,200,,200,200,,SAME_EXCEPT_SELFHOST_URL_FORM,,,,
/2014/member/show/492e32d2-098e-11e5-b387-67dc7d574c3a,old-link,500,500,,404,404,,BOTH_NOT_OK_DIFF,,,,
/2014/member/show/49443ae4-ebaa-11e3-bd6d-c7a06aeab6a4,hint+repo+wayback-cdx,200,200,,200,200,,SAME_EXCEPT_SELFHOST_URL_FORM,20140721,20170927,5,
/2014/member/show/49443ae4-ebaa-11e3-bd6d-c7a06aeab6a4.html,hint+repo+wayback-cdx,200,200,,200,200,,SAME_EXCEPT_SELFHOST_URL_FORM,20231203,20231203,1,
/2014/member/show/49455f26-f17e-11e3-b7e8-e4a96aeab6a4,hint+repo,200,200,,200,200,,SAME_EXCEPT_SELFHOST_URL_FORM,,,,
/2014/member/show/49455f26-f17e-11e3-b7e8-e4a96aeab6a4.html,hint+repo,200,200,,200,200,,SAME_EXCEPT_SELFHOST_URL_FORM,,,,
/2014/member/show/500b42fc-00d4-11e4-b7e8-e4a96aeab6a4,hint+repo+wayback-cdx,200,200,,200,200,,SAME_EXCEPT_SELFHOST_URL_FORM,20140721,20240416,6,
/2014/member/show/500b42fc-00d4-11e4-b7e8-e4a96aeab6a4.html,hint+repo+wayback-cdx,200,200,,200,200,,SAME_EXCEPT_SELFHOST_URL_FORM,20231203,20231203,1,
/2014/member/show/51fb2268-ebac-11e3-bd6d-c7a06aeab6a4,hint+repo+wayback-cdx,200,200,,200,200,,SAME_EXCEPT_SELFHOST_URL_FORM,20140608,20170929,6,
/2014/member/show/51fb2268-ebac-11e3-bd6d-c7a06aeab6a4.html,hint+repo+wayback-cdx,200,200,,200,200,,SAME_EXCEPT_SELFHOST_URL_FORM,20231203,20231203,1,
/2014/member/show/54dfaa48-f0b7-11e3-b7e8-e4a96aeab6a4,hint+repo+wayback-cdx,200,200,,200,200,,SAME_EXCEPT_SELFHOST_URL_FORM,20140721,20221206,7,
/2014/member/show/54dfaa48-f0b7-11e3-b7e8-e4a96aeab6a4.html,hint+repo+wayback-cdx,200,200,,200,200,,SAME_EXCEPT_SELFHOST_URL_FORM,20231203,20231203,1,
/2014/member/show/553eaede-034b-11e4-9357-07b16aeab6a4,hint+repo+wayback-cdx,200,200,,200,200,,SAME_EXCEPT_SELFHOST_URL_FORM,20140721,20230923,6,
/2014/member/show/553eaede-034b-11e4-9357-07b16aeab6a4.html,hint+repo+wayback-cdx,200,200,,200,200,,SAME_EXCEPT_SELFHOST_URL_FORM,20231201,20231201,1,
/2014/member/show/558507a2-ec63-11e3-bd6d-c7a06aeab6a4,hint+repo+wayback-cdx,200,200,,200,200,,SAME_EXCEPT_SELFHOST_URL_FORM,20140708,20170929,6,
/2014/member/show/558507a2-ec63-11e3-bd6d-c7a06aeab6a4.html,hint+repo+wayback-cdx,200,200,,200,200,,SAME_EXCEPT_SELFHOST_URL_FORM,20231203,20231203,1,
/2014/member/show/5634f2f8-033c-11e4-9357-07b16aeab6a4,hint+repo+wayback-cdx,200,200,,200,200,,SAME_EXCEPT_SELFHOST_URL_FORM,20140721,20221210,6,
/2014/member/show/5634f2f8-033c-11e4-9357-07b16aeab6a4.html,hint+repo+wayback-cdx,200,200,,200,200,,SAME_EXCEPT_SELFHOST_URL_FORM,20231203,20231203,1,
/2014/member/show/568cb5f2-ff9e-11e3-b7e8-e4a96aeab6a4,hint+repo,200,200,,200,200,,SAME_EXCEPT_SELFHOST_URL_FORM,,,,
/2014/member/show/568cb5f2-ff9e-11e3-b7e8-e4a96aeab6a4.html,hint+repo,200,200,,200,200,,SAME_EXCEPT_SELFHOST_URL_FORM,,,,
/2014/member/show/57824382-09b6-11e5-ad57-67dc7d574c3a,old-link,500,500,,404,404,,BOTH_NOT_OK_DIFF,,,,
/2014/member/show/57a054ae-ed50-11e3-b82e-98666aeab6a4,hint+repo+wayback-cdx,200,200,,200,200,,SAME_EXCEPT_SELFHOST_URL_FORM,20140608,20170929,6,
/2014/member/show/57a054ae-ed50-11e3-b82e-98666aeab6a4.html,hint+repo+wayback-cdx,200,200,,200,200,,SAME_EXCEPT_SELFHOST_URL_FORM,20231203,20231203,1,
/2014/member/show/58772ee6-1367-11e5-b2ed-d9f87d574c3a,old-link,500,500,,404,404,,BOTH_NOT_OK_DIFF,,,,
/2014/member/show/593701ee-01b6-11e4-b7e8-e4a96aeab6a4,hint+repo+wayback-cdx,200,200,,200,200,,SAME_EXCEPT_SELFHOST_URL_FORM,20140721,20221210,7,
/2014/member/show/593701ee-01b6-11e4-b7e8-e4a96aeab6a4.html,hint+repo+wayback-cdx,200,200,,200,200,,SAME_EXCEPT_SELFHOST_URL_FORM,20231203,20231203,1,
/2014/member/show/59d1de66-ed5d-11e3-9faf-6ba36aeab6a4,hint+repo+wayback-cdx,200,200,,200,200,,SAME_EXCEPT_SELFHOST_URL_FORM,20140608,20140608,1,
/2014/member/show/59d1de66-ed5d-11e3-9faf-6ba36aeab6a4.html,hint+repo,200,200,,200,200,,SAME_EXCEPT_SELFHOST_URL_FORM,,,,
/2014/member/show/5c754e65-187a-11e5-aca1-525412004261,old-link,500,500,,404,404,,BOTH_NOT_OK_DIFF,,,,
/2014/member/show/5deb462e-0318-11e4-9357-07b16aeab6a4,hint+repo+wayback-cdx,200,200,,200,200,,SAME_EXCEPT_SELFHOST_URL_FORM,20160602,20160602,1,
/2014/member/show/5deb462e-0318-11e4-9357-07b16aeab6a4.html,hint+repo,200,200,,200,200,,SAME_EXCEPT_SELFHOST_URL_FORM,,,,
/2014/member/show/5e279706-02bd-11e4-9357-07b16aeab6a4,hint+repo,200,200,,200,200,,SAME_EXCEPT_SELFHOST_URL_FORM,,,,
/2014/member/show/5e279706-02bd-11e4-9357-07b16aeab6a4.html,hint+repo,200,200,,200,200,,SAME_EXCEPT_SELFHOST_URL_FORM,,,,
/2014/member/show/61374628-0e4a-11e5-b886-67dc7d574c3a,old-link,500,500,,404,404,,BOTH_NOT_OK_DIFF,,,,
/2014/member/show/634d9714-10e8-11e5-b449-d7f07d574c3a,old-link,500,500,,404,404,,BOTH_NOT_OK_DIFF,,,,
/2014/member/show/635f6714-034c-11e4-9357-07b16aeab6a4,hint+repo,200,200,,200,200,,SAME_EXCEPT_SELFHOST_URL_FORM,,,,
/2014/member/show/635f6714-034c-11e4-9357-07b16aeab6a4.html,hint+repo,200,200,,200,200,,SAME_EXCEPT_SELFHOST_URL_FORM,,,,
/2014/member/show/65369380-f5f1-11e4-a4ec-49b37d574c3a,old-link,500,500,,404,404,,BOTH_NOT_OK_DIFF,,,,
/2014/member/show/66337810-f5fc-11e4-a2c6-49b37d574c3a,old-link,500,500,,404,404,,BOTH_NOT_OK_DIFF,,,,
/2014/member/show/671b113a-fac9-11e4-a1f6-8ab37d574c3a,old-link,500,500,,404,404,,BOTH_NOT_OK_DIFF,,,,
/2014/member/show/68115326-ebaa-11e3-bd6d-c7a06aeab6a4,hint+repo+wayback-cdx,200,200,,200,200,,SAME_EXCEPT_SELFHOST_URL_FORM,20140608,20140608,1,
/2014/member/show/68115326-ebaa-11e3-bd6d-c7a06aeab6a4.html,hint+repo,200,200,,200,200,,SAME_EXCEPT_SELFHOST_URL_FORM,,,,
/2014/member/show/69e335c0-0df0-11e5-9b6b-67dc7d574c3a,old-link,500,500,,404,404,,BOTH_NOT_OK_DIFF,,,,
/2014/member/show/6a4be268-ebb0-11e3-bd6d-c7a06aeab6a4,hint+repo,200,200,,200,200,,SAME_EXCEPT_SELFHOST_URL_FORM,,,,
/2014/member/show/6a4be268-ebb0-11e3-bd6d-c7a06aeab6a4.html,hint+repo,200,200,,200,200,,SAME_EXCEPT_SELFHOST_URL_FORM,,,,
/2014/member/show/6df9754c-f794-11e4-99f0-8ab37d574c3a,old-link,500,500,,404,404,,BOTH_NOT_OK_DIFF,,,,
/2014/member/show/6f0ecbc0-ec8d-11e3-b82e-98666aeab6a4,hint+repo+wayback-cdx,200,200,,200,200,,SAME_EXCEPT_SELFHOST_URL_FORM,20140608,20230201,3,
/2014/member/show/6f0ecbc0-ec8d-11e3-b82e-98666aeab6a4.html,hint+repo,200,200,,200,200,,SAME_EXCEPT_SELFHOST_URL_FORM,,,,
/2014/member/show/700bcb92-034c-11e4-9357-07b16aeab6a4,hint+repo,200,200,,200,200,,SAME_EXCEPT_SELFHOST_URL_FORM,,,,
/2014/member/show/700bcb92-034c-11e4-9357-07b16aeab6a4.html,hint+repo,200,200,,200,200,,SAME_EXCEPT_SELFHOST_URL_FORM,,,,
/2014/member/show/7355e318-0df6-11e5-9e74-67dc7d574c3a,old-link,500,500,,404,404,,BOTH_NOT_OK_DIFF,,,,
/2014/member/show/741bbc6c-ec7a-11e3-b82e-98666aeab6a4,hint+repo+wayback-cdx,200,200,,200,200,,SAME_EXCEPT_SELFHOST_URL_FORM,20140608,20170927,6,
/2014/member/show/741bbc6c-ec7a-11e3-b82e-98666aeab6a4.html,hint+repo+wayback-cdx,200,200,,200,200,,SAME_EXCEPT_SELFHOST_URL_FORM,20231203,20231203,1,
/2014/member/show/78e3a970-ec03-11e3-bd6d-c7a06aeab6a4,hint+repo,200,200,,200,200,,SAME_EXCEPT_SELFHOST_URL_FORM,,,,
/2014/member/show/78e3a970-ec03-11e3-bd6d-c7a06aeab6a4.html,hint+repo+wayback-cdx,200,200,,200,200,,SAME_EXCEPT_SELFHOST_URL_FORM,20240223,20250625,2,
/2014/member/show/7a2c54da-02c9-11e4-9357-07b16aeab6a4,hint+repo,200,200,,200,200,,SAME_EXCEPT_SELFHOST_URL_FORM,,,,
/2014/member/show/7a2c54da-02c9-11e4-9357-07b16aeab6a4.html,hint+repo,200,200,,200,200,,SAME_EXCEPT_SELFHOST_URL_FORM,,,,
/2014/member/show/7a7bf51a-faa0-11e4-87f0-8ab37d574c3a,old-link,500,500,,404,404,,BOTH_NOT_OK_DIFF,,,,
/2014/member/show/8072fa70-fdd1-11e4-897e-bdc07d574c3a,hint,500,500,,404,404,,BOTH_NOT_OK_DIFF,,,,2
/2014/member/show/818083b4-10f6-11e5-a777-d7f07d574c3a,old-link,500,500,,404,404,,BOTH_NOT_OK_DIFF,,,,
/2014/member/show/844f8a44-0f21-11e5-b4e7-43ec7d574c3a,old-link,500,500,,404,404,,BOTH_NOT_OK_DIFF,,,,
/2014/member/show/84a71206-fd50-11e4-ba13-bdc07d574c3a,old-link,500,500,,404,404,,BOTH_NOT_OK_DIFF,,,,
/2014/member/show/852e4a32-0a66-11e5-9c35-67dc7d574c3a,old-link,500,500,,404,404,,BOTH_NOT_OK_DIFF,,,,
/2014/member/show/8785c21a-0f52-11e5-885f-43ec7d574c3a,old-link,500,500,,404,404,,BOTH_NOT_OK_DIFF,,,,
/2014/member/show/88417596-0328-11e4-9357-07b16aeab6a4,hint+repo,200,200,,200,200,,SAME_EXCEPT_SELFHOST_URL_FORM,,,,
/2014/member/show/88417596-0328-11e4-9357-07b16aeab6a4.html,hint+repo,200,200,,200,200,,SAME_EXCEPT_SELFHOST_URL_FORM,,,,
/2014/member/show/884d8312-f9f5-11e4-8f8e-8ab37d574c3a,hint,500,500,,404,404,,BOTH_NOT_OK_DIFF,,,,2
/2014/member/show/88bb98ae-083f-11e5-96b5-79c97d574c3a,old-link,500,500,,404,404,,BOTH_NOT_OK_DIFF,,,,
/2014/member/show/8a26f6e8-0911-11e5-ae40-67dc7d574c3a,old-link,500,500,,404,404,,BOTH_NOT_OK_DIFF,,,,
/2014/member/show/8c8f7bd6-f638-11e3-b7e8-e4a96aeab6a4,hint+repo+wayback-cdx,200,200,,200,200,,SAME_EXCEPT_SELFHOST_URL_FORM,20140721,20170927,5,
/2014/member/show/8c8f7bd6-f638-11e3-b7e8-e4a96aeab6a4.html,hint+repo+wayback-cdx,200,200,,200,200,,SAME_EXCEPT_SELFHOST_URL_FORM,20231203,20231203,1,
/2014/member/show/8eab30ca-f9e0-11e4-a562-8ab37d574c3a,old-link,500,500,,404,404,,BOTH_NOT_OK_DIFF,,,,
/2014/member/show/8efe9734-00d4-11e4-b7e8-e4a96aeab6a4,hint+repo+wayback-cdx,200,200,,200,200,,SAME_EXCEPT_SELFHOST_URL_FORM,20140714,20140714,1,
/2014/member/show/8efe9734-00d4-11e4-b7e8-e4a96aeab6a4.html,hint+repo,200,200,,200,200,,SAME_EXCEPT_SELFHOST_URL_FORM,,,,
/2014/member/show/901f930a-136d-11e5-953d-d9f87d574c3a,old-link,500,500,,404,404,,BOTH_NOT_OK_DIFF,,,,
/2014/member/show/90ca956a-f613-11e4-b5a3-8ab37d574c3a,hint,500,500,,404,404,,BOTH_NOT_OK_DIFF,,,,2
/2014/member/show/91885372-f6fc-11e4-b174-8ab37d574c3a,old-link,500,500,,404,404,,BOTH_NOT_OK_DIFF,,,,
/2014/member/show/9302eb3c-f764-11e4-b0ac-8ab37d574c3a,old-link,500,500,,404,404,,BOTH_NOT_OK_DIFF,,,,
/2014/member/show/986acf9e-0c4c-11e4-aec0-ad686aeab6a4,hint+repo+wayback-cdx,200,200,,200,200,,SAME_EXCEPT_SELFHOST_URL_FORM,20150418,20221210,5,
/2014/member/show/986acf9e-0c4c-11e4-aec0-ad686aeab6a4.html,hint+repo+wayback-cdx,200,200,,200,200,,SAME_EXCEPT_SELFHOST_URL_FORM,20231201,20231201,1,
/2014/member/show/9b2e8d00-fd1f-11e4-a405-bdc07d574c3a,old-link,500,500,,404,404,,BOTH_NOT_OK_DIFF,,,,
/2014/member/show/9b8ee500-f65e-11e4-8c21-8ab37d574c3a,old-link,500,500,,404,404,,BOTH_NOT_OK_DIFF,,,,
/2014/member/show/9cb852c6-fea8-11e3-b7e8-e4a96aeab6a4,hint+repo+wayback-cdx,200,200,,200,200,,SAME_EXCEPT_SELFHOST_URL_FORM,20140702,20221127,9,
/2014/member/show/9cb852c6-fea8-11e3-b7e8-e4a96aeab6a4.html,hint+repo+wayback-cdx,200,200,,200,200,,SAME_EXCEPT_SELFHOST_URL_FORM,20231201,20231201,1,
/2014/member/show/9d324218-f5ea-11e4-afb7-49b37d574c3a,old-link,500,500,,404,404,,BOTH_NOT_OK_DIFF,,,,
/2014/member/show/9db79fca-01ae-11e4-b7e8-e4a96aeab6a4,hint+repo+wayback-cdx,200,200,,200,200,,SAME_EXCEPT_SELFHOST_URL_FORM,20230201,20230201,1,
/2014/member/show/9db79fca-01ae-11e4-b7e8-e4a96aeab6a4.html,hint+repo,200,200,,200,200,,SAME_EXCEPT_SELFHOST_URL_FORM,,,,
/2014/member/show/9dec048c-07a6-11e5-9407-79c97d574c3a,old-link,500,500,,404,404,,BOTH_NOT_OK_DIFF,,,,
/2014/member/show/9e47130c-0fbe-11e5-8a02-43ec7d574c3a,old-link,500,500,,404,404,,BOTH_NOT_OK_DIFF,,,,
/2014/member/show/9ed5cb70-01e0-11e4-9357-07b16aeab6a4,hint+repo,200,200,,200,200,,SAME_EXCEPT_SELFHOST_URL_FORM,,,,
/2014/member/show/9ed5cb70-01e0-11e4-9357-07b16aeab6a4.html,hint+repo,200,200,,200,200,,SAME_EXCEPT_SELFHOST_URL_FORM,,,,
/2014/member/show/9f152b88-f7a0-11e4-ab3c-8ab37d574c3a,old-link,500,500,,404,404,,BOTH_NOT_OK_DIFF,,,,
/2014/member/show/9fa0bfc0-ec68-11e3-bd6d-c7a06aeab6a4,hint+repo+wayback-cdx,200,200,,200,200,,SAME_EXCEPT_SELFHOST_URL_FORM,20140721,20170929,5,
/2014/member/show/9fa0bfc0-ec68-11e3-bd6d-c7a06aeab6a4.html,hint+repo+wayback-cdx,200,200,,200,200,,SAME_EXCEPT_SELFHOST_URL_FORM,20231203,20250524,2,
/2014/member/show/a06d40a2-f7b3-11e4-a0a3-8ab37d574c3a,old-link,500,500,,404,404,,BOTH_NOT_OK_DIFF,,,,
/2014/member/show/a2132c5c-f608-11e4-adad-8ab37d574c3a,old-link,500,500,,404,404,,BOTH_NOT_OK_DIFF,,,,
/2014/member/show/a2f46b2c-fb54-11e3-b7e8-e4a96aeab6a4,hint+repo+wayback-cdx,200,200,,200,200,,SAME_EXCEPT_SELFHOST_URL_FORM,20140629,20240413,10,
/2014/member/show/a2f46b2c-fb54-11e3-b7e8-e4a96aeab6a4.html,hint+repo+wayback-cdx,200,200,,200,200,,SAME_EXCEPT_SELFHOST_URL_FORM,20231203,20250524,2,
/2014/member/show/a3863452-ec37-11e3-bd6d-c7a06aeab6a4,hint+repo+wayback-cdx,200,200,,200,200,,CONTENT_DIFF,20140608,20221206,8,
/2014/member/show/a3863452-ec37-11e3-bd6d-c7a06aeab6a4.html,hint+repo+wayback-cdx,200,200,,200,200,,CONTENT_DIFF,20231201,20231201,1,
/2014/member/show/a72aeea4-facd-11e4-a788-8ab37d574c3a,old-link,500,500,,404,404,,BOTH_NOT_OK_DIFF,,,,
/2014/member/show/a954e20a-f026-11e3-b7e8-e4a96aeab6a4,hint+repo,200,200,,200,200,,SAME_EXCEPT_SELFHOST_URL_FORM,,,,
/2014/member/show/a954e20a-f026-11e3-b7e8-e4a96aeab6a4.html,hint+repo,200,200,,200,200,,SAME_EXCEPT_SELFHOST_URL_FORM,,,,
/2014/member/show/a97856f0-0349-11e4-9357-07b16aeab6a4,hint+repo+wayback-cdx,200,200,,200,200,,SAME_EXCEPT_SELFHOST_URL_FORM,20140721,20170929,6,
/2014/member/show/a97856f0-0349-11e4-9357-07b16aeab6a4.html,hint+repo+wayback-cdx,200,200,,200,200,,SAME_EXCEPT_SELFHOST_URL_FORM,20231201,20231201,1,
/2014/member/show/ab461ae0-030c-11e4-9357-07b16aeab6a4,hint+repo+wayback-cdx,200,200,,200,200,,SAME_EXCEPT_SELFHOST_URL_FORM,20140721,20170929,5,
/2014/member/show/ab461ae0-030c-11e4-9357-07b16aeab6a4.html,hint+repo+wayback-cdx,200,200,,200,200,,SAME_EXCEPT_SELFHOST_URL_FORM,20231203,20231203,1,
/2014/member/show/acc1859a-f050-11e3-b7e8-e4a96aeab6a4,hint+repo+wayback-cdx,200,200,,200,200,,SAME_EXCEPT_SELFHOST_URL_FORM,20160522,20160522,1,
/2014/member/show/acc1859a-f050-11e3-b7e8-e4a96aeab6a4.html,hint+repo,200,200,,200,200,,SAME_EXCEPT_SELFHOST_URL_FORM,,,,
/2014/member/show/ad3075bc-ebb5-11e3-bd6d-c7a06aeab6a4,hint+repo+wayback-cdx,200,200,,200,200,,CONTENT_DIFF,20140608,20231206,8,
/2014/member/show/ad3075bc-ebb5-11e3-bd6d-c7a06aeab6a4.html,hint+repo+wayback-cdx,200,200,,200,200,,CONTENT_DIFF,20231203,20231203,1,
/2014/member/show/addbf6f4-f626-11e4-82e6-8ab37d574c3a,old-link,500,500,,404,404,,BOTH_NOT_OK_DIFF,,,,
/2014/member/show/ae8d7e4e-024b-11e4-9357-07b16aeab6a4,hint+repo+wayback-cdx,200,200,,200,200,,SAME_EXCEPT_SELFHOST_URL_FORM,20140721,20221210,6,
/2014/member/show/ae8d7e4e-024b-11e4-9357-07b16aeab6a4.html,hint+repo+wayback-cdx,200,200,,200,200,,SAME_EXCEPT_SELFHOST_URL_FORM,20231203,20231203,1,
/2014/member/show/b08c1da2-eba5-11e3-b2ea-0c9f6aeab6a4,hint+repo+wayback-cdx,200,200,,200,200,,SAME_EXCEPT_SELFHOST_URL_FORM,20140608,20170927,6,
/2014/member/show/b08c1da2-eba5-11e3-b2ea-0c9f6aeab6a4.html,hint+repo+wayback-cdx,200,200,,200,200,,SAME_EXCEPT_SELFHOST_URL_FORM,20231203,20231203,1,
/2014/member/show/b117cd94-0fa7-11e5-a2ed-43ec7d574c3a,old-link,500,500,,404,404,,BOTH_NOT_OK_DIFF,,,,
/2014/member/show/b119f566-fd37-11e3-b7e8-e4a96aeab6a4,hint+repo,200,200,,200,200,,SAME_EXCEPT_SELFHOST_URL_FORM,,,,
/2014/member/show/b119f566-fd37-11e3-b7e8-e4a96aeab6a4.html,hint+repo,200,200,,200,200,,SAME_EXCEPT_SELFHOST_URL_FORM,,,,
/2014/member/show/b43c3b16-eccd-11e3-b82e-98666aeab6a4,hint+repo+wayback-cdx,200,200,,200,200,,SAME_EXCEPT_SELFHOST_URL_FORM,20140608,20140608,1,
/2014/member/show/b43c3b16-eccd-11e3-b82e-98666aeab6a4.html,hint+repo,200,200,,200,200,,SAME_EXCEPT_SELFHOST_URL_FORM,,,,
/2014/member/show/b4f5999c-ff6c-11e3-b7e8-e4a96aeab6a4,hint+repo+wayback-cdx,200,200,,200,200,,SAME_EXCEPT_SELFHOST_URL_FORM,20140721,20170927,6,
/2014/member/show/b4f5999c-ff6c-11e3-b7e8-e4a96aeab6a4.html,hint+repo+wayback-cdx,200,200,,200,200,,SAME_EXCEPT_SELFHOST_URL_FORM,20231203,20231203,1,
/2014/member/show/b53b2a6e-ebff-11e3-bd6d-c7a06aeab6a4,hint+repo+wayback-cdx,200,200,,200,200,,SAME_EXCEPT_SELFHOST_URL_FORM,20140608,20170926,6,
/2014/member/show/b53b2a6e-ebff-11e3-bd6d-c7a06aeab6a4.html,hint+repo+wayback-cdx,200,200,,200,200,,SAME_EXCEPT_SELFHOST_URL_FORM,20231203,20231203,1,
/2014/member/show/b9dff14c-fe53-11e3-b7e8-e4a96aeab6a4,hint+repo+wayback-cdx,200,200,,200,200,,CONTENT_DIFF,20140721,20170927,5,
/2014/member/show/b9dff14c-fe53-11e3-b7e8-e4a96aeab6a4.html,hint+repo+wayback-cdx,200,200,,200,200,,CONTENT_DIFF,20231203,20231203,1,
/2014/member/show/ba098126-036e-11e5-a0aa-79c97d574c3a,old-link,500,500,,404,404,,BOTH_NOT_OK_DIFF,,,,
/2014/member/show/bc2011ae-09af-11e5-8cd2-67dc7d574c3a,old-link,500,500,,404,404,,BOTH_NOT_OK_DIFF,,,,
/2014/member/show/bc3f1944-ede7-11e3-b7e8-e4a96aeab6a4,hint+repo,200,200,,200,200,,SAME_EXCEPT_SELFHOST_URL_FORM,,,,
/2014/member/show/bc3f1944-ede7-11e3-b7e8-e4a96aeab6a4.html,hint+repo,200,200,,200,200,,SAME_EXCEPT_SELFHOST_URL_FORM,,,,
/2014/member/show/bf86f284-0273-11e4-9357-07b16aeab6a4,hint+repo+wayback-cdx,200,200,,200,200,,SAME_EXCEPT_SELFHOST_URL_FORM,20140721,20170925,5,
/2014/member/show/bf86f284-0273-11e4-9357-07b16aeab6a4.html,hint+repo+wayback-cdx,200,200,,200,200,,SAME_EXCEPT_SELFHOST_URL_FORM,20231203,20231203,1,
/2014/member/show/c0030514-1360-11e5-8143-d9f87d574c3a,old-link,500,500,,404,404,,BOTH_NOT_OK_DIFF,,,,
/2014/member/show/c024a8ca-f959-11e4-b360-8ab37d574c3a,old-link,500,500,,404,404,,BOTH_NOT_OK_DIFF,,,,
/2014/member/show/c2bd416a-0038-11e5-9094-89c77d574c3a,old-link,500,500,,404,404,,BOTH_NOT_OK_DIFF,,,,
/2014/member/show/c3decd0a-ebaa-11e3-bd6d-c7a06aeab6a4,hint+repo+wayback-cdx,200,200,,200,200,,CONTENT_DIFF,20140608,20240413,9,
/2014/member/show/c3decd0a-ebaa-11e3-bd6d-c7a06aeab6a4.html,hint+repo+wayback-cdx,200,200,,200,200,,CONTENT_DIFF,20231203,20231203,1,
/2014/member/show/c7efab78-edfb-11e3-b7e8-e4a96aeab6a4,hint+repo+wayback-cdx,200,200,,200,200,,CONTENT_DIFF,20140708,20240413,7,
/2014/member/show/c7efab78-edfb-11e3-b7e8-e4a96aeab6a4.html,hint+repo+wayback-cdx,200,200,,200,200,,CONTENT_DIFF,20231203,20231203,1,
/2014/member/show/c8d45eb6-fd64-11e4-afab-bdc07d574c3a,old-link,500,500,,404,404,,BOTH_NOT_OK_DIFF,,,,
/2014/member/show/c9350512-f6fd-11e4-9864-8ab37d574c3a,old-link,500,500,,404,404,,BOTH_NOT_OK_DIFF,,,,
/2014/member/show/ca29b462-0253-11e4-9357-07b16aeab6a4,hint+repo+wayback-cdx,200,200,,200,200,,CONTENT_DIFF,20140708,20170929,6,
/2014/member/show/ca29b462-0253-11e4-9357-07b16aeab6a4.html,hint+repo+wayback-cdx,200,200,,200,200,,CONTENT_DIFF,20231203,20231203,1,
/2014/member/show/cc46bd92-033b-11e4-9357-07b16aeab6a4,hint+repo,200,200,,200,200,,SAME_EXCEPT_SELFHOST_URL_FORM,,,,
/2014/member/show/cc46bd92-033b-11e4-9357-07b16aeab6a4.html,hint+repo,200,200,,200,200,,SAME_EXCEPT_SELFHOST_URL_FORM,,,,
/2014/member/show/cc4ca93e-fd7f-11e4-96e1-bdc07d574c3a,old-link,500,500,,404,404,,BOTH_NOT_OK_DIFF,,,,
/2014/member/show/d0ba9492-01bb-11e4-b7e8-e4a96aeab6a4,hint+repo,200,200,,200,200,,SAME_EXCEPT_SELFHOST_URL_FORM,,,,
/2014/member/show/d0ba9492-01bb-11e4-b7e8-e4a96aeab6a4.html,hint+repo,200,200,,200,200,,SAME_EXCEPT_SELFHOST_URL_FORM,,,,
/2014/member/show/d1b678dc-0a86-11e5-924b-67dc7d574c3a,old-link,500,500,,404,404,,BOTH_NOT_OK_DIFF,,,,
/2014/member/show/d4fd34ca-ebb2-11e3-bd6d-c7a06aeab6a4,hint+repo+wayback-cdx,200,200,,200,200,,SAME_EXCEPT_SELFHOST_URL_FORM,20140608,20140608,1,
/2014/member/show/d4fd34ca-ebb2-11e3-bd6d-c7a06aeab6a4.html,hint+repo,200,200,,200,200,,SAME_EXCEPT_SELFHOST_URL_FORM,,,,
/2014/member/show/d5bd6172-01ed-11e4-9357-07b16aeab6a4,hint+repo+wayback-cdx,200,200,,200,200,,SAME_EXCEPT_SELFHOST_URL_FORM,20140708,20140708,1,
/2014/member/show/d5bd6172-01ed-11e4-9357-07b16aeab6a4.html,hint+repo,200,200,,200,200,,SAME_EXCEPT_SELFHOST_URL_FORM,,,,
/2014/member/show/d660080a-134e-11e5-81b9-d9f87d574c3a,old-link,500,500,,404,404,,BOTH_NOT_OK_DIFF,,,,
/2014/member/show/d8aac272-01f1-11e4-9357-07b16aeab6a4,hint+repo,200,200,,200,200,,SAME_EXCEPT_SELFHOST_URL_FORM,,,,
/2014/member/show/d8aac272-01f1-11e4-9357-07b16aeab6a4.html,hint+repo,200,200,,200,200,,SAME_EXCEPT_SELFHOST_URL_FORM,,,,
/2014/member/show/d9b2d08e-f2f5-11e3-b7e8-e4a96aeab6a4,hint+repo+wayback-cdx,200,200,,200,200,,CONTENT_DIFF,20140721,20170929,5,
/2014/member/show/d9b2d08e-f2f5-11e3-b7e8-e4a96aeab6a4.html,hint+repo+wayback-cdx,200,200,,200,200,,CONTENT_DIFF,20231203,20231203,1,
/2014/member/show/e121a562-e7b4-11e3-8292-e7826aeab6a4,hint+repo+wayback-cdx,200,200,,200,200,,SAME_EXCEPT_SELFHOST_URL_FORM,20140708,20240413,7,
/2014/member/show/e121a562-e7b4-11e3-8292-e7826aeab6a4.html,hint+repo+wayback-cdx,200,200,,200,200,,SAME_EXCEPT_SELFHOST_URL_FORM,20231203,20231203,1,
/2014/member/show/e1e793ae-0347-11e4-9357-07b16aeab6a4,hint+repo+wayback-cdx,200,200,,200,200,,SAME_EXCEPT_SELFHOST_URL_FORM,20140721,20170929,5,
/2014/member/show/e1e793ae-0347-11e4-9357-07b16aeab6a4.html,hint+repo+wayback-cdx,200,200,,200,200,,SAME_EXCEPT_SELFHOST_URL_FORM,20231203,20231203,1,
/2014/member/show/e270232e-f36e-11e3-b7e8-e4a96aeab6a4,hint+repo+wayback-cdx,200,200,,200,200,,SAME_EXCEPT_SELFHOST_URL_FORM,20140622,20140622,1,
/2014/member/show/e270232e-f36e-11e3-b7e8-e4a96aeab6a4.html,hint+repo,200,200,,200,200,,SAME_EXCEPT_SELFHOST_URL_FORM,,,,
/2014/member/show/e4522282-02c8-11e4-9357-07b16aeab6a4,hint+repo+wayback-cdx,200,200,,200,200,,SAME_EXCEPT_SELFHOST_URL_FORM,20140721,20170929,5,
/2014/member/show/e4522282-02c8-11e4-9357-07b16aeab6a4.html,hint+repo+wayback-cdx,200,200,,200,200,,SAME_EXCEPT_SELFHOST_URL_FORM,20231201,20231201,1,
/2014/member/show/e6e250a2-1358-11e5-8c2b-d9f87d574c3a,old-link,500,500,,404,404,,BOTH_NOT_OK_DIFF,,,,
/2014/member/show/e6e77370-eba4-11e3-b2ea-0c9f6aeab6a4,hint+repo+wayback-cdx,200,200,,200,200,,SAME_EXCEPT_SELFHOST_URL_FORM,20140608,20170926,5,
/2014/member/show/e6e77370-eba4-11e3-b2ea-0c9f6aeab6a4.html,hint+repo+wayback-cdx,200,200,,200,200,,SAME_EXCEPT_SELFHOST_URL_FORM,20231203,20251119,2,
/2014/member/show/e996b0b0-eba7-11e3-bd6d-c7a06aeab6a4,hint+repo+wayback-cdx,200,200,,200,200,,CONTENT_DIFF,20140608,20240413,11,
/2014/member/show/e996b0b0-eba7-11e3-bd6d-c7a06aeab6a4.html,hint+repo+wayback-cdx,200,200,,200,200,,CONTENT_DIFF,20231201,20231201,1,
/2014/member/show/e9c194ac-1328-11e5-a739-d9f87d574c3a,old-link,500,500,,404,404,,BOTH_NOT_OK_DIFF,,,,
/2014/member/show/ea0bf72c-135f-11e5-addc-d9f87d574c3a,old-link,500,500,,404,404,,BOTH_NOT_OK_DIFF,,,,
/2014/member/show/ea77e896-0659-11e5-9492-79c97d574c3a,old-link,500,500,,404,404,,BOTH_NOT_OK_DIFF,,,,
/2014/member/show/ebb91b30-f9ca-11e4-b29d-8ab37d574c3a,old-link,500,500,,404,404,,BOTH_NOT_OK_DIFF,,,,
/2014/member/show/eca603f8-0b1a-11e5-ab80-67dc7d574c3a,old-link,500,500,,404,404,,BOTH_NOT_OK_DIFF,,,,
/2014/member/show/ee58d02c-0048-11e5-88b9-89c77d574c3a,old-link,500,500,,404,404,,BOTH_NOT_OK_DIFF,,,,
/2014/member/show/ee894186-fdd2-11e3-b7e8-e4a96aeab6a4,hint+repo+wayback-cdx,200,200,,200,200,,CONTENT_DIFF,20140721,20240413,6,
/2014/member/show/ee894186-fdd2-11e3-b7e8-e4a96aeab6a4.html,hint+repo+wayback-cdx,200,200,,200,200,,CONTENT_DIFF,20231203,20231203,1,
/2014/member/show/ee976d88-1339-11e5-94e4-d9f87d574c3a,old-link,500,500,,404,404,,BOTH_NOT_OK_DIFF,,,,
/2014/member/show/eeb01100-f76c-11e4-aee6-8ab37d574c3a,old-link,500,500,,404,404,,BOTH_NOT_OK_DIFF,,,,
/2014/member/show/f31e9eba-0daf-11e5-8187-67dc7d574c3a,old-link,500,500,,404,404,,BOTH_NOT_OK_DIFF,,,,
/2014/member/show/f3e1d602-fa66-11e4-b5f5-8ab37d574c3a,old-link,500,500,,404,404,,BOTH_NOT_OK_DIFF,,,,
/2014/member/show/f6b557b6-0023-11e4-b7e8-e4a96aeab6a4,hint+repo+wayback-cdx,200,200,,200,200,,SAME_EXCEPT_SELFHOST_URL_FORM,20140709,20140709,1,
/2014/member/show/f6b557b6-0023-11e4-b7e8-e4a96aeab6a4.html,hint+repo+wayback-cdx,200,200,,200,200,,SAME_EXCEPT_SELFHOST_URL_FORM,20231208,20231208,1,
/2014/member/show/f72b3276-13c1-11e5-86a3-2e007e574c3a,old-link,500,500,,404,404,,BOTH_NOT_OK_DIFF,,,,
/2014/member/show/f79db94a-ebc7-11e3-bd6d-c7a06aeab6a4,hint+repo+wayback-cdx,200,200,,200,200,,CONTENT_DIFF,20140721,20170929,5,
/2014/member/show/f79db94a-ebc7-11e3-bd6d-c7a06aeab6a4.html,hint+repo+wayback-cdx,200,200,,200,200,,CONTENT_DIFF,20230923,20250524,2,
/2014/member/show/fa56fc26-02a8-11e4-9357-07b16aeab6a4,hint+repo+wayback-cdx,200,200,,200,200,,SAME_EXCEPT_SELFHOST_URL_FORM,20140708,20140708,1,
/2014/member/show/fa56fc26-02a8-11e4-9357-07b16aeab6a4.html,hint+repo,200,200,,200,200,,SAME_EXCEPT_SELFHOST_URL_FORM,,,,
/2014/member/show/fd2ada86-133b-11e5-a69e-d9f87d574c3a,old-link,500,500,,404,404,,BOTH_NOT_OK_DIFF,,,,
/2014/member/show/fd3f7cb2-fa9e-11e4-87f0-8ab37d574c3a,hint,500,500,,404,404,,BOTH_NOT_OK_DIFF,,,,4
/2014/member/show/fdd3a57e-11ad-11e5-b3ec-d7f07d574c3a,old-link,500,500,,404,404,,BOTH_NOT_OK_DIFF,,,,
/2014/member/show/fe68e11a-128a-11e5-a1f5-d9f87d574c3a,hint,500,500,,404,404,,BOTH_NOT_OK_DIFF,,,,2
/2014/member/show/ff6f6c66-00c3-11e4-b7e8-e4a96aeab6a4,hint+repo+wayback-cdx,200,200,,200,200,,CONTENT_DIFF,20140721,20170927,5,
/2014/member/show/ff6f6c66-00c3-11e4-b7e8-e4a96aeab6a4.html,hint+repo+wayback-cdx,200,200,,200,200,,CONTENT_DIFF,20231203,20231203,1,
/2014/network,hint,301,200,/2014/network/,301,200,/2014/network/,SAME_EXCEPT_SELFHOST_URL_FORM,,,,
/2014/network/,hint+repo+wayback-cdx,200,200,,200,200,,SAME_EXCEPT_SELFHOST_URL_FORM,20140826,20251126,21,
/2014/network/index,repo,404,404,,200,200,,OLD_NOT_OK_NEW_OK,,,,
/2014/network/index.html,hint+repo+wayback-cdx,200,200,,200,200,,SAME_EXCEPT_SELFHOST_URL_FORM,20230923,20250916,2,
/2014/news,hint,301,200,/2014/news/,301,200,/2014/news/,EXT_LINK_DIFF,,,,
/2014/news/,hint+repo+wayback-cdx,200,200,,200,200,,EXT_LINK_DIFF,20140531,20231208,23,
/2014/news/index,repo,404,404,,200,200,,OLD_NOT_OK_NEW_OK,,,,
/2014/news/index.html,hint+repo+wayback-cdx,200,200,,200,200,,EXT_LINK_DIFF,20230923,20251119,2,
/2014/photos,hint+repo+wayback-cdx,302,302,,301,301,,EXT_REDIRECT_SCHEME,20230923,20251117,3,553
/2014/photos.html,hint+repo+wayback-cdx,404,404,,301,301,,BOTH_NOT_OK_DIFF,20231201,20260216,3,81
/2014/sponsor,hint,301,200,/2014/sponsor/,301,200,/2014/sponsor/,SAME_EXCEPT_SELFHOST_URL_FORM,,,,
/2014/sponsor/,hint+repo+wayback-cdx,200,200,,200,200,,SAME_EXCEPT_SELFHOST_URL_FORM,20140531,20250218,27,
/2014/sponsor/index,repo,404,404,,200,200,,OLD_NOT_OK_NEW_OK,,,,
/2014/sponsor/index.html,hint+repo+wayback-cdx,200,200,,200,200,,SAME_EXCEPT_SELFHOST_URL_FORM,20230922,20250625,2,
/2014/static/css/bootstrap.css,hint+repo,200,200,,200,200,,CSS_DIFF,,,,
/2014/static/css/html.css,hint+repo,200,200,,200,200,,IDENTICAL,,,,
/2014/static/css/style.css,hint+repo,200,200,,200,200,,SAME_CSS_NORMALIZED,,,,
/2014/static/css/yapcasia-ui.css,hint+repo,200,200,,200,200,,CSS_DIFF,,,,
/2014/static/fonts/07LogoTypeGothic7.eot,hint+repo,200,200,,200,200,,IDENTICAL,,,,
/2014/static/fonts/07LogoTypeGothic7.eot@,hint+repo,404,404,,200,200,,OLD_NOT_OK_NEW_OK,,,,
/2014/static/fonts/07LogoTypeGothic7.svg,hint+repo,200,200,,200,200,,IDENTICAL,,,,
/2014/static/fonts/07LogoTypeGothic7.ttf,hint+repo,200,200,,200,200,,IDENTICAL,,,,
/2014/static/fonts/07LogoTypeGothic7.woff,hint+repo,200,200,,200,200,,IDENTICAL,,,,
/2014/static/fonts/HelveticaNeue-LightExt.eot,hint+repo,200,200,,200,200,,IDENTICAL,,,,
/2014/static/fonts/HelveticaNeue-LightExt.eot@,hint+repo,404,404,,200,200,,OLD_NOT_OK_NEW_OK,,,,
/2014/static/fonts/HelveticaNeue-LightExt.svg,hint+repo,200,200,,200,200,,IDENTICAL,,,,
/2014/static/fonts/HelveticaNeue-LightExt.ttf,hint,404,404,,404,404,,BOTH_NOT_OK_SAME,,,,
/2014/static/fonts/HelveticaNeue-LightExt.woff,hint+repo,200,200,,200,200,,IDENTICAL,,,,
/2014/static/fonts/HelveticaNeue-ThinExt.eot,hint+repo,200,200,,200,200,,IDENTICAL,,,,
/2014/static/fonts/HelveticaNeue-ThinExt.svg,hint+repo,200,200,,200,200,,IDENTICAL,,,,
/2014/static/fonts/HelveticaNeue-ThinExt.ttf,hint,404,404,,404,404,,BOTH_NOT_OK_SAME,,,,
/2014/static/fonts/HelveticaNeue-ThinExt.woff,hint+repo,200,200,,200,200,,IDENTICAL,,,,
/2014/static/fonts/flat-ui-icons-regular.eot,hint+repo,200,200,,200,200,,IDENTICAL,,,,
/2014/static/fonts/flat-ui-icons-regular.eot@,hint+repo,404,404,,200,200,,OLD_NOT_OK_NEW_OK,,,,
/2014/static/fonts/flat-ui-icons-regular.svg,hint+repo,200,200,,200,200,,IDENTICAL,,,,
/2014/static/fonts/flat-ui-icons-regular.ttf,hint+repo,200,200,,200,200,,IDENTICAL,,,,
/2014/static/fonts/flat-ui-icons-regular.woff,hint+repo,200,200,,200,200,,IDENTICAL,,,,
/2014/static/fonts/glyphicons-halflings-regular.eot,hint+repo,200,200,,200,200,,IDENTICAL,,,,
/2014/static/fonts/glyphicons-halflings-regular.eot@,hint+repo,404,404,,200,200,,OLD_NOT_OK_NEW_OK,,,,
/2014/static/fonts/glyphicons-halflings-regular.svg,hint+repo,200,200,,200,200,,IDENTICAL,,,,
/2014/static/fonts/glyphicons-halflings-regular.ttf,hint+repo,200,200,,200,200,,IDENTICAL,,,,
/2014/static/fonts/glyphicons-halflings-regular.woff,hint+repo,200,200,,200,200,,IDENTICAL,,,,
/2014/static/fonts/nts/yapcasia_tokyo_2014.svg,hint,404,404,,404,404,,BOTH_NOT_OK_SAME,,,,
/2014/static/fonts/yapcasia_tokyo_2014.eot,hint+repo,200,200,,200,200,,IDENTICAL,,,,
/2014/static/fonts/yapcasia_tokyo_2014.eot@,hint+repo,404,404,,200,200,,OLD_NOT_OK_NEW_OK,,,,
/2014/static/fonts/yapcasia_tokyo_2014.ttf,hint+repo,200,200,,200,200,,IDENTICAL,,,,
/2014/static/fonts/yapcasia_tokyo_2014.woff,hint+repo,200,200,,200,200,,IDENTICAL,,,,
/2014/static/images/andy.jpg,hint+repo,200,200,,200,200,,IDENTICAL,,,,
/2014/static/images/base.jpg,hint+repo,200,200,,200,200,,IDENTICAL,,,,
/2014/static/images/btn_30days.png,hint+repo,200,200,,200,200,,IDENTICAL,,,,
/2014/static/images/btn_facebook.png,hint+repo,200,200,,200,200,,IDENTICAL,,,,
/2014/static/images/btn_twitter.png,hint+repo,200,200,,200,200,,IDENTICAL,,,,
/2014/static/images/btn_youtube.png,hint+repo,200,200,,200,200,,IDENTICAL,,,,
/2014/static/images/carousel_nav_brace_left.png,hint+repo,200,200,,200,200,,IDENTICAL,,,,
/2014/static/images/carousel_nav_brace_right.png,hint+repo,200,200,,200,200,,IDENTICAL,,,,
/2014/static/images/favicon.ico,hint+repo,200,200,,200,200,,IDENTICAL,,,,
/2014/static/images/header_base.jpg,hint+repo,200,200,,200,200,,IDENTICAL,,,,
/2014/static/images/header_date_l.png,hint+repo,200,200,,200,200,,IDENTICAL,,,,
/2014/static/images/login/imac-2x.png,hint,404,404,,404,404,,BOTH_NOT_OK_SAME,,,,
/2014/static/images/login/imac.png,hint,404,404,,404,404,,BOTH_NOT_OK_SAME,,,,
/2014/static/images/logo_l.png,hint+repo,200,200,,200,200,,IDENTICAL,,,,
/2014/static/images/network.png,hint+repo,200,200,,200,200,,IDENTICAL,,,,
/2014/static/images/peter.jpg,hint+repo,200,200,,200,200,,IDENTICAL,,,,
/2014/static/images/sawyer.jpg,hint+repo,200,200,,200,200,,IDENTICAL,,,,
/2014/static/images/sponsor/adways.jpg,hint+repo,200,200,,200,200,,IDENTICAL,,,,
/2014/static/images/sponsor/alaxala.jpg,hint+repo,200,200,,200,200,,IDENTICAL,,,,
/2014/static/images/sponsor/biglobe.jpg,hint+repo,200,200,,200,200,,IDENTICAL,,,,
/2014/static/images/sponsor/blog_kushii_net.jpg,hint+repo,200,200,,200,200,,IDENTICAL,,,,
/2014/static/images/sponsor/bookingcom.jpg,hint+repo,200,200,,200,200,,IDENTICAL,,,,
/2014/static/images/sponsor/breaktimes.jpg,hint+repo,200,200,,200,200,,IDENTICAL,,,,
/2014/static/images/sponsor/careerhack.jpg,hint+repo,200,200,,200,200,,IDENTICAL,,,,
/2014/static/images/sponsor/catchball21.jpg,hint+repo,200,200,,200,200,,IDENTICAL,,,,
/2014/static/images/sponsor/cisco.jpg,hint+repo,200,200,,200,200,,IDENTICAL,,,,
/2014/static/images/sponsor/clubt.jpg,hint+repo,200,200,,200,200,,IDENTICAL,,,,
/2014/static/images/sponsor/conbu.jpg,hint+repo,200,200,,200,200,,IDENTICAL,,,,
/2014/static/images/sponsor/conoha.jpg,hint+repo,200,200,,200,200,,IDENTICAL,,,,
/2014/static/images/sponsor/cs.jpg,hint+repo,200,200,,200,200,,IDENTICAL,,,,
/2014/static/images/sponsor/cure.jpg,hint+repo,200,200,,200,200,,IDENTICAL,,,,
/2014/static/images/sponsor/dena.jpg,hint+repo,200,200,,200,200,,IDENTICAL,,,,
/2014/static/images/sponsor/digitalcom.jpg,hint+repo,200,200,,200,200,,IDENTICAL,,,,
/2014/static/images/sponsor/diverse.jpg,hint+repo,200,200,,200,200,,IDENTICAL,,,,
/2014/static/images/sponsor/dmm_labo.jpg,hint+repo,200,200,,200,200,,IDENTICAL,,,,
/2014/static/images/sponsor/engineertype.jpg,hint+repo,200,200,,200,200,,IDENTICAL,,,,
/2014/static/images/sponsor/enjapan.jpg,hint+repo,200,200,,200,200,,IDENTICAL,,,,
/2014/static/images/sponsor/freakout.jpg,hint+repo,200,200,,200,200,,IDENTICAL,,,,
/2014/static/images/sponsor/fril.jpg,hint+repo,200,200,,200,200,,IDENTICAL,,,,
/2014/static/images/sponsor/gaiax.jpg,hint+repo,200,200,,200,200,,IDENTICAL,,,,
/2014/static/images/sponsor/gihyo.jpg,hint+repo,200,200,,200,200,,IDENTICAL,,,,
/2014/static/images/sponsor/github.jpg,hint+repo,200,200,,200,200,,IDENTICAL,,,,
/2014/static/images/sponsor/gmo_pepabo.jpg,hint+repo,200,200,,200,200,,IDENTICAL,,,,
/2014/static/images/sponsor/hackersbar.jpg,hint+repo,200,200,,200,200,,IDENTICAL,,,,
/2014/static/images/sponsor/hatena.jpg,hint+repo,200,200,,200,200,,IDENTICAL,,,,
/2014/static/images/sponsor/hrnabi.jpg,hint+repo,200,200,,200,200,,IDENTICAL,,,,
/2014/static/images/sponsor/juniper.jpg,hint+repo,200,200,,200,200,,IDENTICAL,,,,
/2014/static/images/sponsor/kayac.jpg,hint+repo,200,200,,200,200,,IDENTICAL,,,,
/2014/static/images/sponsor/kddi_web_communications.jpg,hint+repo,200,200,,200,200,,IDENTICAL,,,,
/2014/static/images/sponsor/kmd.jpg,hint+repo,200,200,,200,200,,IDENTICAL,,,,
/2014/static/images/sponsor/kyt.jpg,hint+repo,200,200,,200,200,,IDENTICAL,,,,
/2014/static/images/sponsor/line.jpg,hint+repo,200,200,,200,200,,IDENTICAL,,,,
/2014/static/images/sponsor/mixi.jpg,hint+repo,200,200,,200,200,,IDENTICAL,,,,
/2014/static/images/sponsor/mobile_factory.jpg,hint+repo,200,200,,200,200,,IDENTICAL,,,,
/2014/static/images/sponsor/nri_cyber_patent.jpg,hint+repo,200,200,,200,200,,IDENTICAL,,,,
/2014/static/images/sponsor/oden.jpg,hint+repo,200,200,,200,200,,IDENTICAL,,,,
/2014/static/images/sponsor/omoroki.jpg,hint+repo,200,200,,200,200,,IDENTICAL,,,,
/2014/static/images/sponsor/pixiv.jpg,hint+repo,200,200,,200,200,,IDENTICAL,,,,
/2014/static/images/sponsor/recruit.jpg,hint+repo,200,200,,200,200,,IDENTICAL,,,,
/2014/static/images/sponsor/s2_factory.jpg,hint+repo,200,200,,200,200,,IDENTICAL,,,,
/2014/static/images/sponsor/seesaa.jpg,hint+repo,200,200,,200,200,,IDENTICAL,,,,
/2014/static/images/sponsor/sixapart.jpg,hint+repo,200,200,,200,200,,IDENTICAL,,,,
/2014/static/images/sponsor/ssri.jpg,hint+repo,200,200,,200,200,,IDENTICAL,,,,
/2014/static/images/sponsor/voyage.jpg,hint+repo,200,200,,200,200,,IDENTICAL,,,,
/2014/static/images/sponsor/wadit.jpg,hint+repo,200,200,,200,200,,IDENTICAL,,,,
/2014/static/images/sponsor/wano.jpg,hint+repo,200,200,,200,200,,IDENTICAL,,,,
/2014/static/images/sponsor/wide.jpg,hint+repo,200,200,,200,200,,IDENTICAL,,,,
/2014/static/images/switch/mask.png,hint,404,404,,404,404,,BOTH_NOT_OK_SAME,,,,
/2014/static/images/tile/ribbon-2x.png,hint,404,404,,404,404,,BOTH_NOT_OK_SAME,,,,
/2014/static/images/tile/ribbon.png,hint,404,404,,404,404,,BOTH_NOT_OK_SAME,,,,
/2014/static/images/todo/done-2x.png,hint,404,404,,404,404,,BOTH_NOT_OK_SAME,,,,
/2014/static/images/todo/done.png,hint,404,404,,404,404,,BOTH_NOT_OK_SAME,,,,
/2014/static/images/todo/todo-2x.png,hint,404,404,,404,404,,BOTH_NOT_OK_SAME,,,,
/2014/static/images/todo/todo.png,hint,404,404,,404,404,,BOTH_NOT_OK_SAME,,,,
/2014/static/images/typester.jpg,hint+repo,200,200,,200,200,,IDENTICAL,,,,
/2014/static/images/video/fullscreen.png,hint,404,404,,404,404,,BOTH_NOT_OK_SAME,,,,
/2014/static/images/video/volume-full.png,hint,404,404,,404,404,,BOTH_NOT_OK_SAME,,,,
/2014/static/images/video/volume-off.png,hint,404,404,,404,404,,BOTH_NOT_OK_SAME,,,,
/2014/static/js/bootstrap.min.js,hint+repo,200,200,,200,200,,IDENTICAL,,,,
/2014/static/js/functions.js,hint+repo,200,200,,200,200,,IDENTICAL,,,,
/2014/static/js/redirecter.js,hint+repo,404,404,,200,200,,OLD_NOT_OK_NEW_OK,,,,
/2014/static/mobile/css/framework7.min.css,hint,404,404,,404,404,,BOTH_NOT_OK_SAME,,,,3
/2014/static/mobile/css/mobile-app.css,hint,404,404,,404,404,,BOTH_NOT_OK_SAME,,,,3
/2014/static/mobile/img/map.png,hint,404,404,,404,404,,BOTH_NOT_OK_SAME,,,,3
/2014/static/mobile/js/angular.min.js,hint,404,404,,404,404,,BOTH_NOT_OK_SAME,,,,3
/2014/static/mobile/js/framework7.js,hint,404,404,,404,404,,BOTH_NOT_OK_SAME,,,,3
/2014/static/mobile/js/jquery.min.js,hint,404,404,,404,404,,BOTH_NOT_OK_SAME,,,,3
/2014/static/mobile/js/mobile-app.js,hint,404,404,,404,404,,BOTH_NOT_OK_SAME,,,,3
/2014/static/mobile/js/sanitize.js,hint,404,404,,404,404,,BOTH_NOT_OK_SAME,,,,3
/2014/talk,hint,301,200,/2014/talk/list,301,200,/2014/talk/,CONTENT_DIFF,,,,
/2014/talk/,hint+repo+wayback-cdx,301,200,/2014/talk/list,200,200,,CONTENT_DIFF,20231201,20250321,3,
/2014/talk/index,repo,404,404,,200,200,,OLD_NOT_OK_NEW_OK,,,,
/2014/talk/index.html,hint+repo+wayback-cdx,404,404,,200,200,,OLD_NOT_OK_NEW_OK,20230923,20230923,1,
/2014/talk/input?lt=1,hint+repo,302,200,/2014/login,404,404,,LOST,,,,10
/2014/talk/input@lt=1,repo,404,404,,200,200,,OLD_NOT_OK_NEW_OK,,,,
/2014/talk/input@lt=1.html,hint+repo,404,404,,200,200,,OLD_NOT_OK_NEW_OK,,,,
/2014/talk/list,hint+repo+wayback-cdx,200,200,,200,200,,CONTENT_DIFF,20140720,20140720,1,
/2014/talk/list.html,hint+repo,200,200,,200,200,,CONTENT_DIFF,,,,
/2014/talk/list?status=rejected,hint+repo+wayback-cdx,200,200,,200,200,,CONTENT_DIFF,20140722,20230201,2,
/2014/talk/list@status=rejected,repo,404,404,,200,200,,OLD_NOT_OK_NEW_OK,,,,
/2014/talk/list@status=rejected.html,hint+repo,404,404,,200,200,,OLD_NOT_OK_NEW_OK,,,,
/2014/talk/schedule,hint+repo+wayback-cdx,200,200,,200,200,,CONTENT_DIFF,20221205,20221205,1,
/2014/talk/schedule.html,hint+repo,200,200,,200,200,,CONTENT_DIFF,,,,
/2014/talk/schedule?date=2014-08-28,hint+repo+wayback-cdx,200,200,,200,200,,CONTENT_DIFF,20140722,20251119,8,
/2014/talk/schedule?date=2014-08-29,hint+repo+wayback-cdx,200,200,,200,200,,CONTENT_DIFF,20140721,20260613,13,
/2014/talk/schedule?date=2014-08-30,hint+repo+wayback-cdx,200,200,,200,200,,CONTENT_DIFF,20140721,20251119,11,
/2014/talk/schedule?format=mobile,hint+repo+wayback-cdx,200,200,,200,200,,CONTENT_DIFF,20140831,20231201,8,
/2014/talk/schedule@date=2014-08-28,repo,404,404,,200,200,,OLD_NOT_OK_NEW_OK,,,,
/2014/talk/schedule@date=2014-08-28.html,hint+repo,404,404,,200,200,,OLD_NOT_OK_NEW_OK,,,,
/2014/talk/schedule@date=2014-08-29,repo,404,404,,200,200,,OLD_NOT_OK_NEW_OK,,,,
/2014/talk/schedule@date=2014-08-29.html,hint+repo,404,404,,200,200,,OLD_NOT_OK_NEW_OK,,,,
/2014/talk/schedule@date=2014-08-30,repo,404,404,,200,200,,OLD_NOT_OK_NEW_OK,,,,
/2014/talk/schedule@date=2014-08-30.html,hint+repo,404,404,,200,200,,OLD_NOT_OK_NEW_OK,,,,
/2014/talk/schedule@format=mobile,repo,404,404,,200,200,,OLD_NOT_OK_NEW_OK,,,,
/2014/talk/schedule@format=mobile.html,hint+repo,404,404,,200,200,,OLD_NOT_OK_NEW_OK,,,,
/2014/talk/show/047613f4-032b-11e4-9357-07b16aeab6a4,hint+repo+wayback-cdx,200,200,,200,200,,EXT_LINK_DIFF,20140714,20221206,6,
/2014/talk/show/047613f4-032b-11e4-9357-07b16aeab6a4.html,hint+repo+wayback-cdx,200,200,,200,200,,EXT_LINK_DIFF,20231201,20231201,1,
/2014/talk/show/06da17f0-3dc5-11e5-b91a-76d67d574c3a,old-link,500,500,,404,404,,BOTH_NOT_OK_DIFF,,,,
/2014/talk/show/0af26fe4-0b7b-11e5-a29c-67dc7d574c3a,old-link,500,500,,404,404,,BOTH_NOT_OK_DIFF,,,,
/2014/talk/show/0b669ad8-f616-11e4-90fb-8ab37d574c3a,old-link,500,500,,404,404,,BOTH_NOT_OK_DIFF,,,,
/2014/talk/show/0e800a82-0121-11e4-b7e8-e4a96aeab6a4,hint+repo+wayback-cdx,200,200,,200,200,,EXT_LINK_DIFF,20140707,20221205,2,
/2014/talk/show/0e800a82-0121-11e4-b7e8-e4a96aeab6a4.html,hint+repo,200,200,,200,200,,EXT_LINK_DIFF,,,,
/2014/talk/show/0f1dd518-f52e-11e3-b7e8-e4a96aeab6a4,hint+repo+wayback-cdx,200,200,,200,200,,EXT_LINK_DIFF,20140707,20140707,1,
/2014/talk/show/0f1dd518-f52e-11e3-b7e8-e4a96aeab6a4.html,hint+repo,200,200,,200,200,,EXT_LINK_DIFF,,,,
/2014/talk/show/103a434e-ec02-11e3-bd6d-c7a06aeab6a4,hint+repo+wayback-cdx,200,200,,200,200,,CONTENT_DIFF,20140608,20250116,8,
/2014/talk/show/103a434e-ec02-11e3-bd6d-c7a06aeab6a4.html,hint+repo+wayback-cdx,200,200,,200,200,,CONTENT_DIFF,20231203,20250218,2,
/2014/talk/show/117bc3c2-00f7-11e4-b7e8-e4a96aeab6a4,hint+repo+wayback-cdx,200,200,,200,200,,CONTENT_DIFF,20140721,20260413,9,
/2014/talk/show/117bc3c2-00f7-11e4-b7e8-e4a96aeab6a4.html,hint+repo+wayback-cdx,200,200,,200,200,,CONTENT_DIFF,20231203,20231203,1,
/2014/talk/show/117bc3c2-00f7-11e4-b7e8-e4a96aeab6a4?utm_source=dlvr.it&utm_medium=twitter,wayback-cdx,200,200,,200,200,,CONTENT_DIFF,20251229,20251229,1,
/2014/talk/show/15a90656-f181-11e3-b7e8-e4a96aeab6a4,hint+repo+wayback-cdx,200,200,,200,200,,EXT_LINK_DIFF,20140617,20251118,4,
/2014/talk/show/15a90656-f181-11e3-b7e8-e4a96aeab6a4.html,hint+repo,200,200,,200,200,,EXT_LINK_DIFF,,,,
/2014/talk/show/18016be0-ebf6-11e3-bd6d-c7a06aeab6a4,wayback-cdx,500,500,,404,404,,BOTH_NOT_OK_DIFF,20140608,20140608,1,
/2014/talk/show/1da55daa-0deb-11e5-944c-67dc7d574c3a,old-link,500,500,,404,404,,BOTH_NOT_OK_DIFF,,,,
/2014/talk/show/1ebc2e92-0c68-11e4-aec0-ad686aeab6a4,hint+repo+wayback-cdx,200,200,,200,200,,CONTENT_DIFF,20140722,20250916,7,
/2014/talk/show/1ebc2e92-0c68-11e4-aec0-ad686aeab6a4.html,hint+repo+wayback-cdx,200,200,,200,200,,CONTENT_DIFF,20231203,20231203,1,
/2014/talk/show/1ffa6f7a-f5e8-11e4-a4ec-49b37d574c3a,old-link,500,500,,404,404,,BOTH_NOT_OK_DIFF,,,,
/2014/talk/show/20dbff8e-0350-11e4-9357-07b16aeab6a4,hint+repo,200,200,,200,200,,EXT_LINK_DIFF,,,,
/2014/talk/show/20dbff8e-0350-11e4-9357-07b16aeab6a4.html,hint+repo,200,200,,200,200,,EXT_LINK_DIFF,,,,
/2014/talk/show/21cb8176-065b-11e5-9492-79c97d574c3a,old-link,500,500,,404,404,,BOTH_NOT_OK_DIFF,,,,
/2014/talk/show/2276d7b2-eba7-11e3-bd6d-c7a06aeab6a4,hint+repo+wayback-cdx,200,200,,200,200,,CONTENT_DIFF,20140606,20260831,13,
/2014/talk/show/2276d7b2-eba7-11e3-bd6d-c7a06aeab6a4.html,hint+repo+wayback-cdx,200,200,,200,200,,CONTENT_DIFF,20231203,20231203,1,
/2014/talk/show/2288ed6c-00d8-11e4-b7e8-e4a96aeab6a4,hint+repo+wayback-cdx,200,200,,200,200,,CONTENT_DIFF,20140715,20250916,7,
/2014/talk/show/2288ed6c-00d8-11e4-b7e8-e4a96aeab6a4.html,hint+repo+wayback-cdx,200,200,,200,200,,CONTENT_DIFF,20231203,20231203,1,
/2014/talk/show/22957e9c-1872-11e5-aca1-525412004261,old-link,500,500,,404,404,,BOTH_NOT_OK_DIFF,,,,
/2014/talk/show/22f59fb8-0fad-11e5-98ef-43ec7d574c3a,old-link,500,500,,404,404,,BOTH_NOT_OK_DIFF,,,,
/2014/talk/show/24d1b2fa-ebb8-11e3-bd6d-c7a06aeab6a4,hint+repo+wayback-cdx,200,200,,200,200,,EXT_LINK_DIFF,20140608,20251118,3,
/2014/talk/show/24d1b2fa-ebb8-11e3-bd6d-c7a06aeab6a4.html,hint+repo,200,200,,200,200,,EXT_LINK_DIFF,,,,
/2014/talk/show/24d1b2fa-ebb8-11e3-bd6d-c7a06aeab6a4?utm_source=dlvr.it&utm_medium=twitter,wayback-cdx,200,200,,200,200,,CONTENT_DIFF,20251126,20251126,1,
/2014/talk/show/250b85d0-02a0-11e4-9357-07b16aeab6a4,hint+repo+wayback-cdx,200,200,,200,200,,CONTENT_DIFF,20140707,20250916,7,
/2014/talk/show/250b85d0-02a0-11e4-9357-07b16aeab6a4.html,hint+repo+wayback-cdx,200,200,,200,200,,CONTENT_DIFF,20231203,20231203,1,
/2014/talk/show/25f99ab0-fa15-11e3-b7e8-e4a96aeab6a4,hint+repo+wayback-cdx,200,200,,200,200,,CONTENT_DIFF,20140721,20260216,16,
/2014/talk/show/25f99ab0-fa15-11e3-b7e8-e4a96aeab6a4.html,hint+repo+wayback-cdx,200,200,,200,200,,CONTENT_DIFF,20231203,20231203,1,
/2014/talk/show/268d730e-136c-11e5-ac8f-d9f87d574c3a,old-link,500,500,,404,404,,BOTH_NOT_OK_DIFF,,,,
/2014/talk/show/2718b8f2-0331-11e4-9357-07b16aeab6a4,hint+repo+wayback-cdx,200,200,,200,200,,EXT_LINK_DIFF,20140714,20251114,10,
/2014/talk/show/2718b8f2-0331-11e4-9357-07b16aeab6a4.html,hint+repo+wayback-cdx,200,200,,200,200,,EXT_LINK_DIFF,20231203,20231203,1,
/2014/talk/show/2718b8f2-0331-11e4-9357-07b16aeab6a4?utm_source=dlvr.it&utm_medium=twitter,wayback-cdx,200,200,,200,200,,EXT_LINK_DIFF,20251114,20251114,1,
/2014/talk/show/28ec308c-ebb2-11e3-bd6d-c7a06aeab6a4,hint+repo+wayback-cdx,200,200,,200,200,,EXT_LINK_DIFF,20140608,20221207,2,
/2014/talk/show/28ec308c-ebb2-11e3-bd6d-c7a06aeab6a4.html,hint+repo,200,200,,200,200,,EXT_LINK_DIFF,,,,
/2014/talk/show/28f95212-0c87-11e4-aec0-ad686aeab6a4,hint+repo+wayback-cdx,200,200,,200,200,,CONTENT_DIFF,20140722,20251018,7,
/2014/talk/show/28f95212-0c87-11e4-aec0-ad686aeab6a4.html,hint+repo+wayback-cdx,200,200,,200,200,,CONTENT_DIFF,20231203,20231203,1,
/2014/talk/show/2eb3bf9e-fe54-11e3-b7e8-e4a96aeab6a4,hint+repo+wayback-cdx,200,200,,200,200,,CONTENT_DIFF,20140712,20241109,11,
/2014/talk/show/2eb3bf9e-fe54-11e3-b7e8-e4a96aeab6a4.html,hint+repo+wayback-cdx,200,200,,200,200,,CONTENT_DIFF,20231203,20231203,1,
/2014/talk/show/32a684e8-fd21-11e4-94eb-bdc07d574c3a,old-link,500,500,,404,404,,BOTH_NOT_OK_DIFF,,,,
/2014/talk/show/3317f896-0351-11e4-9357-07b16aeab6a4,hint+repo,200,200,,200,200,,EXT_LINK_DIFF,,,,
/2014/talk/show/3317f896-0351-11e4-9357-07b16aeab6a4.html,hint+repo,200,200,,200,200,,EXT_LINK_DIFF,,,,
/2014/talk/show/337a0bd4-460e-11e5-bcd9-6ad97d574c3a,old-link,500,500,,404,404,,BOTH_NOT_OK_DIFF,,,,
/2014/talk/show/3855a03c-034d-11e4-9357-07b16aeab6a4,hint+repo,200,200,,200,200,,EXT_LINK_DIFF,,,,
/2014/talk/show/3855a03c-034d-11e4-9357-07b16aeab6a4.html,hint+repo,200,200,,200,200,,EXT_LINK_DIFF,,,,
/2014/talk/show/396bbcf4-455f-11e5-8e3e-6ad97d574c3a,old-link,500,500,,404,404,,BOTH_NOT_OK_DIFF,,,,
/2014/talk/show/39a15ad4-0ff5-11e5-a984-d7f07d574c3a,old-link,500,500,,404,404,,BOTH_NOT_OK_DIFF,,,,
/2014/talk/show/39a72c04-10e3-11e5-b8ab-d7f07d574c3a,old-link,500,500,,404,404,,BOTH_NOT_OK_DIFF,,,,
/2014/talk/show/3a5f2a0e-ec3e-11e3-bd6d-c7a06aeab6a4,hint+repo+wayback-cdx,200,200,,200,200,,CONTENT_DIFF,20140608,20250805,14,
/2014/talk/show/3a5f2a0e-ec3e-11e3-bd6d-c7a06aeab6a4.html,hint+repo+wayback-cdx,200,200,,200,200,,CONTENT_DIFF,20231201,20231201,1,
/2014/talk/show/3c896370-01de-11e4-9357-07b16aeab6a4,hint+repo+wayback-cdx,200,200,,200,200,,CONTENT_DIFF,20140722,20250916,11,
/2014/talk/show/3c896370-01de-11e4-9357-07b16aeab6a4.html,hint+repo+wayback-cdx,200,200,,200,200,,CONTENT_DIFF,20231208,20231208,1,
/2014/talk/show/3cafb976-0328-11e4-9357-07b16aeab6a4,hint+repo,200,200,,200,200,,EXT_LINK_DIFF,,,,
/2014/talk/show/3cafb976-0328-11e4-9357-07b16aeab6a4.html,hint+repo,200,200,,200,200,,EXT_LINK_DIFF,,,,
/2014/talk/show/3e5824a8-eba8-11e3-bd6d-c7a06aeab6a4,hint+repo+wayback-cdx,200,200,,200,200,,CONTENT_DIFF,20140606,20240523,8,
/2014/talk/show/3e5824a8-eba8-11e3-bd6d-c7a06aeab6a4.html,hint+repo+wayback-cdx,200,200,,200,200,,CONTENT_DIFF,20231203,20231203,1,
/2014/talk/show/3ed93334-0351-11e4-8b1d-94a36aeab6a4,hint+repo+wayback-cdx,200,200,,200,200,,EXT_LINK_DIFF,20251126,20251126,1,
/2014/talk/show/3ed93334-0351-11e4-8b1d-94a36aeab6a4.html,hint+repo,200,200,,200,200,,EXT_LINK_DIFF,,,,
/2014/talk/show/3ed93334-0351-11e4-8b1d-94a36aeab6a4?utm_source=dlvr.it&utm_medium=twitter,wayback-cdx,200,200,,200,200,,CONTENT_DIFF,20251127,20251127,1,
/2014/talk/show/3fe49c10-fa67-11e4-9e02-8ab37d574c3a,old-link,500,500,,404,404,,BOTH_NOT_OK_DIFF,,,,
/2014/talk/show/41b9bc90-ffa0-11e3-b7e8-e4a96aeab6a4,hint+repo,200,200,,200,200,,EXT_LINK_DIFF,,,,
/2014/talk/show/41b9bc90-ffa0-11e3-b7e8-e4a96aeab6a4.html,hint+repo,200,200,,200,200,,EXT_LINK_DIFF,,,,
/2014/talk/show/44721562-10e4-11e5-88a0-d7f07d574c3a,old-link,500,500,,404,404,,BOTH_NOT_OK_DIFF,,,,
/2014/talk/show/452cdc6c-4618-11e5-a274-6ad97d574c3a,old-link,500,500,,404,404,,BOTH_NOT_OK_DIFF,,,,
/2014/talk/show/45cbb560-46ec-11e5-be42-6ad97d574c3a,old-link,500,500,,404,404,,BOTH_NOT_OK_DIFF,,,,
/2014/talk/show/4a5af014-ebad-11e3-bd6d-c7a06aeab6a4,hint+repo+wayback-cdx,200,200,,200,200,,CONTENT_DIFF,20140606,20260602,21,
/2014/talk/show/4a5af014-ebad-11e3-bd6d-c7a06aeab6a4.html,hint+repo+wayback-cdx,200,200,,200,200,,CONTENT_DIFF,20231203,20231203,1,
/2014/talk/show/4bab2728-00fa-11e5-9931-79c97d574c3a,old-link,500,500,,404,404,,BOTH_NOT_OK_DIFF,,,,
/2014/talk/show/4c1b9652-0c86-11e4-aec0-ad686aeab6a4,hint+repo+wayback-cdx,200,200,,200,200,,CONTENT_DIFF,20140722,20251204,13,
/2014/talk/show/4c1b9652-0c86-11e4-aec0-ad686aeab6a4.html,hint+repo+wayback-cdx,200,200,,200,200,,CONTENT_DIFF,20231203,20231203,1,
/2014/talk/show/4c7651e8-ed53-11e3-9faf-6ba36aeab6a4,hint+repo+wayback-cdx,200,200,,200,200,,CONTENT_DIFF,20140608,20250916,21,
/2014/talk/show/4c7651e8-ed53-11e3-9faf-6ba36aeab6a4.html,hint+repo+wayback-cdx,200,200,,200,200,,CONTENT_DIFF,20231203,20231203,1,
/2014/talk/show/4d0289d0-034a-11e4-9357-07b16aeab6a4,hint+repo+wayback-cdx,200,200,,200,200,,CONTENT_DIFF,20140721,20251114,12,
/2014/talk/show/4d0289d0-034a-11e4-9357-07b16aeab6a4.html,hint+repo+wayback-cdx,200,200,,200,200,,CONTENT_DIFF,20231201,20231201,1,
/2014/talk/show/4d0289d0-034a-11e4-9357-07b16aeab6a4?utm_source=dlvr.it&utm_medium=twitter,wayback-cdx,200,200,,200,200,,CONTENT_DIFF,20251114,20251114,1,
/2014/talk/show/4d4a9af6-02d0-11e4-9357-07b16aeab6a4,hint+repo+wayback-cdx,200,200,,200,200,,CONTENT_DIFF,20140721,20260413,10,
/2014/talk/show/4d4a9af6-02d0-11e4-9357-07b16aeab6a4.html,hint+repo+wayback-cdx,200,200,,200,200,,CONTENT_DIFF,20231201,20231201,1,
/2014/talk/show/4f793dfa-ef2a-11e3-b7e8-e4a96aeab6a4,hint+repo,200,200,,200,200,,EXT_LINK_DIFF,,,,
/2014/talk/show/4f793dfa-ef2a-11e3-b7e8-e4a96aeab6a4.html,hint+repo,200,200,,200,200,,EXT_LINK_DIFF,,,,
/2014/talk/show/4f85e87a-f9ec-11e4-8262-8ab37d574c3a,old-link,500,500,,404,404,,BOTH_NOT_OK_DIFF,,,,
/2014/talk/show/517ee294-47df-11e5-b4f1-b2e17d574c3a,old-link,500,500,,404,404,,BOTH_NOT_OK_DIFF,,,,
/2014/talk/show/51921d12-ec7f-11e3-b82e-98666aeab6a4,hint+repo+wayback-cdx,200,200,,200,200,,EXT_LINK_DIFF,20140608,20170811,5,
/2014/talk/show/51921d12-ec7f-11e3-b82e-98666aeab6a4.html,hint+repo,200,200,,200,200,,EXT_LINK_DIFF,,,,
/2014/talk/show/520ddfd6-efc4-11e3-b7e8-e4a96aeab6a4,hint+repo+wayback-cdx,200,200,,200,200,,EXT_LINK_DIFF,20251027,20251027,1,
/2014/talk/show/520ddfd6-efc4-11e3-b7e8-e4a96aeab6a4.html,hint+repo,200,200,,200,200,,EXT_LINK_DIFF,,,,
/2014/talk/show/523b9508-0d77-11e5-8174-67dc7d574c3a,old-link,500,500,,404,404,,BOTH_NOT_OK_DIFF,,,,
/2014/talk/show/53944d48-09ba-11e5-998a-67dc7d574c3a,old-link,500,500,,404,404,,BOTH_NOT_OK_DIFF,,,,
/2014/talk/show/53aacc02-faca-11e4-8c2e-8ab37d574c3a,old-link,500,500,,404,404,,BOTH_NOT_OK_DIFF,,,,
/2014/talk/show/575b8c1a-02c8-11e4-9357-07b16aeab6a4,hint+repo+wayback-cdx,200,200,,200,200,,CONTENT_DIFF,20140707,20140707,1,
/2014/talk/show/575b8c1a-02c8-11e4-9357-07b16aeab6a4.html,hint+repo,200,200,,200,200,,CONTENT_DIFF,,,,
/2014/talk/show/5b10738c-0338-11e4-9357-07b16aeab6a4,hint+repo+wayback-cdx,200,200,,200,200,,EXT_LINK_DIFF,20221226,20221226,1,
/2014/talk/show/5b10738c-0338-11e4-9357-07b16aeab6a4.html,hint+repo,200,200,,200,200,,EXT_LINK_DIFF,,,,
/2014/talk/show/5b1cd536-07ed-11e5-9e42-79c97d574c3a,old-link,500,500,,404,404,,BOTH_NOT_OK_DIFF,,,,
/2014/talk/show/5c80375e-01f6-11e4-9357-07b16aeab6a4,hint+repo+wayback-cdx,200,200,,200,200,,EXT_LINK_DIFF,20140707,20140707,1,
/2014/talk/show/5c80375e-01f6-11e4-9357-07b16aeab6a4.html,hint+repo,200,200,,200,200,,EXT_LINK_DIFF,,,,
/2014/talk/show/5c8a911a-ed5e-11e3-9faf-6ba36aeab6a4,hint+repo+wayback-cdx,200,200,,200,200,,EXT_LINK_DIFF,20140608,20221205,2,
/2014/talk/show/5c8a911a-ed5e-11e3-9faf-6ba36aeab6a4.html,hint+repo,200,200,,200,200,,EXT_LINK_DIFF,,,,
/2014/talk/show/5ceebdcc-136c-11e5-a014-d9f87d574c3a,old-link,500,500,,404,404,,BOTH_NOT_OK_DIFF,,,,
/2014/talk/show/5ea2630a-133d-11e5-8cbb-d9f87d574c3a,old-link,500,500,,404,404,,BOTH_NOT_OK_DIFF,,,,
/2014/talk/show/5f5cad74-004a-11e5-acf4-89c77d574c3a,old-link,500,500,,404,404,,BOTH_NOT_OK_DIFF,,,,
/2014/talk/show/61b78258-026f-11e4-9357-07b16aeab6a4,hint+repo+wayback-cdx,200,200,,200,200,,CONTENT_DIFF,20140721,20251114,10,
/2014/talk/show/61b78258-026f-11e4-9357-07b16aeab6a4.html,hint+repo+wayback-cdx,200,200,,200,200,,CONTENT_DIFF,20231203,20241222,2,
/2014/talk/show/61b78258-026f-11e4-9357-07b16aeab6a4?utm_source=dlvr.it&utm_medium=twitter,wayback-cdx,200,200,,200,200,,CONTENT_DIFF,20251114,20251114,1,
/2014/talk/show/621948f2-0d46-11e5-a403-67dc7d574c3a,old-link,500,500,,404,404,,BOTH_NOT_OK_DIFF,,,,
/2014/talk/show/63144efa-0c8e-11e4-bd05-9c796aeab6a4,hint+repo+wayback-cdx,200,200,,200,200,,EXT_LINK_DIFF,20140722,20250916,9,
/2014/talk/show/63144efa-0c8e-11e4-bd05-9c796aeab6a4.html,hint+repo+wayback-cdx,200,200,,200,200,,EXT_LINK_DIFF,20231203,20260308,2,
/2014/talk/show/65c4a580-0344-11e4-9357-07b16aeab6a4,hint+repo,200,200,,200,200,,EXT_LINK_DIFF,,,,
/2014/talk/show/65c4a580-0344-11e4-9357-07b16aeab6a4.html,hint+repo,200,200,,200,200,,EXT_LINK_DIFF,,,,
/2014/talk/show/6687aaca-034a-11e4-9357-07b16aeab6a4,hint+repo+wayback-cdx,200,200,,200,200,,CONTENT_DIFF,20140721,20241005,6,
/2014/talk/show/6687aaca-034a-11e4-9357-07b16aeab6a4.html,hint+repo+wayback-cdx,200,200,,200,200,,CONTENT_DIFF,20231203,20231203,1,
/2014/talk/show/66c55626-eba9-11e3-bd6d-c7a06aeab6a4,hint+repo+wayback-cdx,200,200,,200,200,,CONTENT_DIFF,20140606,20260613,16,
/2014/talk/show/66c55626-eba9-11e3-bd6d-c7a06aeab6a4.html,hint+repo+wayback-cdx,200,200,,200,200,,CONTENT_DIFF,20231201,20231201,1,
/2014/talk/show/67486428-002e-11e4-b7e8-e4a96aeab6a4,hint+repo+wayback-cdx,200,200,,200,200,,EXT_LINK_DIFF,20140707,20260308,8,
/2014/talk/show/67486428-002e-11e4-b7e8-e4a96aeab6a4.html,hint+repo+wayback-cdx,200,200,,200,200,,EXT_LINK_DIFF,20231201,20231201,1,
/2014/talk/show/67486428-002e-11e4-b7e8-e4a96aeab6a4?utm_source=dlvr.it&utm_medium=twitter,wayback-cdx,200,200,,200,200,,CONTENT_DIFF,20251115,20251115,1,
/2014/talk/show/680c4b3e-ecb2-11e3-b82e-98666aeab6a4,hint+repo+wayback-cdx,200,200,,200,200,,EXT_LINK_DIFF,20140608,20251225,4,
/2014/talk/show/680c4b3e-ecb2-11e3-b82e-98666aeab6a4.html,hint+repo,200,200,,200,200,,EXT_LINK_DIFF,,,,
/2014/talk/show/6964fd88-f5e8-11e4-b323-49b37d574c3a,old-link,500,500,,404,404,,BOTH_NOT_OK_DIFF,,,,
/2014/talk/show/698ae110-031d-11e4-9357-07b16aeab6a4,hint+repo+wayback-cdx,200,200,,200,200,,EXT_LINK_DIFF,20160531,20160709,2,
/2014/talk/show/698ae110-031d-11e4-9357-07b16aeab6a4.html,hint+repo,200,200,,200,200,,EXT_LINK_DIFF,,,,
/2014/talk/show/69caedbd-1872-11e5-aca1-525412004261,old-link,500,500,,404,404,,BOTH_NOT_OK_DIFF,,,,
/2014/talk/show/6bde6c69-187a-11e5-aca1-525412004261,old-link,500,500,,404,404,,BOTH_NOT_OK_DIFF,,,,
/2014/talk/show/6bf994a2-fd44-11e3-b7e8-e4a96aeab6a4,hint+repo+wayback-cdx,200,200,,200,200,,EXT_LINK_DIFF,20221226,20221226,1,
/2014/talk/show/6bf994a2-fd44-11e3-b7e8-e4a96aeab6a4.html,hint+repo,200,200,,200,200,,EXT_LINK_DIFF,,,,
/2014/talk/show/6cddba94-00b7-11e4-b7e8-e4a96aeab6a4,hint+repo+wayback-cdx,200,200,,200,200,,CONTENT_DIFF,20140713,20260122,9,
/2014/talk/show/6cddba94-00b7-11e4-b7e8-e4a96aeab6a4.html,hint+repo+wayback-cdx,200,200,,200,200,,CONTENT_DIFF,20231201,20231201,1,
/2014/talk/show/6e5b28f4-0191-11e4-b7e8-e4a96aeab6a4,hint+repo+wayback-cdx,200,200,,200,200,,CONTENT_DIFF,20140721,20240413,11,
/2014/talk/show/6e5b28f4-0191-11e4-b7e8-e4a96aeab6a4.html,hint+repo+wayback-cdx,200,200,,200,200,,CONTENT_DIFF,20231203,20231203,1,
/2014/talk/show/74035a68-f108-11e3-b7e8-e4a96aeab6a4,hint+repo,200,200,,200,200,,EXT_LINK_DIFF,,,,
/2014/talk/show/74035a68-f108-11e3-b7e8-e4a96aeab6a4.html,hint+repo,200,200,,200,200,,EXT_LINK_DIFF,,,,
/2014/talk/show/75894e02-025f-11e4-9357-07b16aeab6a4,hint+repo+wayback-cdx,200,200,,200,200,,CONTENT_DIFF,20140707,20260216,10,
/2014/talk/show/75894e02-025f-11e4-9357-07b16aeab6a4.html,hint+repo+wayback-cdx,200,200,,200,200,,CONTENT_DIFF,20231203,20231203,1,
/2014/talk/show/761fb4c4-ebb6-11e3-bd6d-c7a06aeab6a4,hint+repo+wayback-cdx,200,200,,200,200,,EXT_LINK_DIFF,20140608,20251126,6,
/2014/talk/show/761fb4c4-ebb6-11e3-bd6d-c7a06aeab6a4.html,hint+repo,200,200,,200,200,,EXT_LINK_DIFF,,,,
/2014/talk/show/761fb4c4-ebb6-11e3-bd6d-c7a06aeab6a4?utm_source=dlvr.it&utm_medium=twitter,wayback-cdx,200,200,,200,200,,EXT_LINK_DIFF,20251126,20251126,1,
/2014/talk/show/77109da0-00b8-11e4-b7e8-e4a96aeab6a4,hint+repo+wayback-cdx,200,200,,200,200,,CONTENT_DIFF,20140721,20251204,14,
/2014/talk/show/77109da0-00b8-11e4-b7e8-e4a96aeab6a4.html,hint+repo+wayback-cdx,200,200,,200,200,,CONTENT_DIFF,20231203,20251117,2,
/2014/talk/show/788d8594-4432-11e5-a2da-6ad97d574c3a,old-link,500,500,,404,404,,BOTH_NOT_OK_DIFF,,,,
/2014/talk/show/78cd3726-032d-11e4-9357-07b16aeab6a4,hint+repo,200,200,,200,200,,EXT_LINK_DIFF,,,,
/2014/talk/show/78cd3726-032d-11e4-9357-07b16aeab6a4.html,hint+repo,200,200,,200,200,,EXT_LINK_DIFF,,,,
/2014/talk/show/7d52499a-01f6-11e4-9357-07b16aeab6a4,hint+repo,200,200,,200,200,,EXT_LINK_DIFF,,,,
/2014/talk/show/7d52499a-01f6-11e4-9357-07b16aeab6a4.html,hint+repo,200,200,,200,200,,EXT_LINK_DIFF,,,,
/2014/talk/show/7d62caf8-12f4-11e5-881c-d9f87d574c3a,old-link,500,500,,404,404,,BOTH_NOT_OK_DIFF,,,,
/2014/talk/show/7d66b640-0a6b-11e5-b1a0-67dc7d574c3a,old-link,500,500,,404,404,,BOTH_NOT_OK_DIFF,,,,
/2014/talk/show/7db9b88c-01e7-11e4-9357-07b16aeab6a4,hint+repo,200,200,,200,200,,EXT_LINK_DIFF,,,,
/2014/talk/show/7db9b88c-01e7-11e4-9357-07b16aeab6a4.html,hint+repo,200,200,,200,200,,EXT_LINK_DIFF,,,,
/2014/talk/show/804bd4a8-edfc-11e3-b7e8-e4a96aeab6a4,hint+repo+wayback-cdx,200,200,,200,200,,CONTENT_DIFF,20140707,20250916,7,
/2014/talk/show/804bd4a8-edfc-11e3-b7e8-e4a96aeab6a4.html,hint+repo+wayback-cdx,200,200,,200,200,,CONTENT_DIFF,20231203,20231203,1,
/2014/talk/show/805806ba-0c6f-11e4-aec0-ad686aeab6a4,hint+repo+wayback-cdx,200,200,,200,200,,CONTENT_DIFF,20140722,20260216,15,
/2014/talk/show/805806ba-0c6f-11e4-aec0-ad686aeab6a4.html,hint+repo+wayback-cdx,200,200,,200,200,,CONTENT_DIFF,20231201,20231201,1,
/2014/talk/show/81342dae-1351-11e5-ab94-d9f87d574c3a,old-link,500,500,,404,404,,BOTH_NOT_OK_DIFF,,,,
/2014/talk/show/82973376-ebb1-11e3-bd6d-c7a06aeab6a4,hint+repo+wayback-cdx,200,200,,200,200,,EXT_LINK_DIFF,20140606,20221225,3,
/2014/talk/show/82973376-ebb1-11e3-bd6d-c7a06aeab6a4.html,hint+repo,200,200,,200,200,,EXT_LINK_DIFF,,,,
/2014/talk/show/82e93a96-f60e-11e4-907e-8ab37d574c3a,old-link,500,500,,404,404,,BOTH_NOT_OK_DIFF,,,,
/2014/talk/show/8490357c-0288-11e4-9357-07b16aeab6a4,hint+repo,200,200,,200,200,,EXT_LINK_DIFF,,,,
/2014/talk/show/8490357c-0288-11e4-9357-07b16aeab6a4.html,hint+repo,200,200,,200,200,,EXT_LINK_DIFF,,,,
/2014/talk/show/84b4d20a-0c8e-11e4-bd05-9c796aeab6a4,hint+repo+wayback-cdx,200,200,,200,200,,EXT_LINK_DIFF,20140722,20251018,11,
/2014/talk/show/84b4d20a-0c8e-11e4-bd05-9c796aeab6a4.html,hint+repo+wayback-cdx,200,200,,200,200,,EXT_LINK_DIFF,20231208,20260308,2,
/2014/talk/show/85ba3ef4-ecd3-11e3-b82e-98666aeab6a4,hint+repo+wayback-cdx,200,200,,200,200,,EXT_LINK_DIFF,20140608,20221208,3,
/2014/talk/show/85ba3ef4-ecd3-11e3-b82e-98666aeab6a4.html,hint+repo,200,200,,200,200,,EXT_LINK_DIFF,,,,
/2014/talk/show/85f8f5de-0c8d-11e4-bd05-9c796aeab6a4,hint+repo+wayback-cdx,200,200,,200,200,,EXT_LINK_DIFF,20140720,20260308,9,
/2014/talk/show/85f8f5de-0c8d-11e4-bd05-9c796aeab6a4.html,hint+repo+wayback-cdx,200,200,,200,200,,EXT_LINK_DIFF,20231201,20231201,1,
/2014/talk/show/86ebd212-fab3-11e4-8f5a-8ab37d574c3a,old-link,500,500,,404,404,,BOTH_NOT_OK_DIFF,,,,
/2014/talk/show/87e591f4-0350-11e4-9357-07b16aeab6a4,hint+repo+wayback-cdx,200,200,,200,200,,EXT_LINK_DIFF,20140914,20260613,3,
/2014/talk/show/87e591f4-0350-11e4-9357-07b16aeab6a4.html,hint+repo+wayback-cdx,200,200,,200,200,,EXT_LINK_DIFF,20250619,20250619,1,
/2014/talk/show/880b07f8-02c0-11e4-9357-07b16aeab6a4,hint+repo+wayback-cdx,200,200,,200,200,,EXT_LINK_DIFF,20231208,20260308,5,
/2014/talk/show/880b07f8-02c0-11e4-9357-07b16aeab6a4.html,hint+repo+wayback-cdx,200,200,,200,200,,EXT_LINK_DIFF,20240223,20250625,2,
/2014/talk/show/897abeb2-1007-11e5-a760-d7f07d574c3a,old-link,500,500,,404,404,,BOTH_NOT_OK_DIFF,,,,
/2014/talk/show/8f7ead9a-ebba-11e3-bd6d-c7a06aeab6a4,hint+repo+wayback-cdx,200,200,,200,200,,CONTENT_DIFF,20140606,20140606,1,
/2014/talk/show/8f7ead9a-ebba-11e3-bd6d-c7a06aeab6a4.html,hint+repo+wayback-cdx,200,200,,200,200,,CONTENT_DIFF,20231203,20240712,2,
/2014/talk/show/8f7ead9a-ebba-11e3-bd6d-c7a06aeab6a4?utm_source=dlvr.it&utm_medium=twitter,wayback-cdx,200,200,,200,200,,CONTENT_DIFF,20251114,20251114,1,
/2014/talk/show/8fc51bb6-0c91-11e4-bd05-9c796aeab6a4,wayback-cdx,500,500,,404,404,,BOTH_NOT_OK_DIFF,20140722,20140722,1,
/2014/talk/show/92a7bb60-1323-11e5-a252-d9f87d574c3a,old-link,500,500,,404,404,,BOTH_NOT_OK_DIFF,,,,
/2014/talk/show/93eaf068-faec-11e4-a8fd-8ab37d574c3a,old-link,500,500,,404,404,,BOTH_NOT_OK_DIFF,,,,
/2014/talk/show/94051590-fb11-11e4-a39d-8ab37d574c3a,old-link,500,500,,404,404,,BOTH_NOT_OK_DIFF,,,,
/2014/talk/show/9419b012-f68b-11e3-b7e8-e4a96aeab6a4,hint+repo+wayback-cdx,200,200,,200,200,,EXT_LINK_DIFF,20140621,20151125,3,
/2014/talk/show/9419b012-f68b-11e3-b7e8-e4a96aeab6a4.html,hint+repo,200,200,,200,200,,EXT_LINK_DIFF,,,,
/2014/talk/show/943abf48-f292-11e3-b7e8-e4a96aeab6a4,hint+repo+wayback-cdx,200,200,,200,200,,EXT_LINK_DIFF,20160521,20160621,2,
/2014/talk/show/943abf48-f292-11e3-b7e8-e4a96aeab6a4.html,hint+repo,200,200,,200,200,,EXT_LINK_DIFF,,,,
/2014/talk/show/97cc7bbc-ef25-11e3-b7e8-e4a96aeab6a4,hint+repo+wayback-cdx,200,200,,200,200,,CONTENT_DIFF,20140721,20251204,12,
/2014/talk/show/97cc7bbc-ef25-11e3-b7e8-e4a96aeab6a4.html,hint+repo+wayback-cdx,200,200,,200,200,,CONTENT_DIFF,20231201,20251016,2,
/2014/talk/show/999175ca-47ac-11e5-9a07-b2e17d574c3a,old-link,500,500,,404,404,,BOTH_NOT_OK_DIFF,,,,
/2014/talk/show/99e9e45c-f16e-11e3-b7e8-e4a96aeab6a4,hint+repo+wayback-cdx,200,200,,200,200,,CONTENT_DIFF,20140721,20260308,9,
/2014/talk/show/99e9e45c-f16e-11e3-b7e8-e4a96aeab6a4.html,hint+repo+wayback-cdx,200,200,,200,200,,CONTENT_DIFF,20230923,20250524,2,
/2014/talk/show/9c87ba50-3c17-11e5-9f50-22d57d574c3a,old-link,500,500,,404,404,,BOTH_NOT_OK_DIFF,,,,
/2014/talk/show/9e3ced48-027f-11e4-9357-07b16aeab6a4,hint+repo+wayback-cdx,200,200,,200,200,,CONTENT_DIFF,20140721,20251126,10,
/2014/talk/show/9e3ced48-027f-11e4-9357-07b16aeab6a4.html,hint+repo+wayback-cdx,200,200,,200,200,,CONTENT_DIFF,20231203,20231203,1,
/2014/talk/show/9e3ced48-027f-11e4-9357-07b16aeab6a4?utm_source=dlvr.it&utm_medium=twitter,wayback-cdx,200,200,,200,200,,CONTENT_DIFF,20251126,20251126,1,
/2014/talk/show/9e9ae188-fb20-11e4-9a97-8ab37d574c3a,old-link,500,500,,404,404,,BOTH_NOT_OK_DIFF,,,,
/2014/talk/show/9ec2791c-05e5-11e5-81fa-79c97d574c3a,old-link,500,500,,404,404,,BOTH_NOT_OK_DIFF,,,,
/2014/talk/show/9f7059dc-003c-11e5-a00c-89c77d574c3a,old-link,500,500,,404,404,,BOTH_NOT_OK_DIFF,,,,
/2014/talk/show/a02d05e6-fead-11e3-b7e8-e4a96aeab6a4,hint+repo+wayback-cdx,200,200,,200,200,,EXT_LINK_DIFF,20140707,20140707,1,
/2014/talk/show/a02d05e6-fead-11e3-b7e8-e4a96aeab6a4.html,hint+repo+wayback-cdx,200,200,,200,200,,EXT_LINK_DIFF,20231201,20231201,1,
/2014/talk/show/a02d05e6-fead-11e3-b7e8-e4a96aeab6a4?utm_source=dlvr.it&utm_medium=twitter,wayback-cdx,200,200,,200,200,,EXT_LINK_DIFF,20250510,20250510,1,
/2014/talk/show/a0653184-46f3-11e5-a31f-6ad97d574c3a,old-link,500,500,,404,404,,BOTH_NOT_OK_DIFF,,,,
/2014/talk/show/a06d9970-0d7b-11e5-aaf9-67dc7d574c3a,old-link,500,500,,404,404,,BOTH_NOT_OK_DIFF,,,,
/2014/talk/show/a3a6ede4-030e-11e4-9357-07b16aeab6a4,hint+repo+wayback-cdx,200,200,,200,200,,EXT_LINK_DIFF,20140721,20250928,11,
/2014/talk/show/a3a6ede4-030e-11e4-9357-07b16aeab6a4.html,hint+repo+wayback-cdx,200,200,,200,200,,EXT_LINK_DIFF,20231203,20231203,1,
/2014/talk/show/a4318242-f5f2-11e4-afb7-49b37d574c3a,old-link,500,500,,404,404,,BOTH_NOT_OK_DIFF,,,,
/2014/talk/show/a5bbcd3a-02a4-11e4-9357-07b16aeab6a4,hint+repo+wayback-cdx,200,200,,200,200,,CONTENT_DIFF,20140721,20260508,12,
/2014/talk/show/a5bbcd3a-02a4-11e4-9357-07b16aeab6a4.html,hint+repo+wayback-cdx,200,200,,200,200,,CONTENT_DIFF,20231203,20250929,2,
/2014/talk/show/a5bbcd3a-02a4-11e4-9357-07b16aeab6a4?utm_source=dlvr.it&utm_medium=twitter,wayback-cdx,200,200,,200,200,,CONTENT_DIFF,20251114,20251114,1,
/2014/talk/show/a636430c-0fbf-11e5-8a02-43ec7d574c3a,old-link,500,500,,404,404,,BOTH_NOT_OK_DIFF,,,,
/2014/talk/show/a668ef3e-080b-11e5-b2b4-79c97d574c3a,old-link,500,500,,404,404,,BOTH_NOT_OK_DIFF,,,,
/2014/talk/show/a67dd878-0342-11e4-9357-07b16aeab6a4,hint+repo,200,200,,200,200,,EXT_LINK_DIFF,,,,
/2014/talk/show/a67dd878-0342-11e4-9357-07b16aeab6a4.html,hint+repo,200,200,,200,200,,EXT_LINK_DIFF,,,,
/2014/talk/show/a88619fc-034a-11e4-9357-07b16aeab6a4,hint+repo+wayback-cdx,200,200,,200,200,,CONTENT_DIFF,20140721,20251126,12,
/2014/talk/show/a88619fc-034a-11e4-9357-07b16aeab6a4.html,hint+repo+wayback-cdx,200,200,,200,200,,CONTENT_DIFF,20231203,20231203,1,
/2014/talk/show/a88619fc-034a-11e4-9357-07b16aeab6a4?utm_source=dlvr.it&utm_medium=twitter,wayback-cdx,200,200,,200,200,,CONTENT_DIFF,20251126,20251126,1,
/2014/talk/show/a915da1e-0341-11e4-9357-07b16aeab6a4,hint+repo,200,200,,200,200,,EXT_LINK_DIFF,,,,
/2014/talk/show/a915da1e-0341-11e4-9357-07b16aeab6a4.html,hint+repo,200,200,,200,200,,EXT_LINK_DIFF,,,,
/2014/talk/show/acf68466-01ee-11e4-9357-07b16aeab6a4,hint+repo+wayback-cdx,200,200,,200,200,,EXT_LINK_DIFF,20140707,20140707,1,
/2014/talk/show/acf68466-01ee-11e4-9357-07b16aeab6a4.html,hint+repo,200,200,,200,200,,EXT_LINK_DIFF,,,,
/2014/talk/show/ad57ca84-13e9-11e5-aca1-525412004261,old-link,500,500,,404,404,,BOTH_NOT_OK_DIFF,,,,
/2014/talk/show/adfd5cb8-01c1-11e4-9357-07b16aeab6a4,hint+repo+wayback-cdx,200,200,,200,200,,CONTENT_DIFF,20140721,20260308,13,
/2014/talk/show/adfd5cb8-01c1-11e4-9357-07b16aeab6a4.html,hint+repo+wayback-cdx,200,200,,200,200,,CONTENT_DIFF,20231203,20250218,2,
/2014/talk/show/ae1cce86-1874-11e5-aca1-525412004261,old-link,500,500,,404,404,,BOTH_NOT_OK_DIFF,,,,
/2014/talk/show/aed8a03c-ebac-11e3-bd6d-c7a06aeab6a4,hint+repo+wayback-cdx,200,200,,200,200,,CONTENT_DIFF,20140605,20241203,11,
/2014/talk/show/aed8a03c-ebac-11e3-bd6d-c7a06aeab6a4.html,hint+repo+wayback-cdx,200,200,,200,200,,CONTENT_DIFF,20231203,20231203,1,
/2014/talk/show/af3981e4-3c10-11e5-9abd-22d57d574c3a,old-link,500,500,,404,404,,BOTH_NOT_OK_DIFF,,,,
/2014/talk/show/b03162be-0052-11e5-ba92-89c77d574c3a,old-link,500,500,,404,404,,BOTH_NOT_OK_DIFF,,,,
/2014/talk/show/b31be240-3f97-11e5-baa1-76d67d574c3a,old-link,500,500,,404,404,,BOTH_NOT_OK_DIFF,,,,
/2014/talk/show/b335dee0-09ad-11e5-8d7a-67dc7d574c3a,old-link,500,500,,404,404,,BOTH_NOT_OK_DIFF,,,,
/2014/talk/show/b355fa20-122e-11e5-8ba5-d9f87d574c3a,old-link,500,500,,404,404,,BOTH_NOT_OK_DIFF,,,,
/2014/talk/show/b396e912-091a-11e5-8d2d-67dc7d574c3a,old-link,500,500,,404,404,,BOTH_NOT_OK_DIFF,,,,
/2014/talk/show/b49cc53a-027b-11e4-9357-07b16aeab6a4,hint+repo+wayback-cdx,200,200,,200,200,,CONTENT_DIFF,20140721,20260216,18,
/2014/talk/show/b49cc53a-027b-11e4-9357-07b16aeab6a4.html,hint+repo+wayback-cdx,200,200,,200,200,,CONTENT_DIFF,20231203,20231203,1,
/2014/talk/show/b49cc53a-027b-11e4-9357-07b16aeab6a4?utm_source=dlvr.it&utm_medium=twitter,wayback-cdx,200,200,,200,200,,CONTENT_DIFF,20251114,20251114,1,
/2014/talk/show/b735a908-ec7b-11e3-b82e-98666aeab6a4,hint+repo+wayback-cdx,200,200,,200,200,,EXT_LINK_DIFF,20140608,20251114,7,
/2014/talk/show/b735a908-ec7b-11e3-b82e-98666aeab6a4.html,hint+repo,200,200,,200,200,,EXT_LINK_DIFF,,,,
/2014/talk/show/b735a908-ec7b-11e3-b82e-98666aeab6a4?utm_source=dlvr.it&utm_medium=twitter,wayback-cdx,200,200,,200,200,,EXT_LINK_DIFF,20251114,20251114,1,
/2014/talk/show/b84fbdac-0313-11e4-9357-07b16aeab6a4,hint+repo+wayback-cdx,200,200,,200,200,,CONTENT_DIFF,20140721,20260308,9,
/2014/talk/show/b84fbdac-0313-11e4-9357-07b16aeab6a4.html,hint+repo+wayback-cdx,200,200,,200,200,,CONTENT_DIFF,20231203,20231203,1,
/2014/talk/show/b9f11788-f214-11e3-b7e8-e4a96aeab6a4,hint+repo+wayback-cdx,200,200,,200,200,,EXT_LINK_DIFF,20140827,20221224,2,
/2014/talk/show/b9f11788-f214-11e3-b7e8-e4a96aeab6a4.html,hint+repo,200,200,,200,200,,EXT_LINK_DIFF,,,,
/2014/talk/show/bb82c8fc-12a3-11e5-962e-d9f87d574c3a,old-link,500,500,,404,404,,BOTH_NOT_OK_DIFF,,,,
/2014/talk/show/bc6052f4-0c8b-11e4-aec0-ad686aeab6a4,hint+repo+wayback-cdx,200,200,,200,200,,EXT_LINK_DIFF,20140721,20250321,12,
/2014/talk/show/bc6052f4-0c8b-11e4-aec0-ad686aeab6a4.html,hint+repo+wayback-cdx,200,200,,200,200,,EXT_LINK_DIFF,20231203,20250524,3,
/2014/talk/show/bd04b86c-f9de-11e4-b996-8ab37d574c3a,old-link,500,500,,404,404,,BOTH_NOT_OK_DIFF,,,,
/2014/talk/show/c06cb1ae-ec5f-11e3-bd6d-c7a06aeab6a4,hint+repo+wayback-cdx,200,200,,200,200,,CONTENT_DIFF,20140608,20260901,19,
/2014/talk/show/c06cb1ae-ec5f-11e3-bd6d-c7a06aeab6a4.html,hint+repo+wayback-cdx,200,200,,200,200,,CONTENT_DIFF,20231203,20251119,2,
/2014/talk/show/c191c08a-0a98-11e5-be34-67dc7d574c3a,old-link,500,500,,404,404,,BOTH_NOT_OK_DIFF,,,,
/2014/talk/show/c2c7b8a4-faaa-11e4-a8be-8ab37d574c3a,old-link,500,500,,404,404,,BOTH_NOT_OK_DIFF,,,,
/2014/talk/show/c548d686-02bb-11e4-9357-07b16aeab6a4,hint+repo+wayback-cdx,200,200,,200,200,,EXT_LINK_DIFF,20140707,20221226,2,
/2014/talk/show/c548d686-02bb-11e4-9357-07b16aeab6a4.html,hint+repo,200,200,,200,200,,EXT_LINK_DIFF,,,,
/2014/talk/show/c577489a-0126-11e4-b7e8-e4a96aeab6a4,hint+repo+wayback-cdx,200,200,,200,200,,EXT_LINK_DIFF,20140713,20140713,1,
/2014/talk/show/c577489a-0126-11e4-b7e8-e4a96aeab6a4.html,hint+repo,200,200,,200,200,,EXT_LINK_DIFF,,,,
/2014/talk/show/c5ea5428-fac9-11e4-88c1-8ab37d574c3a,old-link,500,500,,404,404,,BOTH_NOT_OK_DIFF,,,,
/2014/talk/show/c61a32a4-f797-11e4-bcef-8ab37d574c3a,old-link,500,500,,404,404,,BOTH_NOT_OK_DIFF,,,,
/2014/talk/show/cc0ec485-1879-11e5-aca1-525412004261,old-link,500,500,,404,404,,BOTH_NOT_OK_DIFF,,,,
/2014/talk/show/cc57f3ca-01b8-11e4-b7e8-e4a96aeab6a4,hint+repo+wayback-cdx,200,200,,200,200,,CONTENT_DIFF,20140721,20241109,17,
/2014/talk/show/cc57f3ca-01b8-11e4-b7e8-e4a96aeab6a4.html,hint+repo+wayback-cdx,200,200,,200,200,,CONTENT_DIFF,20231203,20231203,1,
/2014/talk/show/ce6e777e-fb91-11e3-b7e8-e4a96aeab6a4,hint+repo+wayback-cdx,200,200,,200,200,,CONTENT_DIFF,20140721,20221205,8,
/2014/talk/show/ce6e777e-fb91-11e3-b7e8-e4a96aeab6a4.html,hint+repo+wayback-cdx,200,200,,200,200,,CONTENT_DIFF,20231203,20231203,1,
/2014/talk/show/ce831248-ebb4-11e3-bd6d-c7a06aeab6a4,hint+repo+wayback-cdx,200,200,,200,200,,CONTENT_DIFF,20140606,20251126,12,
/2014/talk/show/ce831248-ebb4-11e3-bd6d-c7a06aeab6a4.html,hint+repo+wayback-cdx,200,200,,200,200,,CONTENT_DIFF,20231203,20231203,1,
/2014/talk/show/ce831248-ebb4-11e3-bd6d-c7a06aeab6a4?utm_source=dlvr.it&utm_medium=twitter,wayback-cdx,200,200,,200,200,,CONTENT_DIFF,20251126,20251126,1,
/2014/talk/show/cf39f7fc-ff44-11e4-9264-66c47d574c3a,old-link,500,500,,404,404,,BOTH_NOT_OK_DIFF,,,,
/2014/talk/show/cff11802-0255-11e4-9357-07b16aeab6a4,hint+repo,200,200,,200,200,,EXT_LINK_DIFF,,,,
/2014/talk/show/cff11802-0255-11e4-9357-07b16aeab6a4.html,hint+repo,200,200,,200,200,,EXT_LINK_DIFF,,,,
/2014/talk/show/d101cd06-ebb5-11e3-bd6d-c7a06aeab6a4,hint+repo+wayback-cdx,200,200,,200,200,,EXT_LINK_DIFF,20140608,20221205,2,
/2014/talk/show/d101cd06-ebb5-11e3-bd6d-c7a06aeab6a4.html,hint+repo,200,200,,200,200,,EXT_LINK_DIFF,,,,
/2014/talk/show/d1eb4942-fdb5-11e3-b7e8-e4a96aeab6a4,hint+repo+wayback-cdx,200,200,,200,200,,CONTENT_DIFF,20140711,20250116,15,
/2014/talk/show/d1eb4942-fdb5-11e3-b7e8-e4a96aeab6a4.html,hint+repo+wayback-cdx,200,200,,200,200,,CONTENT_DIFF,20231203,20231203,1,
/2014/talk/show/d1f29686-edeb-11e3-b7e8-e4a96aeab6a4,hint+repo+wayback-cdx,200,200,,200,200,,CONTENT_DIFF,20140609,20260308,16,
/2014/talk/show/d1f29686-edeb-11e3-b7e8-e4a96aeab6a4.html,hint+repo+wayback-cdx,200,200,,200,200,,CONTENT_DIFF,20231203,20250524,2,
/2014/talk/show/d1f29686-edeb-11e3-b7e8-e4a96aeab6a4?utm_source=dlvr.it&utm_medium=twitter,wayback-cdx,200,200,,200,200,,CONTENT_DIFF,20251126,20251126,1,
/2014/talk/show/d2a12c1c-01fc-11e4-9357-07b16aeab6a4,hint+repo+wayback-cdx,200,200,,200,200,,EXT_LINK_DIFF,20220705,20250916,5,
/2014/talk/show/d2a12c1c-01fc-11e4-9357-07b16aeab6a4.html,hint+repo,200,200,,200,200,,EXT_LINK_DIFF,,,,
/2014/talk/show/d42c9d9e-ec91-11e3-b82e-98666aeab6a4,hint+repo+wayback-cdx,200,200,,200,200,,EXT_LINK_DIFF,20140608,20251126,9,
/2014/talk/show/d42c9d9e-ec91-11e3-b82e-98666aeab6a4.html,hint+repo,200,200,,200,200,,EXT_LINK_DIFF,,,,
/2014/talk/show/d5049940-ebb2-11e3-bd6d-c7a06aeab6a4,hint+repo+wayback-cdx,200,200,,200,200,,CONTENT_DIFF,20140608,20251204,14,
/2014/talk/show/d5049940-ebb2-11e3-bd6d-c7a06aeab6a4.html,hint+repo+wayback-cdx,200,200,,200,200,,CONTENT_DIFF,20231201,20231201,1,
/2014/talk/show/d557ddbe-fde4-11e3-b7e8-e4a96aeab6a4,hint+repo+wayback-cdx,200,200,,200,200,,CONTENT_DIFF,20140630,20250916,11,
/2014/talk/show/d557ddbe-fde4-11e3-b7e8-e4a96aeab6a4.html,hint+repo+wayback-cdx,200,200,,200,200,,CONTENT_DIFF,20231203,20231203,1,
/2014/talk/show/d557ddbe-fde4-11e3-b7e8-e4a96aeab6a4?utm_source=dlvr.it&utm_medium=twitter,wayback-cdx,200,200,,200,200,,CONTENT_DIFF,20251114,20251114,1,
/2014/talk/show/db4e9d60-f183-11e3-b7e8-e4a96aeab6a4,hint+repo+wayback-cdx,200,200,,200,200,,EXT_LINK_DIFF,20160404,20170811,2,
/2014/talk/show/db4e9d60-f183-11e3-b7e8-e4a96aeab6a4.html,hint+repo,200,200,,200,200,,EXT_LINK_DIFF,,,,
/2014/talk/show/db5917a4-4628-11e5-876c-6ad97d574c3a,old-link,500,500,,404,404,,BOTH_NOT_OK_DIFF,,,,
/2014/talk/show/dd8ce20e-fad2-11e4-b6e7-8ab37d574c3a,old-link,500,500,,404,404,,BOTH_NOT_OK_DIFF,,,,
/2014/talk/show/de9e7a1e-136d-11e5-a9fc-d9f87d574c3a,old-link,500,500,,404,404,,BOTH_NOT_OK_DIFF,,,,
/2014/talk/show/dead6890-09b7-11e5-998a-67dc7d574c3a,old-link,500,500,,404,404,,BOTH_NOT_OK_DIFF,,,,
/2014/talk/show/df196eac-fb65-11e3-b7e8-e4a96aeab6a4,hint+repo+wayback-cdx,200,200,,200,200,,CONTENT_DIFF,20140627,20250424,15,
/2014/talk/show/df196eac-fb65-11e3-b7e8-e4a96aeab6a4.html,hint+repo+wayback-cdx,200,200,,200,200,,CONTENT_DIFF,20231203,20250524,3,
/2014/talk/show/df7380e4-00ed-11e4-b7e8-e4a96aeab6a4,hint+repo+wayback-cdx,200,200,,200,200,,EXT_LINK_DIFF,20140714,20251125,6,
/2014/talk/show/df7380e4-00ed-11e4-b7e8-e4a96aeab6a4.html,hint+repo+wayback-cdx,200,200,,200,200,,EXT_LINK_DIFF,20260613,20260613,1,
/2014/talk/show/df7380e4-00ed-11e4-b7e8-e4a96aeab6a4?utm_source=dlvr.it&utm_medium=twitter,wayback-cdx,200,200,,200,200,,CONTENT_DIFF,20251125,20251125,1,
/2014/talk/show/e10a7e62-01ba-11e4-b7e8-e4a96aeab6a4,hint+repo+wayback-cdx,200,200,,200,200,,CONTENT_DIFF,20140721,20240523,8,
/2014/talk/show/e10a7e62-01ba-11e4-b7e8-e4a96aeab6a4.html,hint+repo+wayback-cdx,200,200,,200,200,,CONTENT_DIFF,20231203,20231203,1,
/2014/talk/show/e10a7e62-01ba-11e4-b7e8-e4a96aeab6a4?utm_source=dlvr.it&utm_medium=twitter,wayback-cdx,200,200,,200,200,,CONTENT_DIFF,20251125,20251125,1,
/2014/talk/show/e14c5ae0-12f7-11e5-a909-d9f87d574c3a,old-link,500,500,,404,404,,BOTH_NOT_OK_DIFF,,,,
/2014/talk/show/e19fe827-13c1-11e5-aca1-525412004261,old-link,500,500,,404,404,,BOTH_NOT_OK_DIFF,,,,
/2014/talk/show/e32902e0-44f3-11e5-8ddd-6ad97d574c3a,old-link,500,500,,404,404,,BOTH_NOT_OK_DIFF,,,,
/2014/talk/show/e34fca9d-2ad1-11e5-aca1-525412004261,old-link,500,500,,404,404,,BOTH_NOT_OK_DIFF,,,,
/2014/talk/show/e35ec49a-ebba-11e3-bd6d-c7a06aeab6a4,hint+repo+wayback-cdx,200,200,,200,200,,CONTENT_DIFF,20140608,20251119,9,
/2014/talk/show/e35ec49a-ebba-11e3-bd6d-c7a06aeab6a4.html,hint+repo+wayback-cdx,200,200,,200,200,,CONTENT_DIFF,20231203,20231203,1,
/2014/talk/show/e411d27e-02bc-11e4-9357-07b16aeab6a4,hint+repo,200,200,,200,200,,EXT_LINK_DIFF,,,,
/2014/talk/show/e411d27e-02bc-11e4-9357-07b16aeab6a4.html,hint+repo,200,200,,200,200,,EXT_LINK_DIFF,,,,
/2014/talk/show/e43c8fa2-034b-11e4-9357-07b16aeab6a4,hint+repo+wayback-cdx,200,200,,200,200,,CONTENT_DIFF,20140721,20260508,13,
/2014/talk/show/e43c8fa2-034b-11e4-9357-07b16aeab6a4.html,hint+repo+wayback-cdx,200,200,,200,200,,CONTENT_DIFF,20231201,20231201,1,
/2014/talk/show/e466d60a-11db-11e5-b07b-d7f07d574c3a,old-link,500,500,,404,404,,BOTH_NOT_OK_DIFF,,,,
/2014/talk/show/e46f9d1b-2ad1-11e5-aca1-525412004261,old-link,500,500,,404,404,,BOTH_NOT_OK_DIFF,,,,
/2014/talk/show/e495bc1a-f30d-11e3-b7e8-e4a96aeab6a4,hint+repo+wayback-cdx,200,200,,200,200,,CONTENT_DIFF,20140715,20250916,12,
/2014/talk/show/e495bc1a-f30d-11e3-b7e8-e4a96aeab6a4.html,hint+repo+wayback-cdx,200,200,,200,200,,CONTENT_DIFF,20231203,20240620,2,
/2014/talk/show/e5b2c5f2-0348-11e4-9357-07b16aeab6a4,hint+repo+wayback-cdx,200,200,,200,200,,EXT_LINK_DIFF,20150507,20251129,5,
/2014/talk/show/e5b2c5f2-0348-11e4-9357-07b16aeab6a4.html,hint+repo,200,200,,200,200,,EXT_LINK_DIFF,,,,
/2014/talk/show/e5b2c5f2-0348-11e4-9357-07b16aeab6a4?utm_source=dlvr.it&utm_medium=twitter,wayback-cdx,200,200,,200,200,,EXT_LINK_DIFF,20251126,20251126,1,
/2014/talk/show/e8eebd70-f906-11e4-8f91-8ab37d574c3a,old-link,500,500,,404,404,,BOTH_NOT_OK_DIFF,,,,
/2014/talk/show/edd87744-ecab-11e3-b82e-98666aeab6a4,hint+repo+wayback-cdx,200,200,,200,200,,EXT_LINK_DIFF,20140608,20221205,2,
/2014/talk/show/edd87744-ecab-11e3-b82e-98666aeab6a4.html,hint+repo,200,200,,200,200,,EXT_LINK_DIFF,,,,
/2014/talk/show/f028bcea-0b53-11e4-aec0-ad686aeab6a4,hint+repo+wayback-cdx,200,200,,200,200,,CONTENT_DIFF,20140721,20260508,13,
/2014/talk/show/f028bcea-0b53-11e4-aec0-ad686aeab6a4.html,hint+repo+wayback-cdx,200,200,,200,200,,CONTENT_DIFF,20231201,20260613,2,
/2014/talk/show/f2816038-10ec-11e5-89bf-d7f07d574c3a,old-link,500,500,,404,404,,BOTH_NOT_OK_DIFF,,,,
/2014/talk/show/f283a924-fddc-11e4-90cd-bdc07d574c3a,old-link,500,500,,404,404,,BOTH_NOT_OK_DIFF,,,,
/2014/talk/show/f5aa5054-12fd-11e5-b4c9-d9f87d574c3a,old-link,500,500,,404,404,,BOTH_NOT_OK_DIFF,,,,
/2014/talk/show/f7325dc8-02bd-11e4-9357-07b16aeab6a4,hint+repo,200,200,,200,200,,EXT_LINK_DIFF,,,,
/2014/talk/show/f7325dc8-02bd-11e4-9357-07b16aeab6a4.html,hint+repo,200,200,,200,200,,EXT_LINK_DIFF,,,,
/2014/talk/show/f8ecc350-0309-11e4-9357-07b16aeab6a4,hint+repo,200,200,,200,200,,EXT_LINK_DIFF,,,,
/2014/talk/show/f8ecc350-0309-11e4-9357-07b16aeab6a4.html,hint+repo,200,200,,200,200,,EXT_LINK_DIFF,,,,
/2014/talk/show/fb55d99c-fde1-11e3-b7e8-e4a96aeab6a4,hint+repo+wayback-cdx,200,200,,200,200,,EXT_LINK_DIFF,20140707,20250916,10,
/2014/talk/show/fb55d99c-fde1-11e3-b7e8-e4a96aeab6a4.html,hint+repo+wayback-cdx,200,200,,200,200,,EXT_LINK_DIFF,20231203,20231203,1,
/2014/ticket/,wayback-cdx,200,200,,404,404,,LOST,20140531,20200805,5,
/2014/vote,hint,302,200,/2014/vote/form,301,200,/2014/vote/,SAME_EXCEPT_SELFHOST_URL_FORM,,,,
/2014/vote/,hint+repo,302,200,/2014/vote/form,200,200,,SAME_EXCEPT_SELFHOST_URL_FORM,,,,
/2014/vote/ballot,hint+repo,302,200,/2014/vote/form,200,200,,SAME_EXCEPT_SELFHOST_URL_FORM,,,,
/2014/vote/ballot.html,hint+repo+wayback-cdx,302,200,/2014/vote/form,200,200,,SAME_EXCEPT_SELFHOST_URL_FORM,20231203,20231203,1,
/2014/vote/form,hint+repo+wayback-cdx,200,200,,200,200,,SAME_EXCEPT_SELFHOST_URL_FORM,20150601,20221226,2,
/2014/vote/form.html,hint+repo,200,200,,200,200,,SAME_EXCEPT_SELFHOST_URL_FORM,,,,
/2014/vote/index,repo,404,404,,200,200,,OLD_NOT_OK_NEW_OK,,,,
/2014/vote/index.html,hint+repo,404,404,,200,200,,OLD_NOT_OK_NEW_OK,,,,
/2015,hint+root,301,200,/2015/,301,200,/2015/,SAME_BENIGN,,,,
/2015/,hint+repo+root+wayback-cdx,200,200,,200,200,,SAME_BENIGN,20150213,20260829,127,
/2015//atom.xml,old-link,200,200,,200,200,,IDENTICAL,,,,
/2015/123035866_s.jpg,hint+repo,200,200,,200,200,,IDENTICAL,,,,
/2015/2015/02,hint,301,200,/2015/2015/02/,301,200,/2015/2015/02/,SAME_BENIGN,,,,
/2015/2015/02/,hint+repo+wayback-cdx,200,200,,200,200,,SAME_BENIGN,20150502,20250424,10,
/2015/2015/02/index,repo,404,404,,200,200,,OLD_NOT_OK_NEW_OK,,,,
/2015/2015/02/index.html,hint+repo,200,200,,200,200,,SAME_BENIGN,,,,
/2015/2015/03,hint,301,200,/2015/2015/03/,301,200,/2015/2015/03/,SAME_BENIGN,,,,
/2015/2015/03/,hint+repo+wayback-cdx,200,200,,200,200,,SAME_BENIGN,20150502,20250424,10,
/2015/2015/03/index,repo,404,404,,200,200,,OLD_NOT_OK_NEW_OK,,,,
/2015/2015/03/index.html,hint+repo,200,200,,200,200,,SAME_BENIGN,,,,
/2015/2015/04,hint,301,200,/2015/2015/04/,301,200,/2015/2015/04/,SAME_BENIGN,,,,
/2015/2015/04/,hint+repo+wayback-cdx,200,200,,200,200,,SAME_BENIGN,20150502,20251117,11,
/2015/2015/04/index,repo,404,404,,200,200,,OLD_NOT_OK_NEW_OK,,,,
/2015/2015/04/index.html,hint+repo,200,200,,200,200,,SAME_BENIGN,,,,
/2015/2015/05,hint,301,200,/2015/2015/05/,301,200,/2015/2015/05/,SAME_BENIGN,,,,
/2015/2015/05/,hint+repo+wayback-cdx,200,200,,200,200,,SAME_BENIGN,20150520,20251116,10,
/2015/2015/05/index,repo,404,404,,200,200,,OLD_NOT_OK_NEW_OK,,,,
/2015/2015/05/index.html,hint+repo,200,200,,200,200,,SAME_BENIGN,,,,
/2015/2015/06,hint,301,200,/2015/2015/06/,301,200,/2015/2015/06/,LINK_TARGET_DIFF,,,,
/2015/2015/06/,hint+repo+wayback-cdx,200,200,,200,200,,LINK_TARGET_DIFF,20150626,20250424,9,
/2015/2015/06/index,repo,404,404,,200,200,,OLD_NOT_OK_NEW_OK,,,,
/2015/2015/06/index.html,hint+repo,200,200,,200,200,,LINK_TARGET_DIFF,,,,
/2015/2015/07,hint,301,200,/2015/2015/07/,301,200,/2015/2015/07/,SAME_BENIGN,,,,
/2015/2015/07/,hint+repo+wayback-cdx,200,200,,200,200,,SAME_BENIGN,20150717,20250424,8,
/2015/2015/07/index,repo,404,404,,200,200,,OLD_NOT_OK_NEW_OK,,,,
/2015/2015/07/index.html,hint+repo,200,200,,200,200,,SAME_BENIGN,,,,
/2015/2015/08,hint,301,200,/2015/2015/08/,301,200,/2015/2015/08/,LINK_TARGET_DIFF,,,,
/2015/2015/08/,hint+repo+wayback-cdx,200,200,,200,200,,LINK_TARGET_DIFF,20150810,20250424,9,
/2015/2015/08/index,repo,404,404,,200,200,,OLD_NOT_OK_NEW_OK,,,,
/2015/2015/08/index.html,hint+repo,200,200,,200,200,,LINK_TARGET_DIFF,,,,
/2015/865_large.jpg,hint+repo,200,200,,200,200,,IDENTICAL,,,,
/2015/SUR_3_Hero_2_RD_Pen.png,hint+repo,200,200,,200,200,,IDENTICAL,,,,
/2015/XboxOne_ConsoleSensorContr_RHS34_TransBG_Blk_2015_RGB.png,hint+repo,200,200,,200,200,,IDENTICAL,,,,
/2015/YAPC2015_venue_network-ver0.4.png,hint+repo,200,200,,200,200,,IDENTICAL,,,,
/2015/YAPC_ASIA2015_schedule_map_thumb.png,hint+repo,200,200,,200,200,,IDENTICAL,,,,
/2015/_MG_6980_original.jpg,hint+repo,200,200,,200,200,,IDENTICAL,,,,
/2015/_MG_9117_original.jpg,hint+repo,200,200,,200,200,,IDENTICAL,,,,
/2015/about,hint,301,200,/2015/about/,301,200,/2015/about/,SAME_BENIGN,,,,
/2015/about/,hint+repo+wayback-cdx,200,200,,200,200,,SAME_BENIGN,20150213,20260107,53,
/2015/about/index,repo,404,404,,200,200,,OLD_NOT_OK_NEW_OK,,,,
/2015/about/index.html,hint+repo,200,200,,200,200,,SAME_BENIGN,,,,
/2015/assets/css/common.css,hint+repo,200,200,,200,200,,SAME_CSS_NORMALIZED,,,,
/2015/assets/css/fonts.css,hint+repo,200,200,,200,200,,SAME_CSS_NORMALIZED,,,,
/2015/assets/css/foundation.css,hint+repo,200,200,,200,200,,CSS_DIFF,,,,
/2015/assets/css/html.css,hint+repo,200,200,,200,200,,CSS_DIFF,,,,
/2015/assets/css/style.css,hint+repo,200,200,,200,200,,SAME_CSS_NORMALIZED,,,,
/2015/assets/fonts/Aachen-Bold.eot,hint+repo,200,200,,200,200,,IDENTICAL,,,,
/2015/assets/fonts/Aachen-Bold.svg,hint+repo,200,200,,200,200,,IDENTICAL,,,,
/2015/assets/fonts/Aachen-Bold.ttf,hint+repo,200,200,,200,200,,IDENTICAL,,,,
/2015/assets/fonts/Aachen-Bold.woff,hint+repo,200,200,,200,200,,IDENTICAL,,,,
/2015/assets/fonts/icomoon.eot,hint+repo,200,200,,200,200,,IDENTICAL,,,,
/2015/assets/fonts/icomoon.svg,hint+repo,200,200,,200,200,,IDENTICAL,,,,
/2015/assets/fonts/icomoon.ttf,hint+repo,200,200,,200,200,,IDENTICAL,,,,
/2015/assets/fonts/icomoon.woff,hint+repo,200,200,,200,200,,IDENTICAL,,,,
/2015/assets/fonts/mplus-1p-black.eot,hint+repo,200,200,,200,200,,IDENTICAL,,,,
/2015/assets/fonts/mplus-1p-black.svg,hint+repo,200,200,,200,200,,IDENTICAL,,,,
/2015/assets/fonts/mplus-1p-black.ttf,hint+repo,200,200,,200,200,,IDENTICAL,,,,
/2015/assets/fonts/mplus-1p-black.woff,hint+repo,200,200,,200,200,,IDENTICAL,,,,
/2015/assets/iamges/2015ogp.png,hint+repo,200,200,,200,200,,IDENTICAL,,,,
/2015/assets/images/0044_xlarge.jpg,hint+repo,200,200,,200,200,,IDENTICAL,,,,
/2015/assets/images/2014sponsors.png,hint+repo,200,200,,200,200,,IDENTICAL,,,,
/2015/assets/images/bhuga.jpg,hint+repo,200,200,,200,200,,IDENTICAL,,,,
/2015/assets/images/bradfitz.jpg,hint+repo,200,200,,200,200,,IDENTICAL,,,,
/2015/assets/images/btn_30days.png,hint+repo,200,200,,200,200,,IDENTICAL,,,,
/2015/assets/images/btn_facebook.png,hint+repo,200,200,,200,200,,IDENTICAL,,,,
/2015/assets/images/btn_twitter.png,hint+repo,200,200,,200,200,,IDENTICAL,,,,
/2015/assets/images/btn_youtube.png,hint+repo,200,200,,200,200,,IDENTICAL,,,,
/2015/assets/images/caseywest.jpg,hint+repo,200,200,,200,200,,IDENTICAL,,,,
/2015/assets/images/dot.png,old-link,404,404,,404,404,,BOTH_NOT_OK_SAME,,,,
/2015/assets/images/face_Larry_Wall.jpg,hint+repo,200,200,,200,200,,IDENTICAL,,,,
/2015/assets/images/favicon.ico,hint+repo,200,200,,200,200,,IDENTICAL,,,,
/2015/assets/images/footer_logo.png,hint+repo,200,200,,200,200,,IDENTICAL,,,,
/2015/assets/images/guest-speakers.png,hint+repo,200,200,,200,200,,IDENTICAL,,,,
/2015/assets/images/header_base.png,hint+repo,200,200,,200,200,,IDENTICAL,,,,
/2015/assets/images/header_flame.png,hint+repo,200,200,,200,200,,IDENTICAL,,,,
/2015/assets/images/header_logo.png,hint+repo,200,200,,200,200,,IDENTICAL,,,,
/2015/assets/images/jnthn.jpg,hint+repo,200,200,,200,200,,IDENTICAL,,,,
/2015/assets/images/kelsey-hightower.jpg,hint+repo,200,200,,200,200,,IDENTICAL,,,,
/2015/assets/images/matz.jpg,hint+repo,200,200,,200,200,,IDENTICAL,,,,
/2015/assets/images/rjbs-pumpkin.jpg,hint+repo,200,200,,200,200,,IDENTICAL,,,,
/2015/assets/images/section_end.png,hint+repo,200,200,,200,200,,IDENTICAL,,,,
/2015/assets/images/section_title_icon.png,hint+repo,200,200,,200,200,,IDENTICAL,,,,
/2015/assets/images/sponsors/adways.jpg,hint+repo,200,200,,200,200,,IDENTICAL,,,,
/2015/assets/images/sponsors/akatsuki.jpg,hint+repo,200,200,,200,200,,IDENTICAL,,,,
/2015/assets/images/sponsors/allied_architects.jpg,hint+repo,200,200,,200,200,,IDENTICAL,,,,
/2015/assets/images/sponsors/at-type.jpg,hint+repo,200,200,,200,200,,IDENTICAL,,,,
/2015/assets/images/sponsors/career_hack.jpg,hint+repo,200,200,,200,200,,IDENTICAL,,,,
/2015/assets/images/sponsors/catchball21.jpg,hint+repo,200,200,,200,200,,IDENTICAL,,,,
/2015/assets/images/sponsors/clubt.jpg,hint+repo,200,200,,200,200,,IDENTICAL,,,,
/2015/assets/images/sponsors/conbu.jpg,hint+repo,200,200,,200,200,,IDENTICAL,,,,
/2015/assets/images/sponsors/dena.jpg,hint+repo,200,200,,200,200,,IDENTICAL,,,,
/2015/assets/images/sponsors/digitalcom.jpg,hint+repo,200,200,,200,200,,IDENTICAL,,,,
/2015/assets/images/sponsors/diverse.jpg,hint+repo,200,200,,200,200,,IDENTICAL,,,,
/2015/assets/images/sponsors/dmm_labo.jpg,hint+repo,200,200,,200,200,,IDENTICAL,,,,
/2015/assets/images/sponsors/en_japan.jpg,hint+repo,200,200,,200,200,,IDENTICAL,,,,
/2015/assets/images/sponsors/engineer-type.jpg,hint+repo,200,200,,200,200,,IDENTICAL,,,,
/2015/assets/images/sponsors/epoch.jpg,hint+repo,200,200,,200,200,,IDENTICAL,,,,
/2015/assets/images/sponsors/fablic.jpg,hint+repo,200,200,,200,200,,IDENTICAL,,,,
/2015/assets/images/sponsors/farmnote.jpg,hint+repo,200,200,,200,200,,IDENTICAL,,,,
/2015/assets/images/sponsors/fiilse.jpg,hint+repo,200,200,,200,200,,IDENTICAL,,,,
/2015/assets/images/sponsors/freakout.jpg,hint+repo,200,200,,200,200,,IDENTICAL,,,,
/2015/assets/images/sponsors/fusic.jpg,hint+repo,200,200,,200,200,,IDENTICAL,,,,
/2015/assets/images/sponsors/gaiax.jpg,hint+repo,200,200,,200,200,,IDENTICAL,,,,
/2015/assets/images/sponsors/gihyo.jpg,hint+repo,200,200,,200,200,,IDENTICAL,,,,
/2015/assets/images/sponsors/github.jpg,hint+repo,200,200,,200,200,,IDENTICAL,,,,
/2015/assets/images/sponsors/gmo-pepabo.jpg,hint+repo,200,200,,200,200,,IDENTICAL,,,,
/2015/assets/images/sponsors/google.jpg,hint+repo,200,200,,200,200,,IDENTICAL,,,,
/2015/assets/images/sponsors/gree.jpg,hint+repo,200,200,,200,200,,IDENTICAL,,,,
/2015/assets/images/sponsors/gunosy.jpg,hint+repo,200,200,,200,200,,IDENTICAL,,,,
/2015/assets/images/sponsors/hatena.jpg,hint+repo,200,200,,200,200,,IDENTICAL,,,,
/2015/assets/images/sponsors/hde.jpg,hint+repo,200,200,,200,200,,IDENTICAL,,,,
/2015/assets/images/sponsors/jig-saw.jpg,hint+repo,200,200,,200,200,,IDENTICAL,,,,
/2015/assets/images/sponsors/jpa.jpg,hint+repo,200,200,,200,200,,IDENTICAL,,,,
/2015/assets/images/sponsors/juniper_networks.jpg,hint+repo,200,200,,200,200,,IDENTICAL,,,,
/2015/assets/images/sponsors/kaizen_platform.jpg,hint+repo,200,200,,200,200,,IDENTICAL,,,,
/2015/assets/images/sponsors/kayac.jpg,hint+repo,200,200,,200,200,,IDENTICAL,,,,
/2015/assets/images/sponsors/kmc.jpg,hint+repo,200,200,,200,200,,IDENTICAL,,,,
/2015/assets/images/sponsors/kyt.jpg,hint+repo,200,200,,200,200,,IDENTICAL,,,,
/2015/assets/images/sponsors/levtech.jpg,hint+repo,200,200,,200,200,,IDENTICAL,,,,
/2015/assets/images/sponsors/line.jpg,hint+repo,200,200,,200,200,,IDENTICAL,,,,
/2015/assets/images/sponsors/livesense.jpg,hint+repo,200,200,,200,200,,IDENTICAL,,,,
/2015/assets/images/sponsors/mercari.jpg,hint+repo,200,200,,200,200,,IDENTICAL,,,,
/2015/assets/images/sponsors/microsoft.jpg,hint+repo,200,200,,200,200,,IDENTICAL,,,,
/2015/assets/images/sponsors/mixi.jpg,hint+repo,200,200,,200,200,,IDENTICAL,,,,
/2015/assets/images/sponsors/mobile_factory.jpg,hint+repo,200,200,,200,200,,IDENTICAL,,,,
/2015/assets/images/sponsors/neko_toast_lab.jpg,hint+repo,200,200,,200,200,,IDENTICAL,,,,
/2015/assets/images/sponsors/omoroki.jpg,hint+repo,200,200,,200,200,,IDENTICAL,,,,
/2015/assets/images/sponsors/peatix.jpg,hint+repo,200,200,,200,200,,IDENTICAL,,,,
/2015/assets/images/sponsors/pixiv.jpg,hint+repo,200,200,,200,200,,IDENTICAL,,,,
/2015/assets/images/sponsors/qiita.jpg,hint+repo,200,200,,200,200,,IDENTICAL,,,,
/2015/assets/images/sponsors/s2_factory.jpg,hint+repo,200,200,,200,200,,IDENTICAL,,,,
/2015/assets/images/sponsors/seesaa.jpg,hint+repo,200,200,,200,200,,IDENTICAL,,,,
/2015/assets/images/sponsors/shanon.jpg,hint+repo,200,200,,200,200,,IDENTICAL,,,,
/2015/assets/images/sponsors/sixapart.jpg,hint+repo,200,200,,200,200,,IDENTICAL,,,,
/2015/assets/images/sponsors/skyarc.jpg,hint+repo,200,200,,200,200,,IDENTICAL,,,,
/2015/assets/images/sponsors/speee.jpg,hint+repo,200,200,,200,200,,IDENTICAL,,,,
/2015/assets/images/sponsors/ssri.jpg,hint+repo,200,200,,200,200,,IDENTICAL,,,,
/2015/assets/images/sponsors/teratail.jpg,hint+repo,200,200,,200,200,,IDENTICAL,,,,
/2015/assets/images/sponsors/togetter.jpg,hint+repo,200,200,,200,200,,IDENTICAL,,,,
/2015/assets/images/sponsors/voyage_group.jpg,hint+repo,200,200,,200,200,,IDENTICAL,,,,
/2015/assets/images/sponsors/wadit.jpg,hint+repo,200,200,,200,200,,IDENTICAL,,,,
/2015/assets/images/sponsors/wano.jpg,hint+repo,200,200,,200,200,,IDENTICAL,,,,
/2015/assets/images/sponsors/wondershake.jpg,hint+repo,200,200,,200,200,,IDENTICAL,,,,
/2015/assets/images/sponsors/yoyo.jpg,hint+repo,200,200,,200,200,,IDENTICAL,,,,
/2015/assets/images/tumbler.jpg,hint+repo,200,200,,200,200,,IDENTICAL,,,,
/2015/assets/images/tumbler2.jpg,hint+repo,200,200,,200,200,,IDENTICAL,,,,
/2015/assets/images/yapcasia-2014-speakers.png,hint+repo,200,200,,200,200,,IDENTICAL,,,,
/2015/assets/js/app/subscription.js,hint+repo,200,200,,200,200,,SAME_JS_NORMALIZED,,,,
/2015/assets/js/functions.js,hint+repo,200,200,,200,200,,SAME_JS_NORMALIZED,,,,
/2015/assets/js/jquery.cookie.js,hint+repo,200,200,,200,200,,TEXT_DIFF,,,,
/2015/assets/js/jquery.easing.1.3.js,hint+repo,200,200,,200,200,,SAME_JS_NORMALIZED,,,,
/2015/assets/js/redirecter.js,hint+repo,404,404,,200,200,,OLD_NOT_OK_NEW_OK,,,,
/2015/assets/js/vue.min.js,hint+repo,200,200,,200,200,,IDENTICAL,,,,
/2015/assets_c/2015/04/123035866_s-thumb-600xauto-383.jpg,hint+repo,200,200,,200,200,,IDENTICAL,,,,
/2015/assets_c/2015/04/inf_coffee2-thumb-600xauto-370.jpg,hint+repo,200,200,,200,200,,IDENTICAL,,,,
/2015/assets_c/2015/04/stuff_2014-thumb-600xauto-380.png,hint+repo,200,200,,200,200,,IDENTICAL,,,,
/2015/assets_c/2015/05/0044_xlarge-thumb-600xauto-411.jpg,hint+repo,200,200,,200,200,,IDENTICAL,,,,
/2015/assets_c/2015/05/attendee_dinner.jpg,hint+repo,200,200,,200,200,,IDENTICAL,,,,
/2015/assets_c/2015/05/tumbler-423,repo,404,404,,200,200,,OLD_NOT_OK_NEW_OK,,,,
/2015/assets_c/2015/05/tumbler-423.html,hint+repo+wayback-cdx,200,200,,200,200,,SAME_EXCEPT_SELFHOST_URL_FORM,20160901,20160901,1,
/2015/assets_c/2015/05/tumbler-thumb-600xauto-423.jpg,hint+repo,200,200,,200,200,,IDENTICAL,,,,
/2015/assets_c/2015/05/tumbler2-thumb-autox673-426.jpg,hint+repo,200,200,,200,200,,IDENTICAL,,,,
/2015/assets_c/2015/05/yapcasia-2014-speakers-thumb-600xauto-409.png,hint+repo,200,200,,200,200,,IDENTICAL,,,,
/2015/assets_c/2015/06/SUR_3_Hero_2_RD_Pen-thumb-200xauto-437.png,hint+repo,200,200,,200,200,,IDENTICAL,,,,
/2015/assets_c/2015/06/XboxOne_ConsoleSensorContr_RHS34_TransBG_Blk_2015_RGB-thumb-200xauto-439.png,hint+repo,200,200,,200,200,,IDENTICAL,,,,
/2015/assets_c/2015/06/_MG_6588_original-thumb-autox899-441-thumb-600x899-442.jpg,hint+repo,200,200,,200,200,,IDENTICAL,,,,
/2015/assets_c/2015/06/_MG_7094_original-thumb-autox900-443.jpg,hint+repo,200,200,,200,200,,IDENTICAL,,,,
/2015/assets_c/2015/06/_MG_9117_original-thumb-600xauto-445.jpg,hint+repo,200,200,,200,200,,IDENTICAL,,,,
/2015/assets_c/2015/07/%E3%82%B9%E3%82%AF%E3%83%AA%E3%83%BC%E3%83%B3%E3%82%B7%E3%83%A7%E3%83%83%E3%83%88%202015-07-31%2017.24.04.png,hint+repo,200,200,,200,200,,IDENTICAL,,,,
/2015/assets_c/2015/07/MVI_0137.MP4-00.00.01.134-thumb-600xauto-469.jpg,hint+repo,200,200,,200,200,,IDENTICAL,,,,
/2015/assets_c/2015/07/MVI_0137.MP4-00.00.01.134.jpg,hint+repo,200,200,,200,200,,IDENTICAL,,,,
/2015/assets_c/2015/07/MVI_0137.MP4-00.00.04.104-thumb-600xauto-471.jpg,hint+repo,200,200,,200,200,,IDENTICAL,,,,
/2015/assets_c/2015/07/MVI_0137.MP4-00.00.04.104.jpg,hint+repo,200,200,,200,200,,IDENTICAL,,,,
/2015/assets_c/2015/07/MVI_0137.MP4-00.00.11.611-thumb-600xauto-473.jpg,hint+repo,200,200,,200,200,,IDENTICAL,,,,
/2015/assets_c/2015/07/MVI_0137.MP4-00.00.11.611.jpg,hint+repo,200,200,,200,200,,IDENTICAL,,,,
/2015/assets_c/2015/07/MVI_0137.MP4-00.00.18.585-thumb-600xauto-467.jpg,hint+repo,200,200,,200,200,,IDENTICAL,,,,
/2015/assets_c/2015/07/MVI_0137.MP4-00.00.18.585.jpg,hint+repo,200,200,,200,200,,IDENTICAL,,,,
/2015/assets_c/2015/07/MVI_0137.MP4-00.00.35.935-thumb-600xauto-475.jpg,hint+repo,200,200,,200,200,,IDENTICAL,,,,
/2015/assets_c/2015/07/MVI_0137.MP4-00.00.35.935.jpg,hint+repo,200,200,,200,200,,IDENTICAL,,,,
/2015/assets_c/2015/07/MVI_0137.MP4-00.00.49.749-thumb-600xauto-477.jpg,hint+repo,200,200,,200,200,,IDENTICAL,,,,
/2015/assets_c/2015/07/MVI_0137.MP4-00.00.49.749.jpg,hint+repo,200,200,,200,200,,IDENTICAL,,,,
/2015/assets_c/2015/07/MVI_0137.MP4-00.00.58.825-thumb-600xauto-479.jpg,hint+repo,200,200,,200,200,,IDENTICAL,,,,
/2015/assets_c/2015/07/MVI_0137.MP4-00.00.58.825.jpg,hint+repo,200,200,,200,200,,IDENTICAL,,,,
/2015/assets_c/2015/07/MVI_0137.MP4-00.01.46.606-thumb-600xauto-481.jpg,hint+repo,200,200,,200,200,,IDENTICAL,,,,
/2015/assets_c/2015/07/MVI_0137.MP4-00.01.46.606.jpg,hint+repo,200,200,,200,200,,IDENTICAL,,,,
/2015/assets_c/2015/07/MVI_0137.MP4-00.02.04.524-thumb-600xauto-483.jpg,hint+repo,200,200,,200,200,,IDENTICAL,,,,
/2015/assets_c/2015/07/MVI_0137.MP4-00.02.04.524.jpg,hint+repo,200,200,,200,200,,IDENTICAL,,,,
/2015/assets_c/2015/07/MVI_0137.MP4-00.03.28.975-thumb-600xauto-485.jpg,hint+repo,200,200,,200,200,,IDENTICAL,,,,
/2015/assets_c/2015/07/MVI_0137.MP4-00.03.28.975.jpg,hint+repo,200,200,,200,200,,IDENTICAL,,,,
/2015/assets_c/2015/07/MVI_0137.MP4-00.03.51.798-thumb-600xauto-487.jpg,hint+repo,200,200,,200,200,,IDENTICAL,,,,
/2015/assets_c/2015/07/MVI_0137.MP4-00.03.51.798.jpg,hint+repo,200,200,,200,200,,IDENTICAL,,,,
/2015/assets_c/2015/07/MVI_0137.MP4-00.04.02.408-thumb-600xauto-489.jpg,hint+repo,200,200,,200,200,,IDENTICAL,,,,
/2015/assets_c/2015/07/MVI_0137.MP4-00.04.02.408.jpg,hint+repo,200,200,,200,200,,IDENTICAL,,,,
/2015/assets_c/2015/07/MVI_0137.MP4-00.04.17.624-thumb-600xauto-491.jpg,hint+repo,200,200,,200,200,,IDENTICAL,,,,
/2015/assets_c/2015/07/MVI_0137.MP4-00.04.17.624.jpg,hint+repo,200,200,,200,200,,IDENTICAL,,,,
/2015/assets_c/2015/07/MVI_0137.MP4-00.04.29.302-thumb-600xauto-493.jpg,hint+repo,200,200,,200,200,,IDENTICAL,,,,
/2015/assets_c/2015/07/MVI_0137.MP4-00.04.29.302.jpg,hint+repo,200,200,,200,200,,IDENTICAL,,,,
/2015/assets_c/2015/07/MVI_0137.MP4-00.04.40.980-thumb-600xauto-495.jpg,hint+repo,200,200,,200,200,,IDENTICAL,,,,
/2015/assets_c/2015/07/MVI_0137.MP4-00.04.40.980.jpg,hint+repo,200,200,,200,200,,IDENTICAL,,,,
/2015/assets_c/2015/07/MVI_0137.MP4-00.05.07.874-thumb-600xauto-497.jpg,hint+repo,200,200,,200,200,,IDENTICAL,,,,
/2015/assets_c/2015/07/MVI_0137.MP4-00.05.07.874.jpg,hint+repo,200,200,,200,200,,IDENTICAL,,,,
/2015/assets_c/2015/07/MVI_0137.MP4-00.05.19.085-thumb-600xauto-499.jpg,hint+repo,200,200,,200,200,,IDENTICAL,,,,
/2015/assets_c/2015/07/MVI_0137.MP4-00.05.19.085.jpg,hint+repo,200,200,,200,200,,IDENTICAL,,,,
/2015/assets_c/2015/07/MVI_0137.MP4-00.05.32.298-thumb-600xauto-501.jpg,hint+repo,200,200,,200,200,,IDENTICAL,,,,
/2015/assets_c/2015/07/MVI_0137.MP4-00.05.32.298.jpg,hint+repo,200,200,,200,200,,IDENTICAL,,,,
/2015/assets_c/2015/07/MVI_0137.MP4-00.06.41.901-thumb-600xauto-503.jpg,hint+repo,200,200,,200,200,,IDENTICAL,,,,
/2015/assets_c/2015/07/MVI_0137.MP4-00.06.41.901.jpg,hint+repo,200,200,,200,200,,IDENTICAL,,,,
/2015/assets_c/2015/07/MVI_0137.MP4-00.07.05.291-thumb-600xauto-505.jpg,hint+repo,200,200,,200,200,,IDENTICAL,,,,
/2015/assets_c/2015/07/MVI_0137.MP4-00.07.05.291.jpg,hint+repo,200,200,,200,200,,IDENTICAL,,,,
/2015/assets_c/2015/07/MVI_0137.MP4-00.07.16.436-thumb-600xauto-507.jpg,hint+repo,200,200,,200,200,,IDENTICAL,,,,
/2015/assets_c/2015/07/MVI_0137.MP4-00.07.16.436.jpg,hint+repo,200,200,,200,200,,IDENTICAL,,,,
/2015/assets_c/2015/07/MVI_0137.MP4-00.07.30.683-thumb-600xauto-509.jpg,hint+repo,200,200,,200,200,,IDENTICAL,,,,
/2015/assets_c/2015/07/MVI_0137.MP4-00.07.30.683.jpg,hint+repo,200,200,,200,200,,IDENTICAL,,,,
/2015/assets_c/2015/07/MVI_0137.MP4-00.07.54.474-thumb-600xauto-529.jpg,hint+repo,200,200,,200,200,,IDENTICAL,,,,
/2015/assets_c/2015/07/MVI_0137.MP4-00.07.54.474.jpg,hint+repo,200,200,,200,200,,IDENTICAL,,,,
/2015/assets_c/2015/07/MVI_0137.MP4-00.08.02.148-thumb-600xauto-531.jpg,hint+repo,200,200,,200,200,,IDENTICAL,,,,
/2015/assets_c/2015/07/MVI_0137.MP4-00.08.02.148.jpg,hint+repo,200,200,,200,200,,IDENTICAL,,,,
/2015/assets_c/2015/07/MVI_0137.MP4-00.08.08.321-thumb-600xauto-533.jpg,hint+repo,200,200,,200,200,,IDENTICAL,,,,
/2015/assets_c/2015/07/MVI_0137.MP4-00.08.08.321.jpg,hint+repo,200,200,,200,200,,IDENTICAL,,,,
/2015/assets_c/2015/07/MVI_0137.MP4-00.08.45.791-thumb-600xauto-535.jpg,hint+repo,200,200,,200,200,,IDENTICAL,,,,
/2015/assets_c/2015/07/MVI_0137.MP4-00.08.45.791.jpg,hint+repo,200,200,,200,200,,IDENTICAL,,,,
/2015/assets_c/2015/07/MVI_0137.MP4-00.08.56.969-thumb-600xauto-537.jpg,hint+repo,200,200,,200,200,,IDENTICAL,,,,
/2015/assets_c/2015/07/MVI_0137.MP4-00.08.56.969.jpg,hint+repo,200,200,,200,200,,IDENTICAL,,,,
/2015/assets_c/2015/07/MVI_0137.MP4-00.10.32.331-thumb-600xauto-539.jpg,hint+repo,200,200,,200,200,,IDENTICAL,,,,
/2015/assets_c/2015/07/MVI_0137.MP4-00.10.32.331.jpg,hint+repo,200,200,,200,200,,IDENTICAL,,,,
/2015/assets_c/2015/07/MVI_0137.MP4-00.10.42.274-thumb-600xauto-541.jpg,hint+repo,200,200,,200,200,,IDENTICAL,,,,
/2015/assets_c/2015/07/MVI_0137.MP4-00.10.42.274.jpg,hint+repo,200,200,,200,200,,IDENTICAL,,,,
/2015/assets_c/2015/07/MVI_0137.MP4-00.10.45.411-thumb-600xauto-543.jpg,hint+repo,200,200,,200,200,,IDENTICAL,,,,
/2015/assets_c/2015/07/MVI_0137.MP4-00.10.45.411.jpg,hint+repo,200,200,,200,200,,IDENTICAL,,,,
/2015/assets_c/2015/07/MVI_0137.MP4-00.10.47.780-thumb-600xauto-545.jpg,hint+repo,200,200,,200,200,,IDENTICAL,,,,
/2015/assets_c/2015/07/MVI_0137.MP4-00.10.47.780.jpg,hint+repo,200,200,,200,200,,IDENTICAL,,,,
/2015/assets_c/2015/07/MVI_0137.MP4-00.11.22.948-thumb-600xauto-547.jpg,hint+repo,200,200,,200,200,,IDENTICAL,,,,
/2015/assets_c/2015/07/MVI_0137.MP4-00.11.22.948.jpg,hint+repo,200,200,,200,200,,IDENTICAL,,,,
/2015/assets_c/2015/07/MVI_0137.MP4-00.11.28.621-thumb-600xauto-549.jpg,hint+repo,200,200,,200,200,,IDENTICAL,,,,
/2015/assets_c/2015/07/MVI_0137.MP4-00.11.28.621.jpg,hint+repo,200,200,,200,200,,IDENTICAL,,,,
/2015/assets_c/2015/07/MVI_0137.MP4-00.11.29.889-thumb-600xauto-551.jpg,hint+repo,200,200,,200,200,,IDENTICAL,,,,
/2015/assets_c/2015/07/MVI_0137.MP4-00.11.29.889.jpg,hint+repo,200,200,,200,200,,IDENTICAL,,,,
/2015/assets_c/2015/07/MVI_0137.MP4-00.11.38.731-thumb-600xauto-553.jpg,hint+repo,200,200,,200,200,,IDENTICAL,,,,
/2015/assets_c/2015/07/MVI_0137.MP4-00.11.38.731.jpg,hint+repo,200,200,,200,200,,IDENTICAL,,,,
/2015/assets_c/2015/07/MVI_0137.MP4-00.11.43.636-thumb-600xauto-555.jpg,hint+repo,200,200,,200,200,,IDENTICAL,,,,
/2015/assets_c/2015/07/MVI_0137.MP4-00.11.43.636.jpg,hint+repo,200,200,,200,200,,IDENTICAL,,,,
/2015/assets_c/2015/07/MVI_0137.MP4-00.11.52.278-thumb-600xauto-557.jpg,hint+repo,200,200,,200,200,,IDENTICAL,,,,
/2015/assets_c/2015/07/MVI_0137.MP4-00.11.52.278.jpg,hint+repo,200,200,,200,200,,IDENTICAL,,,,
/2015/assets_c/2015/07/MVI_0144.MP4-00.00.01.534-thumb-600xauto-511.jpg,hint+repo,200,200,,200,200,,IDENTICAL,,,,
/2015/assets_c/2015/07/MVI_0144.MP4-00.00.01.534.jpg,hint+repo,200,200,,200,200,,IDENTICAL,,,,
/2015/assets_c/2015/07/MVI_0144.MP4-00.00.05.005-thumb-600xauto-513.jpg,hint+repo,200,200,,200,200,,IDENTICAL,,,,
/2015/assets_c/2015/07/MVI_0144.MP4-00.00.05.005.jpg,hint+repo,200,200,,200,200,,IDENTICAL,,,,
/2015/assets_c/2015/07/MVI_0144.MP4-00.00.13.313-thumb-600xauto-515.jpg,hint+repo,200,200,,200,200,,IDENTICAL,,,,
/2015/assets_c/2015/07/MVI_0144.MP4-00.00.13.313.jpg,hint+repo,200,200,,200,200,,IDENTICAL,,,,
/2015/assets_c/2015/07/MVI_0144.MP4-00.00.32.032-thumb-600xauto-517.jpg,hint+repo,200,200,,200,200,,IDENTICAL,,,,
/2015/assets_c/2015/07/MVI_0144.MP4-00.00.32.032.jpg,hint+repo,200,200,,200,200,,IDENTICAL,,,,
/2015/assets_c/2015/07/MVI_0144.MP4-00.01.21.581-thumb-600xauto-519.jpg,hint+repo,200,200,,200,200,,IDENTICAL,,,,
/2015/assets_c/2015/07/MVI_0144.MP4-00.01.21.581.jpg,hint+repo,200,200,,200,200,,IDENTICAL,,,,
/2015/assets_c/2015/07/MVI_0144.MP4-00.01.39.365-thumb-600xauto-521.jpg,hint+repo,200,200,,200,200,,IDENTICAL,,,,
/2015/assets_c/2015/07/MVI_0144.MP4-00.01.39.365.jpg,hint+repo,200,200,,200,200,,IDENTICAL,,,,
/2015/assets_c/2015/07/MVI_0144.MP4-00.02.57.076-thumb-600xauto-523.jpg,hint+repo,200,200,,200,200,,IDENTICAL,,,,
/2015/assets_c/2015/07/MVI_0144.MP4-00.02.57.076.jpg,hint+repo,200,200,,200,200,,IDENTICAL,,,,
/2015/assets_c/2015/07/MVI_0144.MP4-00.03.08.388-thumb-600xauto-525.jpg,hint+repo,200,200,,200,200,,IDENTICAL,,,,
/2015/assets_c/2015/07/MVI_0144.MP4-00.03.08.388.jpg,hint+repo,200,200,,200,200,,IDENTICAL,,,,
/2015/assets_c/2015/07/MVI_0144.MP4-00.03.14.994-thumb-600xauto-527.jpg,hint+repo,200,200,,200,200,,IDENTICAL,,,,
/2015/assets_c/2015/07/MVI_0144.MP4-00.03.14.994.jpg,hint+repo,200,200,,200,200,,IDENTICAL,,,,
/2015/assets_c/2015/07/fusic-thumb-600x600-461.jpg,hint+repo,200,200,,200,200,,IDENTICAL,,,,
/2015/assets_c/2015/07/mobile_factory-thumb-600x600-459.jpg,hint+repo,200,200,,200,200,,IDENTICAL,,,,
/2015/assets_c/2015/07/near_map-thumb-600xauto-463.jpg,hint+repo,200,200,,200,200,,IDENTICAL,,,,
/2015/assets_c/2015/07/near_map.jpg,hint+repo,200,200,,200,200,,IDENTICAL,,,,
/2015/assets_c/2015/07/obento1-thumb-600xauto-453.jpg,hint+repo,200,200,,200,200,,IDENTICAL,,,,
/2015/assets_c/2015/07/obento1.jpg,hint+repo,200,200,,200,200,,IDENTICAL,,,,
/2015/assets_c/2015/07/obento2-thumb-600xauto-455.jpg,hint+repo,200,200,,200,200,,IDENTICAL,,,,
/2015/assets_c/2015/07/obento2.jpg,hint+repo,200,200,,200,200,,IDENTICAL,,,,
/2015/assets_c/2015/07/obento3-thumb-600xauto-457.jpg,hint+repo,200,200,,200,200,,IDENTICAL,,,,
/2015/assets_c/2015/07/obento3.jpg,hint+repo,200,200,,200,200,,IDENTICAL,,,,
/2015/assets_c/2015/07/view_from_kokusaitenjijo_sta-thumb-600xauto-465.jpg,hint+repo,200,200,,200,200,,IDENTICAL,,,,
/2015/assets_c/2015/07/view_from_kokusaitenjijo_sta.jpg,hint+repo,200,200,,200,200,,IDENTICAL,,,,
/2015/assets_c/2015/08/865_large-thumb-600xauto-564.jpg,hint+repo,200,200,,200,200,,IDENTICAL,,,,
/2015/assets_c/2015/08/YAPC2015_venue_network-ver0.4-thumb-600xauto-568.png,hint+repo,200,200,,200,200,,IDENTICAL,,,,
/2015/assets_c/2015/08/_MG_6980_original-thumb-600xauto-562.jpg,hint+repo,200,200,,200,200,,IDENTICAL,,,,
/2015/assets_c/2015/08/chikai-thumb-600xauto-570.png,hint+repo,200,200,,200,200,,IDENTICAL,,,,
/2015/atom.xml,hint+repo,200,200,,200,200,,IDENTICAL,,,,
/2015/auth/auth_fb,hint+repo,302,302,,200,200,,EXT_REDIRECT_REPLACED_BY_PAGE,,,,
/2015/auth/auth_fb.html,hint+repo,302,302,,200,200,,EXT_REDIRECT_REPLACED_BY_PAGE,,,,
/2015/auth/auth_github,hint+repo,302,302,,200,200,,EXT_REDIRECT_REPLACED_BY_PAGE,,,,
/2015/auth/auth_github.html,hint+repo,302,302,,200,200,,EXT_REDIRECT_REPLACED_BY_PAGE,,,,
/2015/auth/auth_twitter,hint+repo,302,302,,200,200,,EXT_REDIRECT_REPLACED_BY_PAGE,,,,
/2015/auth/auth_twitter.html,hint+repo,302,302,,200,200,,EXT_REDIRECT_REPLACED_BY_PAGE,,,,
/2015/chikai.png,hint+repo,200,200,,200,200,,IDENTICAL,,,,
/2015/en/,wayback-cdx,301,200,/2015/,404,404,,LOST,20141031,20150221,5,
/2015/en/api,hint,404,404,,404,404,,BOTH_NOT_OK_SAME,,,,
/2015/index,repo,404,404,,200,200,,OLD_NOT_OK_NEW_OK,,,,
/2015/index.html,hint+repo,200,200,,200,200,,SAME_BENIGN,,,,
/2015/individual_sponsors,hint+wayback-cdx,500,500,,301,200,/2015/individual_sponsors/,OLD_NOT_OK_NEW_OK,20150516,20151023,2,
/2015/individual_sponsors/,hint+repo,500,500,,200,200,,OLD_NOT_OK_NEW_OK,20150517,20260308,28,
/2015/individual_sponsors/index,repo,404,404,,200,200,,OLD_NOT_OK_NEW_OK,,,,
/2015/individual_sponsors/index.html,hint+repo,404,404,,200,200,,OLD_NOT_OK_NEW_OK,,,,
/2015/inf_coffee2.jpg,hint+repo,200,200,,200,200,,IDENTICAL,,,,
/2015/ja/,wayback-cdx,301,200,/2015/,404,404,,LOST,20141029,20150219,6,
/2015/ja/mail,hint,404,404,,404,404,,BOTH_NOT_OK_SAME,,,,
/2015/ja/sponsor/inquiry,hint+repo,302,302,,200,200,,EXT_REDIRECT_REPLACED_BY_PAGE,,,,
/2015/ja/sponsor/inquiry.html,hint+repo,302,302,,200,200,,EXT_REDIRECT_REPLACED_BY_PAGE,,,,
/2015/login,hint+wayback-cdx,200,200,,404,404,,LOST,20150517,20191114,23,
/2015/logout,hint,302,200,/2015/login,404,404,,LOST,,,,
/2015/mailing-list,hint,301,200,/2015/mailing-list/,301,200,/2015/mailing-list/,SAME_EXCEPT_SELFHOST_URL_FORM,,,,
/2015/mailing-list/,hint+repo+wayback-cdx,200,200,,200,200,,SAME_EXCEPT_SELFHOST_URL_FORM,20160902,20160902,1,
/2015/mailing-list/index,repo,404,404,,200,200,,OLD_NOT_OK_NEW_OK,,,,
/2015/mailing-list/index.html,hint+repo,200,200,,200,200,,SAME_EXCEPT_SELFHOST_URL_FORM,,,,
/2015/member,hint,302,200,/2015/login,301,404,/2015/member/,LOST,,,,549
/2015/member/,new-redirect-target,302,200,/2015/login,404,404,,LOST,,,,
/2015/member/complete,wayback-cdx,200,200,,404,404,,LOST,20150523,20150523,1,
/2015/member/show/06414f4a-10c8-11e5-8913-d7f07d574c3a,old-link,200,200,,404,404,,LOST,,,,
/2015/member/show/0792910a-05ed-11e5-84ca-79c97d574c3a,old-link,200,200,,404,404,,LOST,,,,
/2015/member/show/086ce6b6-1024-11e5-8a93-d7f07d574c3a,hint+repo+wayback-cdx,200,200,,200,200,,SAME_EXCEPT_SELFHOST_URL_FORM,20151002,20221209,2,
/2015/member/show/086ce6b6-1024-11e5-8a93-d7f07d574c3a.html,hint+repo,200,200,,200,200,,SAME_EXCEPT_SELFHOST_URL_FORM,,,,
/2015/member/show/08c4158c-1333-11e5-afd3-d9f87d574c3a,old-link,200,200,,404,404,,LOST,,,,
/2015/member/show/0b94b7ea-135f-11e5-8143-d9f87d574c3a,old-link,200,200,,404,404,,LOST,,,,
/2015/member/show/0d0f3de8-f4bf-11e4-808d-5eb57d574c3a,hint+repo+wayback-cdx,200,200,,200,200,,SAME_EXCEPT_SELFHOST_URL_FORM,20150612,20190826,4,
/2015/member/show/0d0f3de8-f4bf-11e4-808d-5eb57d574c3a.html,hint+repo,200,200,,200,200,,SAME_EXCEPT_SELFHOST_URL_FORM,,,,
/2015/member/show/1040a2b6-f9fd-11e4-93f5-8ab37d574c3a,old-link,200,200,,404,404,,LOST,,,,
/2015/member/show/1267952a-1282-11e5-befe-d9f87d574c3a,hint+repo+wayback-cdx,200,200,,200,200,,SAME_EXCEPT_SELFHOST_URL_FORM,20150628,20221206,5,
/2015/member/show/1267952a-1282-11e5-befe-d9f87d574c3a.html,hint+repo,200,200,,200,200,,SAME_EXCEPT_SELFHOST_URL_FORM,,,,
/2015/member/show/127c513e-0915-11e5-8d2d-67dc7d574c3a,wayback-cdx,200,200,,404,404,,LOST,20160202,20160202,1,
/2015/member/show/1290366a-0b7a-11e5-a29c-67dc7d574c3a,hint+repo+wayback-cdx,200,200,,200,200,,SAME_EXCEPT_SELFHOST_URL_FORM,20150612,20221206,5,
/2015/member/show/1290366a-0b7a-11e5-a29c-67dc7d574c3a.html,hint+repo,200,200,,200,200,,SAME_EXCEPT_SELFHOST_URL_FORM,,,,
/2015/member/show/14626f7a-132d-11e5-a739-d9f87d574c3a,old-link,200,200,,404,404,,LOST,,,,
/2015/member/show/1734fb9a-001e-11e5-8b15-89c77d574c3a,old-link,200,200,,404,404,,LOST,,,,
/2015/member/show/19c7551a-0910-11e5-8d2d-67dc7d574c3a,old-link,200,200,,404,404,,LOST,,,,
/2015/member/show/1b11d7be-f7eb-11e4-8df4-8ab37d574c3a,old-link,200,200,,404,404,,LOST,,,,
/2015/member/show/1c5af0e4-f4b5-11e4-9741-1eb37d574c3a,hint+repo+wayback-cdx,200,200,,200,200,,SAME_EXCEPT_SELFHOST_URL_FORM,20150517,20230128,7,
/2015/member/show/1c5af0e4-f4b5-11e4-9741-1eb37d574c3a.html,hint+repo,200,200,,200,200,,SAME_EXCEPT_SELFHOST_URL_FORM,,,,
/2015/member/show/1d2bc4b6-fe25-11e4-b637-bdc07d574c3a,old-link,200,200,,404,404,,LOST,,,,
/2015/member/show/1f9e81ca-037f-11e5-a111-79c97d574c3a,wayback-cdx,200,200,,404,404,,LOST,20150830,20150830,1,
/2015/member/show/1fc7e384-fd5e-11e4-9d3f-bdc07d574c3a,hint+repo+wayback-cdx,200,200,,200,200,,SAME_EXCEPT_SELFHOST_URL_FORM,20150814,20151003,3,
/2015/member/show/1fc7e384-fd5e-11e4-9d3f-bdc07d574c3a.html,hint+repo,200,200,,200,200,,SAME_EXCEPT_SELFHOST_URL_FORM,,,,
/2015/member/show/220b80cc-f621-11e4-90fb-8ab37d574c3a,wayback-cdx,200,200,,404,404,,LOST,20150517,20160805,2,
/2015/member/show/26144d20-f608-11e4-a661-8ab37d574c3a,hint+repo+wayback-cdx,200,200,,200,200,,SAME_EXCEPT_SELFHOST_URL_FORM,20150615,20221206,5,
/2015/member/show/26144d20-f608-11e4-a661-8ab37d574c3a.html,hint+repo,200,200,,200,200,,SAME_EXCEPT_SELFHOST_URL_FORM,,,,
/2015/member/show/264a70ba-fad3-11e4-9e9c-8ab37d574c3a,wayback-cdx,200,200,,404,404,,LOST,20150517,20150517,1,
/2015/member/show/2689f76a-f5f3-11e4-b323-49b37d574c3a,hint+repo+wayback-cdx,200,200,,200,200,,SAME_EXCEPT_SELFHOST_URL_FORM,20150602,20151002,3,
/2015/member/show/2689f76a-f5f3-11e4-b323-49b37d574c3a.html,hint+repo,200,200,,200,200,,SAME_EXCEPT_SELFHOST_URL_FORM,,,,
/2015/member/show/271a1690-10fd-11e5-8a27-d7f07d574c3a,wayback-cdx,200,200,,404,404,,LOST,20160327,20160327,1,
/2015/member/show/2940c69c-13c0-11e5-82c7-2e007e574c3a,hint+repo+wayback-cdx,200,200,,200,200,,SAME_EXCEPT_SELFHOST_URL_FORM,20150814,20170831,3,
/2015/member/show/2940c69c-13c0-11e5-82c7-2e007e574c3a.html,hint+repo,200,200,,200,200,,SAME_EXCEPT_SELFHOST_URL_FORM,,,,
/2015/member/show/2a922cee-132e-11e5-8ce4-d9f87d574c3a,old-link,200,200,,404,404,,LOST,,,,
/2015/member/show/2b7c2ba6-4023-11e5-a4fb-2bd87d574c3a,hint+repo+wayback-cdx,200,200,,200,200,,SAME_EXCEPT_SELFHOST_URL_FORM,20151002,20151002,1,
/2015/member/show/2b7c2ba6-4023-11e5-a4fb-2bd87d574c3a.html,hint+repo,200,200,,200,200,,SAME_EXCEPT_SELFHOST_URL_FORM,,,,
/2015/member/show/2c5d4cfa-f5e9-11e4-80e2-49b37d574c3a,hint+repo+wayback-cdx,200,200,,200,200,,SAME_EXCEPT_SELFHOST_URL_FORM,20151003,20151003,1,
/2015/member/show/2c5d4cfa-f5e9-11e4-80e2-49b37d574c3a.html,hint+repo,200,200,,200,200,,SAME_EXCEPT_SELFHOST_URL_FORM,,,,
/2015/member/show/2c605f46-0d9d-11e5-b289-67dc7d574c3a,wayback-cdx,200,200,,404,404,,LOST,20150701,20160905,2,
/2015/member/show/2db5fd40-004d-11e5-852b-89c77d574c3a,hint+repo+wayback-cdx,200,200,,200,200,,SAME_EXCEPT_SELFHOST_URL_FORM,20150824,20151002,2,
/2015/member/show/2db5fd40-004d-11e5-852b-89c77d574c3a.html,hint+repo,200,200,,200,200,,SAME_EXCEPT_SELFHOST_URL_FORM,,,,
/2015/member/show/2e227a44-136a-11e5-8bf3-d9f87d574c3a,old-link,200,200,,404,404,,LOST,,,,
/2015/member/show/2e657a5c-1369-11e5-8f71-d9f87d574c3a,old-link,200,200,,404,404,,LOST,,,,
/2015/member/show/2fd364be-0511-11e5-afdf-79c97d574c3a,hint+repo+wayback-cdx,200,200,,200,200,,SAME_EXCEPT_SELFHOST_URL_FORM,20150824,20221206,4,
/2015/member/show/2fd364be-0511-11e5-afdf-79c97d574c3a.html,hint+repo,200,200,,200,200,,SAME_EXCEPT_SELFHOST_URL_FORM,,,,
/2015/member/show/324b1952-0044-11e5-a044-89c77d574c3a,wayback-cdx,200,200,,404,404,,LOST,20150526,20150526,1,
/2015/member/show/333b2ebe-09b9-11e5-bc29-67dc7d574c3a,hint+repo+wayback-cdx,200,200,,200,200,,SAME_EXCEPT_SELFHOST_URL_FORM,20150814,20151003,2,
/2015/member/show/333b2ebe-09b9-11e5-bc29-67dc7d574c3a.html,hint+repo,200,200,,200,200,,SAME_EXCEPT_SELFHOST_URL_FORM,,,,
/2015/member/show/3605df90-f5eb-11e4-91b8-49b37d574c3a,wayback-cdx,200,200,,404,404,,LOST,20150824,20150824,1,
/2015/member/show/37cd6d7e-f6be-11e4-b174-8ab37d574c3a,hint+repo+wayback-cdx,200,200,,200,200,,SAME_EXCEPT_SELFHOST_URL_FORM,20150517,20151002,3,
/2015/member/show/37cd6d7e-f6be-11e4-b174-8ab37d574c3a.html,hint+repo,200,200,,200,200,,SAME_EXCEPT_SELFHOST_URL_FORM,,,,
/2015/member/show/3a0b0b14-faa6-11e4-801a-8ab37d574c3a,hint+repo+wayback-cdx,200,200,,200,200,,SAME_EXCEPT_SELFHOST_URL_FORM,20150517,20221206,8,
/2015/member/show/3a0b0b14-faa6-11e4-801a-8ab37d574c3a.html,hint+repo,200,200,,200,200,,SAME_EXCEPT_SELFHOST_URL_FORM,,,,
/2015/member/show/3b5197ae-f79a-11e4-92f3-8ab37d574c3a,hint+repo+wayback-cdx,200,200,,200,200,,SAME_EXCEPT_SELFHOST_URL_FORM,20150517,20170927,4,
/2015/member/show/3b5197ae-f79a-11e4-92f3-8ab37d574c3a.html,hint+repo,200,200,,200,200,,SAME_EXCEPT_SELFHOST_URL_FORM,,,,
/2015/member/show/3b6172f2-1165-11e5-bb55-d7f07d574c3a,hint+repo+wayback-cdx,200,200,,200,200,,SAME_EXCEPT_SELFHOST_URL_FORM,20150824,20221210,3,
/2015/member/show/3b6172f2-1165-11e5-bb55-d7f07d574c3a.html,hint+repo,200,200,,200,200,,SAME_EXCEPT_SELFHOST_URL_FORM,,,,
/2015/member/show/40a009b8-0431-11e5-af33-79c97d574c3a,wayback-cdx,200,200,,404,404,,LOST,20150830,20221210,2,
/2015/member/show/42138b82-0808-11e5-b6e5-79c97d574c3a,hint+repo+wayback-cdx,200,200,,200,200,,SAME_EXCEPT_SELFHOST_URL_FORM,20150607,20151002,3,
/2015/member/show/42138b82-0808-11e5-b6e5-79c97d574c3a.html,hint+repo,200,200,,200,200,,SAME_EXCEPT_SELFHOST_URL_FORM,,,,
/2015/member/show/421af20c-0c75-11e5-b65f-67dc7d574c3a,hint+repo+wayback-cdx,200,200,,200,200,,SAME_EXCEPT_SELFHOST_URL_FORM,20150814,20171012,3,
/2015/member/show/421af20c-0c75-11e5-b65f-67dc7d574c3a.html,hint+repo,200,200,,200,200,,SAME_EXCEPT_SELFHOST_URL_FORM,,,,
/2015/member/show/423351c8-f5f3-11e4-b323-49b37d574c3a,hint+repo+wayback-cdx,200,200,,200,200,,SAME_EXCEPT_SELFHOST_URL_FORM,20150517,20151003,3,
/2015/member/show/423351c8-f5f3-11e4-b323-49b37d574c3a.html,hint+repo,200,200,,200,200,,SAME_EXCEPT_SELFHOST_URL_FORM,,,,
/2015/member/show/44011ba4-1324-11e5-8a1d-d9f87d574c3a,old-link,200,200,,404,404,,LOST,,,,
/2015/member/show/4434799c-f77a-11e4-b0ac-8ab37d574c3a,wayback-cdx,200,200,,404,404,,LOST,20150517,20150517,1,
/2015/member/show/4469624e-f5e8-11e4-91b8-49b37d574c3a,hint+repo+wayback-cdx,200,200,,200,200,,SAME_EXCEPT_SELFHOST_URL_FORM,20150517,20160403,4,
/2015/member/show/4469624e-f5e8-11e4-91b8-49b37d574c3a.html,hint+repo,200,200,,200,200,,SAME_EXCEPT_SELFHOST_URL_FORM,,,,
/2015/member/show/44bd53e8-fab3-11e4-bb92-8ab37d574c3a,hint+repo+wayback-cdx,200,200,,200,200,,SAME_EXCEPT_SELFHOST_URL_FORM,20150517,20171012,4,
/2015/member/show/44bd53e8-fab3-11e4-bb92-8ab37d574c3a.html,hint+repo,200,200,,200,200,,SAME_EXCEPT_SELFHOST_URL_FORM,,,,
/2015/member/show/44d029a0-f7e8-11e4-b2e7-8ab37d574c3a,wayback-cdx,200,200,,404,404,,LOST,20150517,20150517,1,
/2015/member/show/492e32d2-098e-11e5-b387-67dc7d574c3a,hint+repo+wayback-cdx,200,200,,200,200,,SAME_EXCEPT_SELFHOST_URL_FORM,20150814,20190224,6,
/2015/member/show/492e32d2-098e-11e5-b387-67dc7d574c3a.html,hint+repo,200,200,,200,200,,SAME_EXCEPT_SELFHOST_URL_FORM,,,,
/2015/member/show/4a0edd26-0805-11e5-b2b4-79c97d574c3a,wayback-cdx,200,200,,404,404,,LOST,20160405,20160405,1,
/2015/member/show/4f771e26-135f-11e5-908c-d9f87d574c3a,old-link,200,200,,404,404,,LOST,,,,
/2015/member/show/57824382-09b6-11e5-ad57-67dc7d574c3a,hint+repo+wayback-cdx,200,200,,200,200,,SAME_EXCEPT_SELFHOST_URL_FORM,20150814,20221206,6,
/2015/member/show/57824382-09b6-11e5-ad57-67dc7d574c3a.html,hint+repo,200,200,,200,200,,SAME_EXCEPT_SELFHOST_URL_FORM,,,,
/2015/member/show/58772ee6-1367-11e5-b2ed-d9f87d574c3a,wayback-cdx,200,200,,404,404,,LOST,20150624,20150624,1,
/2015/member/show/5c754e65-187a-11e5-aca1-525412004261,hint+repo+wayback-cdx,200,200,,200,200,,SAME_EXCEPT_SELFHOST_URL_FORM,20150824,20170831,3,
/2015/member/show/5c754e65-187a-11e5-aca1-525412004261.html,hint+repo,200,200,,200,200,,SAME_EXCEPT_SELFHOST_URL_FORM,,,,
/2015/member/show/60f16de6-10b2-11e5-b6cf-d7f07d574c3a,old-link,200,200,,404,404,,LOST,,,,
/2015/member/show/60f86fd4-1345-11e5-8674-d9f87d574c3a,old-link,200,200,,404,404,,LOST,,,,
/2015/member/show/61374628-0e4a-11e5-b886-67dc7d574c3a,wayback-cdx,200,200,,404,404,,LOST,20160109,20160109,1,
/2015/member/show/6290d3a4-0995-11e5-8204-67dc7d574c3a,old-link,200,200,,404,404,,LOST,,,,
/2015/member/show/634d9714-10e8-11e5-b449-d7f07d574c3a,hint+repo+wayback-cdx,200,200,,200,200,,SAME_EXCEPT_SELFHOST_URL_FORM,20150824,20221210,3,
/2015/member/show/634d9714-10e8-11e5-b449-d7f07d574c3a.html,hint+repo,200,200,,200,200,,SAME_EXCEPT_SELFHOST_URL_FORM,,,,
/2015/member/show/65369380-f5f1-11e4-a4ec-49b37d574c3a,hint+repo+wayback-cdx,200,200,,200,200,,SAME_EXCEPT_SELFHOST_URL_FORM,20150517,20230128,4,
/2015/member/show/65369380-f5f1-11e4-a4ec-49b37d574c3a.html,hint+repo,200,200,,200,200,,SAME_EXCEPT_SELFHOST_URL_FORM,,,,
/2015/member/show/66337810-f5fc-11e4-a2c6-49b37d574c3a,hint+repo+wayback-cdx,200,200,,200,200,,SAME_EXCEPT_SELFHOST_URL_FORM,20150612,20160402,4,
/2015/member/show/66337810-f5fc-11e4-a2c6-49b37d574c3a.html,hint+repo,200,200,,200,200,,SAME_EXCEPT_SELFHOST_URL_FORM,,,,
/2015/member/show/671b113a-fac9-11e4-a1f6-8ab37d574c3a,hint+repo+wayback-cdx,200,200,,200,200,,SAME_EXCEPT_SELFHOST_URL_FORM,20150517,20151002,3,
/2015/member/show/671b113a-fac9-11e4-a1f6-8ab37d574c3a.html,hint+repo,200,200,,200,200,,SAME_EXCEPT_SELFHOST_URL_FORM,,,,
/2015/member/show/69e335c0-0df0-11e5-9b6b-67dc7d574c3a,old-link,200,200,,404,404,,LOST,,,,
/2015/member/show/6df9754c-f794-11e4-99f0-8ab37d574c3a,hint+repo+wayback-cdx,200,200,,200,200,,SAME_EXCEPT_SELFHOST_URL_FORM,20150517,20230128,5,
/2015/member/show/6df9754c-f794-11e4-99f0-8ab37d574c3a.html,hint+repo,200,200,,200,200,,SAME_EXCEPT_SELFHOST_URL_FORM,,,,
/2015/member/show/6ec83a8a-005e-11e5-bad3-89c77d574c3a,wayback-cdx,200,200,,404,404,,LOST,20150607,20150607,1,
/2015/member/show/7355e318-0df6-11e5-9e74-67dc7d574c3a,wayback-cdx,200,200,,404,404,,LOST,20180401,20180401,1,
/2015/member/show/7a2e2bfc-fad5-11e4-a845-8ab37d574c3a,hint+repo+wayback-cdx,200,200,,200,200,,SAME_EXCEPT_SELFHOST_URL_FORM,20151002,20151002,1,
/2015/member/show/7a2e2bfc-fad5-11e4-a845-8ab37d574c3a.html,hint+repo,200,200,,200,200,,SAME_EXCEPT_SELFHOST_URL_FORM,,,,
/2015/member/show/7a66ef42-f656-11e4-8f59-8ab37d574c3a,hint+repo+wayback-cdx,200,200,,200,200,,SAME_EXCEPT_SELFHOST_URL_FORM,20150517,20160523,4,
/2015/member/show/7a66ef42-f656-11e4-8f59-8ab37d574c3a.html,hint+repo,200,200,,200,200,,SAME_EXCEPT_SELFHOST_URL_FORM,,,,
/2015/member/show/7a7bf51a-faa0-11e4-87f0-8ab37d574c3a,old-link,200,200,,404,404,,LOST,,,,
/2015/member/show/7cd7a900-febd-11e4-bec2-66c47d574c3a,wayback-cdx,200,200,,404,404,,LOST,20160518,20160518,1,
/2015/member/show/7d48aa4c-ffa3-11e4-9647-66c47d574c3a,old-link,200,200,,404,404,,LOST,,,,
/2015/member/show/7dc6f4ac-f778-11e4-b0ac-8ab37d574c3a,old-link,200,200,,404,404,,LOST,,,,
/2015/member/show/7eec2a50-ff57-11e4-94dd-66c47d574c3a,hint+repo+wayback-cdx,200,200,,200,200,,SAME_EXCEPT_SELFHOST_URL_FORM,20151003,20151003,1,
/2015/member/show/7eec2a50-ff57-11e4-94dd-66c47d574c3a.html,hint+repo,200,200,,200,200,,SAME_EXCEPT_SELFHOST_URL_FORM,,,,
/2015/member/show/7fb9ce34-f605-11e4-b057-49b37d574c3a,hint+repo+wayback-cdx,200,200,,200,200,,SAME_EXCEPT_SELFHOST_URL_FORM,20150517,20151002,2,
/2015/member/show/7fb9ce34-f605-11e4-b057-49b37d574c3a.html,hint+repo,200,200,,200,200,,SAME_EXCEPT_SELFHOST_URL_FORM,,,,
/2015/member/show/8072fa70-fdd1-11e4-897e-bdc07d574c3a,hint+repo+wayback-cdx,200,200,,200,200,,SAME_EXCEPT_SELFHOST_URL_FORM,20150628,20151003,3,
/2015/member/show/8072fa70-fdd1-11e4-897e-bdc07d574c3a.html,hint+repo,200,200,,200,200,,SAME_EXCEPT_SELFHOST_URL_FORM,,,,
/2015/member/show/817d733c-0911-11e5-8d2d-67dc7d574c3a,old-link,200,200,,404,404,,LOST,,,,
/2015/member/show/818083b4-10f6-11e5-a777-d7f07d574c3a,wayback-cdx,200,200,,404,404,,LOST,20151009,20151009,1,
/2015/member/show/844f8a44-0f21-11e5-b4e7-43ec7d574c3a,wayback-cdx,200,200,,404,404,,LOST,20150830,20150830,1,
/2015/member/show/84a71206-fd50-11e4-ba13-bdc07d574c3a,hint+repo+wayback-cdx,200,200,,200,200,,SAME_EXCEPT_SELFHOST_URL_FORM,20150719,20230128,3,
/2015/member/show/84a71206-fd50-11e4-ba13-bdc07d574c3a.html,hint+repo,200,200,,200,200,,SAME_EXCEPT_SELFHOST_URL_FORM,,,,
/2015/member/show/84b8c244-03c2-11e5-bbcf-79c97d574c3a,wayback-cdx,200,200,,404,404,,LOST,20150614,20150614,1,
/2015/member/show/852e4a32-0a66-11e5-9c35-67dc7d574c3a,hint+repo+wayback-cdx,200,200,,200,200,,SAME_EXCEPT_SELFHOST_URL_FORM,20150814,20151003,2,
/2015/member/show/852e4a32-0a66-11e5-9c35-67dc7d574c3a.html,hint+repo,200,200,,200,200,,SAME_EXCEPT_SELFHOST_URL_FORM,,,,
/2015/member/show/8743844e-09cc-11e5-b27f-67dc7d574c3a,old-link,200,200,,404,404,,LOST,,,,
/2015/member/show/8785c21a-0f52-11e5-885f-43ec7d574c3a,wayback-cdx,200,200,,404,404,,LOST,20150621,20160611,2,
/2015/member/show/884d8312-f9f5-11e4-8f8e-8ab37d574c3a,hint+repo+wayback-cdx,200,200,,200,200,,SAME_EXCEPT_SELFHOST_URL_FORM,20150824,20170901,3,
/2015/member/show/884d8312-f9f5-11e4-8f8e-8ab37d574c3a.html,hint+repo,200,200,,200,200,,SAME_EXCEPT_SELFHOST_URL_FORM,,,,
/2015/member/show/88a8f01c-1340-11e5-9984-d9f87d574c3a,wayback-cdx,200,200,,404,404,,LOST,20150630,20150630,1,
/2015/member/show/88bb98ae-083f-11e5-96b5-79c97d574c3a,hint+repo+wayback-cdx,200,200,,200,200,,SAME_EXCEPT_SELFHOST_URL_FORM,20150802,20151002,2,
/2015/member/show/88bb98ae-083f-11e5-96b5-79c97d574c3a.html,hint+repo,200,200,,200,200,,SAME_EXCEPT_SELFHOST_URL_FORM,,,,
/2015/member/show/88c7defc-1348-11e5-a608-d9f87d574c3a,wayback-cdx,200,200,,404,404,,LOST,20160423,20160423,1,
/2015/member/show/8a26f6e8-0911-11e5-ae40-67dc7d574c3a,hint+repo+wayback-cdx,200,200,,200,200,,SAME_EXCEPT_SELFHOST_URL_FORM,20150814,20221203,5,
/2015/member/show/8a26f6e8-0911-11e5-ae40-67dc7d574c3a.html,hint+repo,200,200,,200,200,,SAME_EXCEPT_SELFHOST_URL_FORM,,,,
/2015/member/show/8eab30ca-f9e0-11e4-a562-8ab37d574c3a,hint+repo+wayback-cdx,200,200,,200,200,,SAME_EXCEPT_SELFHOST_URL_FORM,20150517,20171012,4,
/2015/member/show/8eab30ca-f9e0-11e4-a562-8ab37d574c3a.html,hint+repo,200,200,,200,200,,SAME_EXCEPT_SELFHOST_URL_FORM,,,,
/2015/member/show/901f930a-136d-11e5-953d-d9f87d574c3a,wayback-cdx,200,200,,404,404,,LOST,20150624,20150624,1,
/2015/member/show/90ca956a-f613-11e4-b5a3-8ab37d574c3a,hint+repo+wayback-cdx,200,200,,200,200,,SAME_EXCEPT_SELFHOST_URL_FORM,20150626,20221210,5,
/2015/member/show/90ca956a-f613-11e4-b5a3-8ab37d574c3a.html,hint+repo,200,200,,200,200,,SAME_EXCEPT_SELFHOST_URL_FORM,,,,
/2015/member/show/91885372-f6fc-11e4-b174-8ab37d574c3a,hint+repo+wayback-cdx,200,200,,200,200,,SAME_EXCEPT_SELFHOST_URL_FORM,20150615,20151003,3,
/2015/member/show/91885372-f6fc-11e4-b174-8ab37d574c3a.html,hint+repo,200,200,,200,200,,SAME_EXCEPT_SELFHOST_URL_FORM,,,,
/2015/member/show/9302eb3c-f764-11e4-b0ac-8ab37d574c3a,hint+repo+wayback-cdx,200,200,,200,200,,SAME_EXCEPT_SELFHOST_URL_FORM,20150801,20160430,3,
/2015/member/show/9302eb3c-f764-11e4-b0ac-8ab37d574c3a.html,hint+repo,200,200,,200,200,,SAME_EXCEPT_SELFHOST_URL_FORM,,,,
/2015/member/show/93f1cffc-0e0e-11e5-9b3a-67dc7d574c3a,hint+repo+wayback-cdx,200,200,,200,200,,SAME_EXCEPT_SELFHOST_URL_FORM,20151003,20190518,2,
/2015/member/show/93f1cffc-0e0e-11e5-9b3a-67dc7d574c3a.html,hint+repo,200,200,,200,200,,SAME_EXCEPT_SELFHOST_URL_FORM,,,,
/2015/member/show/998396fa-fde5-11e4-b5a6-bdc07d574c3a,hint+repo+wayback-cdx,200,200,,200,200,,SAME_EXCEPT_SELFHOST_URL_FORM,20150621,20151003,2,
/2015/member/show/998396fa-fde5-11e4-b5a6-bdc07d574c3a.html,hint+repo,200,200,,200,200,,SAME_EXCEPT_SELFHOST_URL_FORM,,,,
/2015/member/show/9b2e8d00-fd1f-11e4-a405-bdc07d574c3a,old-link,200,200,,404,404,,LOST,,,,
/2015/member/show/9b8ee500-f65e-11e4-8c21-8ab37d574c3a,old-link,200,200,,404,404,,LOST,,,,
/2015/member/show/9bc49c6a-2398-11e5-960b-5a1f7e574c3a,hint+repo+wayback-cdx,200,200,,200,200,,SAME_EXCEPT_SELFHOST_URL_FORM,20151002,20151002,1,
/2015/member/show/9bc49c6a-2398-11e5-960b-5a1f7e574c3a.html,hint+repo,200,200,,200,200,,SAME_EXCEPT_SELFHOST_URL_FORM,,,,
/2015/member/show/9d324218-f5ea-11e4-afb7-49b37d574c3a,hint+repo+wayback-cdx,200,200,,200,200,,SAME_EXCEPT_SELFHOST_URL_FORM,20150517,20230128,6,
/2015/member/show/9d324218-f5ea-11e4-afb7-49b37d574c3a.html,hint+repo,200,200,,200,200,,SAME_EXCEPT_SELFHOST_URL_FORM,,,,
/2015/member/show/9dec048c-07a6-11e5-9407-79c97d574c3a,hint+repo+wayback-cdx,200,200,,200,200,,SAME_EXCEPT_SELFHOST_URL_FORM,20150624,20151003,3,
/2015/member/show/9dec048c-07a6-11e5-9407-79c97d574c3a.html,hint+repo,200,200,,200,200,,SAME_EXCEPT_SELFHOST_URL_FORM,,,,
/2015/member/show/9e47130c-0fbe-11e5-8a02-43ec7d574c3a,hint+repo+wayback-cdx,200,200,,200,200,,SAME_EXCEPT_SELFHOST_URL_FORM,20151002,20220705,3,
/2015/member/show/9e47130c-0fbe-11e5-8a02-43ec7d574c3a.html,hint+repo,200,200,,200,200,,SAME_EXCEPT_SELFHOST_URL_FORM,,,,
/2015/member/show/9f152b88-f7a0-11e4-ab3c-8ab37d574c3a,hint+repo+wayback-cdx,200,200,,200,200,,SAME_EXCEPT_SELFHOST_URL_FORM,20150824,20151002,2,
/2015/member/show/9f152b88-f7a0-11e4-ab3c-8ab37d574c3a.html,hint+repo,200,200,,200,200,,SAME_EXCEPT_SELFHOST_URL_FORM,,,,
/2015/member/show/a05b0276-46f4-11e5-89c0-6ad97d574c3a,hint+repo+wayback-cdx,200,200,,200,200,,SAME_EXCEPT_SELFHOST_URL_FORM,20150828,20151002,2,
/2015/member/show/a05b0276-46f4-11e5-89c0-6ad97d574c3a.html,hint+repo,200,200,,200,200,,SAME_EXCEPT_SELFHOST_URL_FORM,,,,
/2015/member/show/a06d40a2-f7b3-11e4-a0a3-8ab37d574c3a,hint+repo+wayback-cdx,200,200,,200,200,,SAME_EXCEPT_SELFHOST_URL_FORM,20150517,20151002,3,
/2015/member/show/a06d40a2-f7b3-11e4-a0a3-8ab37d574c3a.html,hint+repo,200,200,,200,200,,SAME_EXCEPT_SELFHOST_URL_FORM,,,,
/2015/member/show/a2132c5c-f608-11e4-adad-8ab37d574c3a,old-link,200,200,,404,404,,LOST,,,,
/2015/member/show/a31f815e-f603-11e4-a2c6-49b37d574c3a,wayback-cdx,200,200,,404,404,,LOST,20150517,20150517,1,
/2015/member/show/a6b671d2-0d1a-11e5-b6d4-67dc7d574c3a,wayback-cdx,200,200,,404,404,,LOST,20150823,20170609,2,
/2015/member/show/a72aeea4-facd-11e4-a788-8ab37d574c3a,hint+repo+wayback-cdx,200,200,,200,200,,SAME_EXCEPT_SELFHOST_URL_FORM,20150517,20151003,3,
/2015/member/show/a72aeea4-facd-11e4-a788-8ab37d574c3a.html,hint+repo,200,200,,200,200,,SAME_EXCEPT_SELFHOST_URL_FORM,,,,
/2015/member/show/a7a55d10-f60e-11e4-a661-8ab37d574c3a,wayback-cdx,200,200,,404,404,,LOST,20150517,20150517,1,
/2015/member/show/a95f246a-111b-11e5-9cb9-d7f07d574c3a,hint+repo+wayback-cdx,200,200,,200,200,,SAME_EXCEPT_SELFHOST_URL_FORM,20151003,20151003,1,
/2015/member/show/a95f246a-111b-11e5-9cb9-d7f07d574c3a.html,hint+repo,200,200,,200,200,,SAME_EXCEPT_SELFHOST_URL_FORM,,,,
/2015/member/show/ab0eca1e-47f2-11e5-8263-b2e17d574c3a,hint+repo+wayback-cdx,200,200,,200,200,,SAME_EXCEPT_SELFHOST_URL_FORM,20151002,20151002,1,
/2015/member/show/ab0eca1e-47f2-11e5-8263-b2e17d574c3a.html,hint+repo,200,200,,200,200,,SAME_EXCEPT_SELFHOST_URL_FORM,,,,
/2015/member/show/ac31562c-0f7c-11e5-bf1f-43ec7d574c3a,old-link,200,200,,404,404,,LOST,,,,
/2015/member/show/ad1c45d6-0df3-11e5-9b6b-67dc7d574c3a,old-link,200,200,,404,404,,LOST,,,,
/2015/member/show/addbf6f4-f626-11e4-82e6-8ab37d574c3a,wayback-cdx,200,200,,404,404,,LOST,20220815,20220815,1,
/2015/member/show/b117cd94-0fa7-11e5-a2ed-43ec7d574c3a,hint+repo+wayback-cdx,200,200,,200,200,,SAME_EXCEPT_SELFHOST_URL_FORM,20150824,20151003,2,
/2015/member/show/b117cd94-0fa7-11e5-a2ed-43ec7d574c3a.html,hint+repo,200,200,,200,200,,SAME_EXCEPT_SELFHOST_URL_FORM,,,,
/2015/member/show/b632448c-46f0-11e5-93e3-6ad97d574c3a,wayback-cdx,200,200,,404,404,,LOST,20150822,20150822,1,
/2015/member/show/b8e22eea-0e51-11e5-a695-67dc7d574c3a,hint+repo+wayback-cdx,200,200,,200,200,,SAME_EXCEPT_SELFHOST_URL_FORM,20150621,20151003,2,
/2015/member/show/b8e22eea-0e51-11e5-a695-67dc7d574c3a.html,hint+repo,200,200,,200,200,,SAME_EXCEPT_SELFHOST_URL_FORM,,,,
/2015/member/show/b8e985ae-fefd-11e4-9f66-66c47d574c3a,wayback-cdx,200,200,,404,404,,LOST,20150523,20150523,1,
/2015/member/show/b91aee40-f783-11e4-9961-8ab37d574c3a,old-link,200,200,,404,404,,LOST,,,,
/2015/member/show/ba098126-036e-11e5-a0aa-79c97d574c3a,wayback-cdx,200,200,,404,404,,LOST,20150529,20220815,3,
/2015/member/show/bc2011ae-09af-11e5-8cd2-67dc7d574c3a,old-link,200,200,,404,404,,LOST,,,,
/2015/member/show/bd27dbc0-f5f2-11e4-823f-49b37d574c3a,hint+repo+wayback-cdx,200,200,,200,200,,SAME_EXCEPT_SELFHOST_URL_FORM,20150517,20191113,3,
/2015/member/show/bd27dbc0-f5f2-11e4-823f-49b37d574c3a.html,hint+repo,200,200,,200,200,,SAME_EXCEPT_SELFHOST_URL_FORM,,,,
/2015/member/show/c0030514-1360-11e5-8143-d9f87d574c3a,wayback-cdx,200,200,,404,404,,LOST,20150624,20150624,1,
/2015/member/show/c024a8ca-f959-11e4-b360-8ab37d574c3a,wayback-cdx,200,200,,404,404,,LOST,20150517,20150517,1,
/2015/member/show/c08c42cc-f5e5-11e4-85ed-d2b27d574c3a,old-link,200,200,,404,404,,LOST,,,,
/2015/member/show/c2bd416a-0038-11e5-9094-89c77d574c3a,hint+repo+wayback-cdx,200,200,,200,200,,SAME_EXCEPT_SELFHOST_URL_FORM,20150814,20151003,2,
/2015/member/show/c2bd416a-0038-11e5-9094-89c77d574c3a.html,hint+repo,200,200,,200,200,,SAME_EXCEPT_SELFHOST_URL_FORM,,,,
/2015/member/show/c82121f2-f93b-11e4-8332-8ab37d574c3a,hint+repo+wayback-cdx,200,200,,200,200,,SAME_EXCEPT_SELFHOST_URL_FORM,20151002,20151002,1,
/2015/member/show/c82121f2-f93b-11e4-8332-8ab37d574c3a.html,hint+repo,200,200,,200,200,,SAME_EXCEPT_SELFHOST_URL_FORM,,,,
/2015/member/show/c8d45eb6-fd64-11e4-afab-bdc07d574c3a,hint+repo+wayback-cdx,200,200,,200,200,,SAME_EXCEPT_SELFHOST_URL_FORM,20150522,20170901,4,
/2015/member/show/c8d45eb6-fd64-11e4-afab-bdc07d574c3a.html,hint+repo,200,200,,200,200,,SAME_EXCEPT_SELFHOST_URL_FORM,,,,
/2015/member/show/c9350512-f6fd-11e4-9864-8ab37d574c3a,wayback-cdx,200,200,,404,404,,LOST,20160918,20160918,1,
/2015/member/show/cc4ca93e-fd7f-11e4-96e1-bdc07d574c3a,hint+repo+wayback-cdx,200,200,,200,200,,SAME_EXCEPT_SELFHOST_URL_FORM,20150814,20230128,3,
/2015/member/show/cc4ca93e-fd7f-11e4-96e1-bdc07d574c3a.html,hint+repo,200,200,,200,200,,SAME_EXCEPT_SELFHOST_URL_FORM,,,,
/2015/member/show/d1b678dc-0a86-11e5-924b-67dc7d574c3a,hint+repo+wayback-cdx,200,200,,200,200,,SAME_EXCEPT_SELFHOST_URL_FORM,20150608,20221210,7,
/2015/member/show/d1b678dc-0a86-11e5-924b-67dc7d574c3a.html,hint+repo,200,200,,200,200,,SAME_EXCEPT_SELFHOST_URL_FORM,,,,
/2015/member/show/d1bc2e2e-fd40-11e4-842c-bdc07d574c3a,wayback-cdx,200,200,,404,404,,LOST,20150522,20150522,1,
/2015/member/show/d2421c12-12a0-11e5-8542-d9f87d574c3a,hint+repo+wayback-cdx,200,200,,200,200,,SAME_EXCEPT_SELFHOST_URL_FORM,20150828,20160326,3,
/2015/member/show/d2421c12-12a0-11e5-8542-d9f87d574c3a.html,hint+repo,200,200,,200,200,,SAME_EXCEPT_SELFHOST_URL_FORM,,,,
/2015/member/show/d3301bc6-134d-11e5-bdaa-d9f87d574c3a,old-link,200,200,,404,404,,LOST,,,,
/2015/member/show/d660080a-134e-11e5-81b9-d9f87d574c3a,hint+repo+wayback-cdx,200,200,,200,200,,SAME_EXCEPT_SELFHOST_URL_FORM,20150824,20221209,3,
/2015/member/show/d660080a-134e-11e5-81b9-d9f87d574c3a.html,hint+repo,200,200,,200,200,,SAME_EXCEPT_SELFHOST_URL_FORM,,,,
/2015/member/show/d6a692a4-1333-11e5-a8b2-d9f87d574c3a,wayback-cdx,200,200,,404,404,,LOST,20150618,20150618,1,
/2015/member/show/d8397ca0-1336-11e5-ba0d-d9f87d574c3a,old-link,200,200,,404,404,,LOST,,,,
/2015/member/show/d994b0c6-0763-11e5-b332-79c97d574c3a,old-link,200,200,,404,404,,LOST,,,,
/2015/member/show/e2c62bbc-480d-11e5-a217-b2e17d574c3a,hint+repo+wayback-cdx,200,200,,200,200,,SAME_EXCEPT_SELFHOST_URL_FORM,20150930,20151002,2,
/2015/member/show/e2c62bbc-480d-11e5-a217-b2e17d574c3a.html,hint+repo,200,200,,200,200,,SAME_EXCEPT_SELFHOST_URL_FORM,,,,
/2015/member/show/e3d5e1fc-f90a-11e4-975c-8ab37d574c3a,wayback-cdx,200,200,,404,404,,LOST,20150517,20151108,3,
/2015/member/show/e3de52fe-1306-11e5-be58-d9f87d574c3a,old-link,200,200,,404,404,,LOST,,,,
/2015/member/show/e491d2ac-f7a4-11e4-a916-8ab37d574c3a,wayback-cdx,200,200,,404,404,,LOST,20150621,20160328,2,
/2015/member/show/e6e250a2-1358-11e5-8c2b-d9f87d574c3a,wayback-cdx,200,200,,404,404,,LOST,20221210,20221210,1,
/2015/member/show/e9c194ac-1328-11e5-a739-d9f87d574c3a,wayback-cdx,200,200,,404,404,,LOST,20150624,20160329,2,
/2015/member/show/ea0bf72c-135f-11e5-addc-d9f87d574c3a,hint+repo+wayback-cdx,200,200,,200,200,,SAME_EXCEPT_SELFHOST_URL_FORM,20150814,20221206,7,
/2015/member/show/ea0bf72c-135f-11e5-addc-d9f87d574c3a.html,hint+repo,200,200,,200,200,,SAME_EXCEPT_SELFHOST_URL_FORM,,,,
/2015/member/show/ea77e896-0659-11e5-9492-79c97d574c3a,hint+repo+wayback-cdx,200,200,,200,200,,SAME_EXCEPT_SELFHOST_URL_FORM,20150824,20221210,4,
/2015/member/show/ea77e896-0659-11e5-9492-79c97d574c3a.html,hint+repo,200,200,,200,200,,SAME_EXCEPT_SELFHOST_URL_FORM,,,,
/2015/member/show/ebb91b30-f9ca-11e4-b29d-8ab37d574c3a,hint+repo+wayback-cdx,200,200,,200,200,,SAME_EXCEPT_SELFHOST_URL_FORM,20150517,20151003,3,
/2015/member/show/ebb91b30-f9ca-11e4-b29d-8ab37d574c3a.html,hint+repo,200,200,,200,200,,SAME_EXCEPT_SELFHOST_URL_FORM,,,,
/2015/member/show/eca603f8-0b1a-11e5-ab80-67dc7d574c3a,wayback-cdx,200,200,,404,404,,LOST,20150615,20150615,1,
/2015/member/show/ee58d02c-0048-11e5-88b9-89c77d574c3a,hint+repo+wayback-cdx,200,200,,200,200,,SAME_EXCEPT_SELFHOST_URL_FORM,20150628,20151003,3,
/2015/member/show/ee58d02c-0048-11e5-88b9-89c77d574c3a.html,hint+repo,200,200,,200,200,,SAME_EXCEPT_SELFHOST_URL_FORM,,,,
/2015/member/show/ee976d88-1339-11e5-94e4-d9f87d574c3a,wayback-cdx,200,200,,404,404,,LOST,20150618,20150618,1,
/2015/member/show/eeb01100-f76c-11e4-aee6-8ab37d574c3a,hint+repo+wayback-cdx,200,200,,200,200,,SAME_EXCEPT_SELFHOST_URL_FORM,20150517,20160912,4,
/2015/member/show/eeb01100-f76c-11e4-aee6-8ab37d574c3a.html,hint+repo,200,200,,200,200,,SAME_EXCEPT_SELFHOST_URL_FORM,,,,
/2015/member/show/f31e9eba-0daf-11e5-8187-67dc7d574c3a,wayback-cdx,200,200,,404,404,,LOST,20151227,20160330,2,
/2015/member/show/f3e1d602-fa66-11e4-b5f5-8ab37d574c3a,hint+repo+wayback-cdx,200,200,,200,200,,SAME_EXCEPT_SELFHOST_URL_FORM,20150517,20221210,4,
/2015/member/show/f3e1d602-fa66-11e4-b5f5-8ab37d574c3a.html,hint+repo,200,200,,200,200,,SAME_EXCEPT_SELFHOST_URL_FORM,,,,
/2015/member/show/f72b3276-13c1-11e5-86a3-2e007e574c3a,hint+repo+wayback-cdx,200,200,,200,200,,SAME_EXCEPT_SELFHOST_URL_FORM,20150814,20151002,2,
/2015/member/show/f72b3276-13c1-11e5-86a3-2e007e574c3a.html,hint+repo,200,200,,200,200,,SAME_EXCEPT_SELFHOST_URL_FORM,,,,
/2015/member/show/fd2ada86-133b-11e5-a69e-d9f87d574c3a,hint+repo+wayback-cdx,200,200,,200,200,,SAME_EXCEPT_SELFHOST_URL_FORM,20150824,20151002,2,
/2015/member/show/fd2ada86-133b-11e5-a69e-d9f87d574c3a.html,hint+repo,200,200,,200,200,,SAME_EXCEPT_SELFHOST_URL_FORM,,,,
/2015/member/show/fd3f7cb2-fa9e-11e4-87f0-8ab37d574c3a,hint+repo+wayback-cdx,200,200,,200,200,,SAME_EXCEPT_SELFHOST_URL_FORM,20150517,20190714,4,
/2015/member/show/fd3f7cb2-fa9e-11e4-87f0-8ab37d574c3a.html,hint+repo,200,200,,200,200,,SAME_EXCEPT_SELFHOST_URL_FORM,,,,
/2015/member/show/fd66f54e-125e-11e5-a2ab-d9f87d574c3a,wayback-cdx,200,200,,404,404,,LOST,20151217,20151217,1,
/2015/member/show/fdd3a57e-11ad-11e5-b3ec-d7f07d574c3a,hint+repo+wayback-cdx,200,200,,200,200,,SAME_EXCEPT_SELFHOST_URL_FORM,20150628,20190826,7,
/2015/member/show/fdd3a57e-11ad-11e5-b3ec-d7f07d574c3a.html,hint+repo,200,200,,200,200,,SAME_EXCEPT_SELFHOST_URL_FORM,,,,
/2015/member/show/fe68e11a-128a-11e5-a1f5-d9f87d574c3a,hint+repo+wayback-cdx,200,200,,200,200,,SAME_EXCEPT_SELFHOST_URL_FORM,20150624,20151003,3,
/2015/member/show/fe68e11a-128a-11e5-a1f5-d9f87d574c3a.html,hint+repo,200,200,,200,200,,SAME_EXCEPT_SELFHOST_URL_FORM,,,,
/2015/mobile/css/framework7.min.css,hint+repo,200,200,,200,200,,IDENTICAL,,,,
/2015/mobile/css/mobile-app.css,hint+repo,200,200,,200,200,,IDENTICAL,,,,
/2015/mobile/img/i-f7.png,hint+repo,200,200,,200,200,,IDENTICAL,,,,
/2015/mobile/img/i-form-calendar.png,hint+repo,200,200,,200,200,,IDENTICAL,,,,
/2015/mobile/img/i-form-checkbox-white.png,hint+repo,200,200,,200,200,,IDENTICAL,,,,
/2015/mobile/img/i-form-comment.png,hint+repo,200,200,,200,200,,IDENTICAL,,,,
/2015/mobile/img/i-form-email.png,hint+repo,200,200,,200,200,,IDENTICAL,,,,
/2015/mobile/img/i-form-gender.png,hint+repo,200,200,,200,200,,IDENTICAL,,,,
/2015/mobile/img/i-form-name.png,hint+repo,200,200,,200,200,,IDENTICAL,,,,
/2015/mobile/img/i-form-password.png,hint+repo,200,200,,200,200,,IDENTICAL,,,,
/2015/mobile/img/i-form-radio-blue.png,hint+repo,200,200,,200,200,,IDENTICAL,,,,
/2015/mobile/img/i-form-settings.png,hint+repo,200,200,,200,200,,IDENTICAL,,,,
/2015/mobile/img/i-form-tel.png,hint+repo,200,200,,200,200,,IDENTICAL,,,,
/2015/mobile/img/i-form-toggle.png,hint+repo,200,200,,200,200,,IDENTICAL,,,,
/2015/mobile/img/i-form-url.png,hint+repo,200,200,,200,200,,IDENTICAL,,,,
/2015/mobile/js/angular-sanitize.js,old-link,404,404,,404,404,,BOTH_NOT_OK_SAME,,,,
/2015/mobile/js/angular.min.js,hint+repo,200,200,,200,200,,IDENTICAL,,,,
/2015/mobile/js/framework7.js,hint+repo,200,200,,200,200,,IDENTICAL,,,,
/2015/mobile/js/index.html,old-link,404,404,,404,404,,BOTH_NOT_OK_SAME,,,,
/2015/mobile/js/jquery.min.js,hint+repo,200,200,,200,200,,IDENTICAL,,,,
/2015/mobile/js/mobile-app.js,hint+repo,200,200,,200,200,,TEXT_DIFF,,,,
/2015/mobile/js/mobile-app.js?v=1,hint,200,200,,200,200,,TEXT_DIFF,,,,
/2015/mobile/js/protractor.js,old-link,404,404,,404,404,,BOTH_NOT_OK_SAME,,,,
/2015/mobile/js/sanitize.js,hint+repo,200,200,,200,200,,IDENTICAL,,,,
/2015/network,repo,404,404,,200,200,,OLD_NOT_OK_NEW_OK,,,,
/2015/network.html,hint+repo+wayback-cdx,200,200,,200,200,,SAME_BENIGN,20150820,20251119,16,
/2015/news,hint,301,200,/2015/news/,301,200,/2015/news/,LINK_TARGET_DIFF,,,,
/2015/news/,hint+repo+wayback-cdx,200,200,,200,200,,LINK_TARGET_DIFF,20150216,20260101,48,
/2015/news/02/first-bach-of-guest-speakers,repo,404,404,,200,200,,OLD_NOT_OK_NEW_OK,,,,
/2015/news/02/first-bach-of-guest-speakers.html,hint+repo+wayback-cdx,200,200,,200,200,,SAME_EXCEPT_SELFHOST_URL_FORM,20150210,20221205,6,
/2015/news/02/introduction,repo,404,404,,200,200,,OLD_NOT_OK_NEW_OK,,,,
/2015/news/02/introduction.html,hint+repo+wayback-cdx,200,200,,200,200,,SAME_EXCEPT_SELFHOST_URL_FORM,20150516,20160901,2,
/2015/news/02/looking-for-sponsors,repo,404,404,,200,200,,OLD_NOT_OK_NEW_OK,,,,
/2015/news/02/looking-for-sponsors.html,hint+repo+wayback-cdx,200,200,,200,200,,SAME_EXCEPT_SELFHOST_URL_FORM,20150216,20160901,4,
/2015/news/03/additional-sponsors,repo,404,404,,200,200,,OLD_NOT_OK_NEW_OK,,,,
/2015/news/03/additional-sponsors.html,hint+repo+wayback-cdx,200,200,,200,200,,SAME_EXCEPT_SELFHOST_URL_FORM,20150502,20160903,2,
/2015/news/03/introducing-our-sponsors-yapc,repo,404,404,,200,200,,OLD_NOT_OK_NEW_OK,,,,
/2015/news/03/introducing-our-sponsors-yapc.html,hint+repo+wayback-cdx,200,200,,200,200,,SAME_EXCEPT_SELFHOST_URL_FORM,20150502,20160903,3,
/2015/news/03/post,repo,404,404,,200,200,,OLD_NOT_OK_NEW_OK,,,,
/2015/news/03/post.html,hint+repo+wayback-cdx,200,200,,200,200,,SAME_EXCEPT_SELFHOST_URL_FORM,20150303,20221226,5,
/2015/news/04/discount-rates-at-nearby-hotels,repo,404,404,,200,200,,OLD_NOT_OK_NEW_OK,,,,
/2015/news/04/discount-rates-at-nearby-hotels.html,hint+repo+wayback-cdx,200,200,,200,200,,SAME_EXCEPT_SELFHOST_URL_FORM,20150427,20230315,4,
/2015/news/04/final-call-for-sponsors,repo,404,404,,200,200,,OLD_NOT_OK_NEW_OK,,,,
/2015/news/04/final-call-for-sponsors.html,hint+repo+wayback-cdx,200,200,,200,200,,SAME_EXCEPT_SELFHOST_URL_FORM,20150502,20160903,3,
/2015/news/04/free-coffee,repo,404,404,,200,200,,OLD_NOT_OK_NEW_OK,,,,
/2015/news/04/free-coffee.html,hint+repo+wayback-cdx,200,200,,200,200,,SAME_EXCEPT_SELFHOST_URL_FORM,20150502,20161021,4,
/2015/news/04/volunteer-staff-wanted,repo,404,404,,200,200,,OLD_NOT_OK_NEW_OK,,,,
/2015/news/04/volunteer-staff-wanted.html,hint+repo+wayback-cdx,200,200,,200,200,,SAME_EXCEPT_SELFHOST_URL_FORM,20150406,20221207,4,
/2015/news/04/what-is-the-work-of-the-volunteer-staff,repo,404,404,,200,200,,OLD_NOT_OK_NEW_OK,,,,
/2015/news/04/what-is-the-work-of-the-volunteer-staff.html,hint+repo+wayback-cdx,200,200,,200,200,,SAME_EXCEPT_SELFHOST_URL_FORM,20150407,20160307,3,
/2015/news/05/additional-guest-speakers,repo,404,404,,200,200,,OLD_NOT_OK_NEW_OK,,,,
/2015/news/05/additional-guest-speakers.html,hint+repo+wayback-cdx,200,200,,200,200,,SAME_EXCEPT_SELFHOST_URL_FORM,20150507,20221207,4,
/2015/news/05/call-for-papers,repo,404,404,,200,200,,OLD_NOT_OK_NEW_OK,,,,
/2015/news/05/call-for-papers.html,hint+repo+wayback-cdx,200,200,,200,200,,SAME_EXCEPT_SELFHOST_URL_FORM,20150508,20160901,3,
/2015/news/05/doraperson2015,repo,404,404,,200,200,,OLD_NOT_OK_NEW_OK,,,,
/2015/news/05/doraperson2015.html,hint+repo+wayback-cdx,200,200,,200,200,,SAME_EXCEPT_SELFHOST_URL_FORM,20150602,20160902,2,
/2015/news/05/early-bird-tickets-on-sale,repo,404,404,,200,200,,OLD_NOT_OK_NEW_OK,,,,
/2015/news/05/early-bird-tickets-on-sale.html,hint+repo+wayback-cdx,200,200,,200,200,,SAME_EXCEPT_SELFHOST_URL_FORM,20150508,20160902,3,
/2015/news/05/i-need-a-nice-tumbler,repo,404,404,,200,200,,OLD_NOT_OK_NEW_OK,,,,
/2015/news/05/i-need-a-nice-tumbler.html,hint+repo+wayback-cdx,200,200,,200,200,,SAME_EXCEPT_SELFHOST_URL_FORM,20150522,20160901,3,
/2015/news/06/best-talk-awards,repo,404,404,,200,200,,OLD_NOT_OK_NEW_OK,,,,
/2015/news/06/best-talk-awards.html,hint+repo+wayback-cdx,200,200,,200,200,,SAME_BENIGN,20150622,20260831,11,
/2015/news/06/regular-tickets-are-on-sale,repo,404,404,,200,200,,OLD_NOT_OK_NEW_OK,,,,
/2015/news/06/regular-tickets-are-on-sale.html,hint+repo+wayback-cdx,200,200,,200,200,,SAME_BENIGN,20150601,20260101,43,
/2015/news/06/talks-accepted,repo,404,404,,200,200,,OLD_NOT_OK_NEW_OK,,,,
/2015/news/06/talks-accepted.html,hint+repo+wayback-cdx,200,200,,200,200,,SAME_EXCEPT_SELFHOST_URL_FORM,20150622,20221206,6,
/2015/news/07/attendee-dinner-tickets-will-be-sold-out-soon,repo,404,404,,200,200,,OLD_NOT_OK_NEW_OK,,,,
/2015/news/07/attendee-dinner-tickets-will-be-sold-out-soon.html,hint+repo+wayback-cdx,200,200,,200,200,,SAME_EXCEPT_SELFHOST_URL_FORM,20150714,20190607,3,
/2015/news/07/conference-dinner-registration-additional-tickets-on-sale,repo,404,404,,200,200,,OLD_NOT_OK_NEW_OK,,,,
/2015/news/07/conference-dinner-registration-additional-tickets-on-sale.html,hint+repo+wayback-cdx,200,200,,200,200,,SAME_EXCEPT_SELFHOST_URL_FORM,20150717,20160901,2,
/2015/news/07/getting-around-the-venue,repo,404,404,,200,200,,OLD_NOT_OK_NEW_OK,,,,
/2015/news/07/getting-around-the-venue.html,hint+repo+wayback-cdx,200,200,,200,200,,SAME_BENIGN,20150723,20260101,34,
/2015/news/07/getting-from-kokusai-tenjijo-seimon-to-tokyo-bigsight-en,repo,404,404,,200,200,,OLD_NOT_OK_NEW_OK,,,,
/2015/news/07/getting-from-kokusai-tenjijo-seimon-to-tokyo-bigsight-en.html,hint+repo+wayback-cdx,200,200,,200,200,,SAME_BENIGN,20150726,20251117,5,
/2015/news/07/getting-from-kokusai-tenjijo-seimon-to-tokyo-bigsight-ja,repo,404,404,,200,200,,OLD_NOT_OK_NEW_OK,,,,
/2015/news/07/getting-from-kokusai-tenjijo-seimon-to-tokyo-bigsight-ja.html,hint+repo+wayback-cdx,200,200,,200,200,,SAME_BENIGN,20150726,20251119,5,
/2015/news/07/getting-from-kokusai-tenjijo-to-tokyo-bigsight-en,repo,404,404,,200,200,,OLD_NOT_OK_NEW_OK,,,,
/2015/news/07/getting-from-kokusai-tenjijo-to-tokyo-bigsight-en.html,hint+repo+wayback-cdx,200,200,,200,200,,SAME_BENIGN,20150726,20251116,5,
/2015/news/07/getting-from-kokusai-tenjijo-to-tokyo-bigsight-ja,repo,404,404,,200,200,,OLD_NOT_OK_NEW_OK,,,,
/2015/news/07/getting-from-kokusai-tenjijo-to-tokyo-bigsight-ja.html,hint+repo+wayback-cdx,200,200,,200,200,,SAME_BENIGN,20150726,20251118,9,
/2015/news/07/getting-from-tokyo-bigsight-entrance-to-international-conference-room-en,repo,404,404,,200,200,,OLD_NOT_OK_NEW_OK,,,,
/2015/news/07/getting-from-tokyo-bigsight-entrance-to-international-conference-room-en.html,hint+repo+wayback-cdx,200,200,,200,200,,SAME_BENIGN,20150726,20251116,5,
/2015/news/07/getting-from-tokyo-bigsight-entrance-to-international-conference-room-ja,repo,404,404,,200,200,,OLD_NOT_OK_NEW_OK,,,,
/2015/news/07/getting-from-tokyo-bigsight-entrance-to-international-conference-room-ja.html,hint+repo+wayback-cdx,200,200,,200,200,,SAME_BENIGN,20150726,20251116,7,
/2015/news/07/getting-from-tokyo-bisight-entrance-to-intl-conference-room-en.html,hint,404,404,,404,404,,BOTH_NOT_OK_SAME,,,,5
/2015/news/07/hotel-sunroute-en,repo,404,404,,200,200,,OLD_NOT_OK_NEW_OK,,,,
/2015/news/07/hotel-sunroute-en.html,hint+repo+wayback-cdx,200,200,,200,200,,SAME_BENIGN,20150726,20251129,6,
/2015/news/07/hotel-sunroute-ja,repo,404,404,,200,200,,OLD_NOT_OK_NEW_OK,,,,
/2015/news/07/hotel-sunroute-ja.html,hint+repo+wayback-cdx,200,200,,200,200,,SAME_BENIGN,20150726,20251117,5,
/2015/news/07/how-to-get-to-tokyo-bigsight-area-en,repo,404,404,,200,200,,OLD_NOT_OK_NEW_OK,,,,
/2015/news/07/how-to-get-to-tokyo-bigsight-area-en.html,hint+repo+wayback-cdx,200,200,,200,200,,SAME_BENIGN,20150726,20251119,5,
/2015/news/07/how-to-get-to-tokyo-bigsight-area-ja,repo,404,404,,200,200,,OLD_NOT_OK_NEW_OK,,,,
/2015/news/07/how-to-get-to-tokyo-bigsight-area-ja.html,hint+repo+wayback-cdx,200,200,,200,200,,SAME_BENIGN,20150725,20250524,4,
/2015/news/07/tokyo-bay-ariake-washington-hotel-en,repo,404,404,,200,200,,OLD_NOT_OK_NEW_OK,,,,
/2015/news/07/tokyo-bay-ariake-washington-hotel-en.html,hint+repo+wayback-cdx,200,200,,200,200,,SAME_BENIGN,20150726,20251127,5,
/2015/news/07/tokyo-bay-ariake-washington-hotel-ja,repo,404,404,,200,200,,OLD_NOT_OK_NEW_OK,,,,
/2015/news/07/tokyo-bay-ariake-washington-hotel-ja.html,hint+repo+wayback-cdx,200,200,,200,200,,SAME_BENIGN,20150726,20251119,5,
/2015/news/07/yapcasia-infrastructure,repo,404,404,,200,200,,OLD_NOT_OK_NEW_OK,,,,
/2015/news/07/yapcasia-infrastructure.html,hint+repo+wayback-cdx,200,200,,200,200,,SAME_EXCEPT_SELFHOST_URL_FORM,20150707,20221225,5,
/2015/news/07/yapcasia-tokyo-2015,repo,404,404,,200,200,,OLD_NOT_OK_NEW_OK,,,,
/2015/news/07/yapcasia-tokyo-2015-1,repo,404,404,,200,200,,OLD_NOT_OK_NEW_OK,,,,
/2015/news/07/yapcasia-tokyo-2015-1.html,hint+repo+wayback-cdx,200,200,,200,200,,SAME_EXCEPT_SELFHOST_URL_FORM,20150731,20220517,6,
/2015/news/07/yapcasia-tokyo-2015.html,hint+repo+wayback-cdx,200,200,,200,200,,SAME_EXCEPT_SELFHOST_URL_FORM,20150717,20190826,4,
/2015/news/08/additional-tickets-on-sale,repo,404,404,,200,200,,OLD_NOT_OK_NEW_OK,,,,
/2015/news/08/additional-tickets-on-sale.html,hint+repo+wayback-cdx,200,200,,200,200,,SAME_BENIGN,20150810,20260101,33,
/2015/news/08/call-for-lightning-talks,repo,404,404,,200,200,,OLD_NOT_OK_NEW_OK,,,,
/2015/news/08/call-for-lightning-talks.html,hint+repo+wayback-cdx,200,200,,200,200,,SAME_BENIGN,20150806,20260216,10,
/2015/news/08/day0,repo,404,404,,200,200,,OLD_NOT_OK_NEW_OK,,,,
/2015/news/08/day0.html,hint+repo+wayback-cdx,200,200,,200,200,,LINK_TARGET_DIFF,20150821,20260101,32,
/2015/news/08/hashtags,repo,404,404,,200,200,,OLD_NOT_OK_NEW_OK,,,,
/2015/news/08/hashtags.html,hint+repo+wayback-cdx,200,200,,200,200,,SAME_BENIGN,20150821,20260101,32,
/2015/news/08/lightning-talks-aug-21,repo,404,404,,200,200,,OLD_NOT_OK_NEW_OK,,,,
/2015/news/08/lightning-talks-aug-21.html,hint+repo+wayback-cdx,200,200,,200,200,,SAME_BENIGN,20150824,20260101,34,
/2015/news/08/lightning-talks-aug-22,repo,404,404,,200,200,,OLD_NOT_OK_NEW_OK,,,,
/2015/news/08/lightning-talks-aug-22.html,hint+repo+wayback-cdx,200,200,,200,200,,SAME_BENIGN,20150824,20260301,37,
/2015/news/08/lunch-session,repo,404,404,,200,200,,OLD_NOT_OK_NEW_OK,,,,
/2015/news/08/lunch-session.html,hint+repo+wayback-cdx,200,200,,200,200,,SAME_EXCEPT_SELFHOST_URL_FORM,20150803,20221206,6,
/2015/news/08/lunch-session.html?utm_source=dlvr.it&utm_medium=twitter,wayback-cdx,200,200,,200,200,,SAME_EXCEPT_SELFHOST_URL_FORM,20230509,20230509,1,
/2015/news/08/the-big-chaban,repo,404,404,,200,200,,OLD_NOT_OK_NEW_OK,,,,
/2015/news/08/the-big-chaban.html,hint+repo+wayback-cdx,200,200,,200,200,,SAME_BENIGN,20150818,20260101,37,
/2015/news/08/tweet-reporter-wanted,repo,404,404,,200,200,,OLD_NOT_OK_NEW_OK,,,,
/2015/news/08/tweet-reporter-wanted.html,hint+repo+wayback-cdx,200,200,,200,200,,SAME_EXCEPT_SELFHOST_URL_FORM,20150805,20221225,7,
/2015/news/08/vote-for-the-best-talks,repo,404,404,,200,200,,OLD_NOT_OK_NEW_OK,,,,
/2015/news/08/vote-for-the-best-talks.html,hint+repo+wayback-cdx,200,200,,200,200,,SAME_BENIGN,20150821,20260101,32,
/2015/news/08/wifi-at-the-venue,repo,404,404,,200,200,,OLD_NOT_OK_NEW_OK,,,,
/2015/news/08/wifi-at-the-venue.html,hint+repo+wayback-cdx,200,200,,200,200,,SAME_BENIGN,20150820,20260216,30,
/2015/news/08/yapcasia-tokyo-2015-blog-entries,repo,404,404,,200,200,,OLD_NOT_OK_NEW_OK,,,,
/2015/news/08/yapcasia-tokyo-2015-blog-entries.html,hint+repo+wayback-cdx,200,200,,200,200,,SAME_BENIGN,20150823,20260831,46,
/2015/news/08/yapcasia-tokyo-hackathon,repo,404,404,,200,200,,OLD_NOT_OK_NEW_OK,,,,
/2015/news/08/yapcasia-tokyo-hackathon.html,hint+repo+wayback-cdx,200,200,,200,200,,SAME_BENIGN,20150810,20260101,33,
/2015/news/index,repo,404,404,,200,200,,OLD_NOT_OK_NEW_OK,,,,
/2015/news/index.html,hint+repo,200,200,,200,200,,LINK_TARGET_DIFF,,,,
/2015/photos,hint,302,302,,301,301,,EXT_REDIRECT_SCHEME,,,,
/2015/sample_ticket.png,hint+repo,200,200,,200,200,,IDENTICAL,,,,
/2015/sponsors,hint,301,200,/2015/sponsors/,301,200,/2015/sponsors/,SAME_BENIGN,,,,
/2015/sponsors/,hint+repo+wayback-cdx,200,200,,200,200,,SAME_BENIGN,20150213,20251117,32,
/2015/sponsors/index,repo,404,404,,200,200,,OLD_NOT_OK_NEW_OK,,,,
/2015/sponsors/index.html,hint+repo,200,200,,200,200,,SAME_BENIGN,,,,
/2015/staff,hint+wayback-cdx,404,404,,301,200,/2015/staff/,OLD_NOT_OK_NEW_OK,20150627,20170226,5,
/2015/staff/,hint+repo,404,404,,200,200,,OLD_NOT_OK_NEW_OK,20150628,20250524,29,
/2015/staff/index,repo,404,404,,200,200,,OLD_NOT_OK_NEW_OK,,,,
/2015/staff/index.html,hint+repo,404,404,,200,200,,OLD_NOT_OK_NEW_OK,,,,
/2015/static/images/yapc_icon.jpg,hint,404,404,,404,404,,BOTH_NOT_OK_SAME,,,,6
/2015/stuff_2014.png,hint+repo,200,200,,200,200,,IDENTICAL,,,,
/2015/talk/input,hint,302,200,/2015/login,404,404,,LOST,,,,
/2015/talk/input?lang=en,hint,302,200,/2015/login,404,404,,LOST,,,,5
/2015/talk/input?lang=ja,hint,302,200,/2015/login,404,404,,LOST,,,,5
/2015/talk/input?lt=1,hint,302,200,/2015/login,404,404,,LOST,,,,5
/2015/talk/input?lt=1&lang=en,hint,302,200,/2015/login,404,404,,LOST,,,,5
/2015/talk/list,hint+repo+wayback-cdx,200,200,,200,200,,CONTENT_DIFF,20150516,20251118,31,
/2015/talk/list.html,hint+repo,200,200,,200,200,,CONTENT_DIFF,,,,
/2015/talk/list?lang=en,hint+wayback-cdx,200,200,,200,200,,CONTENT_DIFF,20150626,20250524,4,
/2015/talk/schedule,hint+repo+wayback-cdx,200,200,,200,200,,CONTENT_DIFF,20250223,20250223,1,
/2015/talk/schedule-,new-link,404,404,,404,404,,BOTH_NOT_OK_SAME,,,,
/2015/talk/schedule-2015-08-20-pc,hint+repo+wayback-cdx,404,404,,200,200,,OLD_NOT_OK_NEW_OK,20231208,20231208,1,
/2015/talk/schedule-2015-08-20-pc.html,hint+repo+wayback-cdx,404,404,,200,200,,OLD_NOT_OK_NEW_OK,20230923,20260508,3,
/2015/talk/schedule-2015-08-20-pc.html-pc.html&lang=en,hint,404,404,,404,404,,BOTH_NOT_OK_SAME,,,,
/2015/talk/schedule-2015-08-20-sp,hint+repo+wayback-cdx,404,404,,200,200,,OLD_NOT_OK_NEW_OK,20240223,20260613,2,
/2015/talk/schedule-2015-08-20-sp.html,hint+repo+wayback-cdx,404,404,,200,200,,OLD_NOT_OK_NEW_OK,20231206,20260508,3,
/2015/talk/schedule-2015-08-20.json,hint+repo,404,404,,200,200,,OLD_NOT_OK_NEW_OK,,,,
/2015/talk/schedule-2015-08-21-pc,hint+repo,404,404,,200,200,,OLD_NOT_OK_NEW_OK,,,,
/2015/talk/schedule-2015-08-21-pc.html,hint+repo+wayback-cdx,404,404,,200,200,,OLD_NOT_OK_NEW_OK,20231201,20260508,3,
/2015/talk/schedule-2015-08-21-pc.html-pc.html&lang=en,hint,404,404,,404,404,,BOTH_NOT_OK_SAME,,,,
/2015/talk/schedule-2015-08-21-sp,hint+repo,404,404,,200,200,,OLD_NOT_OK_NEW_OK,,,,
/2015/talk/schedule-2015-08-21-sp.html,hint+repo+wayback-cdx,404,404,,200,200,,OLD_NOT_OK_NEW_OK,20231206,20260508,2,
/2015/talk/schedule-2015-08-21.json,hint+repo,404,404,,200,200,,OLD_NOT_OK_NEW_OK,,,,
/2015/talk/schedule-2015-08-22-pc,hint+repo,404,404,,200,200,,OLD_NOT_OK_NEW_OK,,,,
/2015/talk/schedule-2015-08-22-pc.html,hint+repo+wayback-cdx,404,404,,200,200,,OLD_NOT_OK_NEW_OK,20231201,20260413,3,
/2015/talk/schedule-2015-08-22-pc.html-pc.html&lang=en,hint,404,404,,404,404,,BOTH_NOT_OK_SAME,,,,
/2015/talk/schedule-2015-08-22-sp,hint+repo,404,404,,200,200,,OLD_NOT_OK_NEW_OK,,,,
/2015/talk/schedule-2015-08-22-sp.html,hint+repo+wayback-cdx,404,404,,200,200,,OLD_NOT_OK_NEW_OK,20231206,20260508,2,
/2015/talk/schedule-2015-08-22.json,hint+repo,404,404,,200,200,,OLD_NOT_OK_NEW_OK,,,,
/2015/talk/schedule.html,hint+repo,200,200,,200,200,,CONTENT_DIFF,,,,
/2015/talk/schedule/,hint+repo,200,200,,200,200,,CONTENT_DIFF,,,,
/2015/talk/schedule/index,repo,404,404,,200,200,,OLD_NOT_OK_NEW_OK,,,,
/2015/talk/schedule/index.html,hint+repo,404,404,,200,200,,OLD_NOT_OK_NEW_OK,,,,
/2015/talk/schedule?date=,old-link,200,200,,200,200,,CONTENT_DIFF,,,,
/2015/talk/schedule?date=2015-08-20,hint+wayback-cdx,200,200,,200,200,,CONTENT_DIFF,20150626,20231207,9,
/2015/talk/schedule?date=2015-08-20&format=json,hint,200,200,,200,200,,JSON_DIFF,,,,
/2015/talk/schedule?date=2015-08-20&format=mobile,hint+wayback-cdx,200,200,,200,200,,CONTENT_DIFF,20151003,20151003,1,
/2015/talk/schedule?date=2015-08-20&lang=en,hint+wayback-cdx,200,200,,200,200,,CONTENT_DIFF,20150626,20160901,2,
/2015/talk/schedule?date=2015-08-21,hint+wayback-cdx,200,200,,200,200,,CONTENT_DIFF,20150626,20250321,15,
/2015/talk/schedule?date=2015-08-21&format=json,hint,200,200,,200,200,,JSON_DIFF,,,,
/2015/talk/schedule?date=2015-08-21&format=mobile,hint+wayback-cdx,200,200,,200,200,,CONTENT_DIFF,20151003,20151003,1,
/2015/talk/schedule?date=2015-08-21&lang=en,hint+wayback-cdx,200,200,,200,200,,CONTENT_DIFF,20150626,20160901,2,
/2015/talk/schedule?date=2015-08-22,hint+wayback-cdx,200,200,,200,200,,CONTENT_DIFF,20150624,20250321,15,
/2015/talk/schedule?date=2015-08-22&format=json,hint,200,200,,200,200,,JSON_DIFF,,,,
/2015/talk/schedule?date=2015-08-22&format=mobile,hint+wayback-cdx,200,200,,200,200,,CONTENT_DIFF,20151003,20151003,1,
/2015/talk/schedule?date=2015-08-22&lang=en,hint+wayback-cdx,200,200,,200,200,,CONTENT_DIFF,20150626,20160902,2,
/2015/talk/show/034c0d1e-10d4-11e5-9c9b-d7f07d574c3a,wayback-cdx,200,200,,404,404,,LOST,20150612,20151114,2,
/2015/talk/show/04a4c95c-0fea-11e5-9a0f-d7f07d574c3a,wayback-cdx,200,200,,404,404,,LOST,20150611,20150611,1,
/2015/talk/show/06da17f0-3dc5-11e5-b91a-76d67d574c3a,hint+repo+wayback-cdx,403,403,,200,200,,OLD_NOT_OK_NEW_OK,20150810,20260508,7,
/2015/talk/show/06da17f0-3dc5-11e5-b91a-76d67d574c3a.html,hint+repo,403,403,,200,200,,OLD_NOT_OK_NEW_OK,,,,
/2015/talk/show/0974fb38-facc-11e4-9382-8ab37d574c3a,wayback-cdx,200,200,,404,404,,LOST,20150515,20190616,4,
/2015/talk/show/0af26fe4-0b7b-11e5-a29c-67dc7d574c3a,hint+repo+wayback-cdx,200,200,,200,200,,CONTENT_DIFF,20150608,20260508,19,
/2015/talk/show/0af26fe4-0b7b-11e5-a29c-67dc7d574c3a.html,hint+repo,200,200,,200,200,,CONTENT_DIFF,,,,
/2015/talk/show/0b669ad8-f616-11e4-90fb-8ab37d574c3a,hint+repo+wayback-cdx,200,200,,200,200,,CONTENT_DIFF,20150517,20260508,9,
/2015/talk/show/0b669ad8-f616-11e4-90fb-8ab37d574c3a.html,hint+repo,200,200,,200,200,,CONTENT_DIFF,,,,
/2015/talk/show/0c1ab872-0ac7-11e5-acee-67dc7d574c3a,hint+repo+wayback-cdx,200,200,,200,200,,EXT_LINK_DIFF,20150827,20160702,2,
/2015/talk/show/0c1ab872-0ac7-11e5-acee-67dc7d574c3a.html,hint+repo,200,200,,200,200,,EXT_LINK_DIFF,,,,
/2015/talk/show/0dcfc436-133d-11e5-9f77-d9f87d574c3a,wayback-cdx,200,200,,404,404,,LOST,20150615,20221127,3,
/2015/talk/show/0f62694a-1354-11e5-8eb4-d9f87d574c3a,wayback-cdx,200,200,,404,404,,LOST,20150615,20160308,3,
/2015/talk/show/107a1fb6-4807-11e5-ac2f-b2e17d574c3a,hint+repo+wayback-cdx,403,403,,200,200,,OLD_NOT_OK_NEW_OK,20151002,20260508,5,
/2015/talk/show/107a1fb6-4807-11e5-ac2f-b2e17d574c3a.html,hint+repo,403,403,,200,200,,OLD_NOT_OK_NEW_OK,,,,
/2015/talk/show/139ba374-47ec-11e5-9e63-b2e17d574c3a,wayback-cdx,403,403,,404,404,,BOTH_NOT_OK_DIFF,20190508,20190508,1,
/2015/talk/show/16b65b5a-0064-11e5-9c42-89c77d574c3a,wayback-cdx,200,200,,404,404,,LOST,20160313,20160313,1,
/2015/talk/show/1be822d8-0f83-11e5-b022-43ec7d574c3a,wayback-cdx,200,200,,404,404,,LOST,20160318,20221127,5,
/2015/talk/show/1c7648fa-1344-11e5-8c7c-d9f87d574c3a,wayback-cdx,200,200,,404,404,,LOST,20150618,20150618,1,
/2015/talk/show/1da55daa-0deb-11e5-944c-67dc7d574c3a,hint+repo+wayback-cdx,200,200,,200,200,,CONTENT_DIFF,20150608,20260308,18,
/2015/talk/show/1da55daa-0deb-11e5-944c-67dc7d574c3a.html,hint+repo,200,200,,200,200,,CONTENT_DIFF,,,,
/2015/talk/show/1ddceae2-133e-11e5-9831-d9f87d574c3a,wayback-cdx,200,200,,404,404,,LOST,20160129,20160306,2,
/2015/talk/show/1de1adc8-1165-11e5-b6ef-d7f07d574c3a,wayback-cdx,200,200,,404,404,,LOST,20150629,20150629,1,
/2015/talk/show/1e976f9e-0046-11e5-a69c-89c77d574c3a,wayback-cdx,200,200,,404,404,,LOST,20150522,20221205,4,
/2015/talk/show/1effc02c-136e-11e5-8887-d9f87d574c3a,wayback-cdx,200,200,,404,404,,LOST,20150623,20150623,1,
/2015/talk/show/1ffa6f7a-f5e8-11e4-a4ec-49b37d574c3a,hint+repo+wayback-cdx,200,200,,200,200,,CONTENT_DIFF,20150517,20231207,10,
/2015/talk/show/1ffa6f7a-f5e8-11e4-a4ec-49b37d574c3a.html,hint+repo,200,200,,200,200,,CONTENT_DIFF,,,,
/2015/talk/show/20489b5c-05a4-11e5-81d9-79c97d574c3a,hint+repo+wayback-cdx,200,200,,200,200,,EXT_LINK_DIFF,20150530,20150723,2,
/2015/talk/show/20489b5c-05a4-11e5-81d9-79c97d574c3a.html,hint+repo,200,200,,200,200,,EXT_LINK_DIFF,,,,
/2015/talk/show/205b57a0-135b-11e5-8725-d9f87d574c3a,wayback-cdx,200,200,,404,404,,LOST,20150818,20230510,4,
/2015/talk/show/2077b76e-475a-11e5-bd89-c7de7d574c3a,hint+repo+wayback-cdx,403,403,,200,200,,OLD_NOT_OK_NEW_OK,20151003,20260831,7,
/2015/talk/show/2077b76e-475a-11e5-bd89-c7de7d574c3a.html,hint+repo,403,403,,200,200,,OLD_NOT_OK_NEW_OK,,,,
/2015/talk/show/20a090d0-1113-11e5-bbd3-d7f07d574c3a,wayback-cdx,200,200,,404,404,,LOST,20150612,20221226,4,
/2015/talk/show/20dd3ec6-1367-11e5-8295-d9f87d574c3a,hint+repo+wayback-cdx,200,200,,200,200,,EXT_LINK_DIFF,20150619,20150619,1,
/2015/talk/show/20dd3ec6-1367-11e5-8295-d9f87d574c3a.html,hint+repo,200,200,,200,200,,EXT_LINK_DIFF,,,,
/2015/talk/show/21cb8176-065b-11e5-9492-79c97d574c3a,hint+repo+wayback-cdx,200,200,,200,200,,CONTENT_DIFF,20150530,20231201,13,
/2015/talk/show/21cb8176-065b-11e5-9492-79c97d574c3a.html,hint+repo,200,200,,200,200,,CONTENT_DIFF,,,,
/2015/talk/show/21fd2dae-4024-11e5-8248-2bd87d574c3a,hint+repo+wayback-cdx,403,403,,200,200,,OLD_NOT_OK_NEW_OK,20151003,20250601,10,
/2015/talk/show/21fd2dae-4024-11e5-8248-2bd87d574c3a.html,hint+repo,403,403,,200,200,,OLD_NOT_OK_NEW_OK,,,,
/2015/talk/show/22957e9c-1872-11e5-aca1-525412004261,hint+repo+wayback-cdx,200,200,,200,200,,CONTENT_DIFF,20150810,20250116,14,
/2015/talk/show/22957e9c-1872-11e5-aca1-525412004261.html,hint+repo,200,200,,200,200,,CONTENT_DIFF,,,,
/2015/talk/show/22f59fb8-0fad-11e5-98ef-43ec7d574c3a,hint+repo+wayback-cdx,200,200,,200,200,,CONTENT_DIFF,20150717,20250120,12,
/2015/talk/show/22f59fb8-0fad-11e5-98ef-43ec7d574c3a.html,hint+repo,200,200,,200,200,,CONTENT_DIFF,,,,
/2015/talk/show/23fa9706-0e40-11e5-829d-67dc7d574c3a,wayback-cdx,200,200,,404,404,,LOST,20150609,20150610,2,
/2015/talk/show/265227c6-10b6-11e5-a819-d7f07d574c3a,hint+repo,200,200,,200,200,,EXT_LINK_DIFF,,,,
/2015/talk/show/265227c6-10b6-11e5-a819-d7f07d574c3a.html,hint+repo,200,200,,200,200,,EXT_LINK_DIFF,,,,
/2015/talk/show/268d730e-136c-11e5-ac8f-d9f87d574c3a,hint+repo+wayback-cdx,200,200,,200,200,,CONTENT_DIFF,20150615,20260508,8,
/2015/talk/show/268d730e-136c-11e5-ac8f-d9f87d574c3a.html,hint+repo,200,200,,200,200,,CONTENT_DIFF,,,,
/2015/talk/show/280c1b4e-fad6-11e4-9fca-8ab37d574c3a,wayback-cdx,200,200,,404,404,,LOST,20150517,20150518,2,
/2015/talk/show/28878b9c-1306-11e5-b12f-d9f87d574c3a,hint+repo+wayback-cdx,200,200,,200,200,,EXT_LINK_DIFF,20221225,20221225,1,
/2015/talk/show/28878b9c-1306-11e5-b12f-d9f87d574c3a.html,hint+repo,200,200,,200,200,,EXT_LINK_DIFF,,,,
/2015/talk/show/28f713a4-fbeb-11e4-9fa6-8ab37d574c3a,wayback-cdx,200,200,,404,404,,LOST,20170213,20170213,1,
/2015/talk/show/2934a672-134e-11e5-9ef4-d9f87d574c3a,wayback-cdx,200,200,,404,404,,LOST,20170502,20221225,2,
/2015/talk/show/2a4efafe-136b-11e5-9923-d9f87d574c3a,wayback-cdx,200,200,,404,404,,LOST,20150615,20221206,3,
/2015/talk/show/315b6296-134e-11e5-a45c-d9f87d574c3a,wayback-cdx,200,200,,404,404,,LOST,20160421,20160421,1,
/2015/talk/show/32392ef8-1314-11e5-865c-d9f87d574c3a,hint+repo+wayback-cdx,200,200,,200,200,,EXT_LINK_DIFF,20150615,20221210,6,
/2015/talk/show/32392ef8-1314-11e5-865c-d9f87d574c3a.html,hint+repo,200,200,,200,200,,EXT_LINK_DIFF,,,,
/2015/talk/show/32a684e8-fd21-11e4-94eb-bdc07d574c3a,hint+repo+wayback-cdx,200,200,,200,200,,CONTENT_DIFF,20150518,20250116,20,
/2015/talk/show/32a684e8-fd21-11e4-94eb-bdc07d574c3a.html,hint+repo,200,200,,200,200,,CONTENT_DIFF,,,,
/2015/talk/show/32e7a270-1360-11e5-b2ec-d9f87d574c3a,wayback-cdx,200,200,,404,404,,LOST,20150615,20150615,1,
/2015/talk/show/337a0bd4-460e-11e5-bcd9-6ad97d574c3a,hint+repo+wayback-cdx,403,403,,200,200,,OLD_NOT_OK_NEW_OK,20150819,20250916,9,
/2015/talk/show/337a0bd4-460e-11e5-bcd9-6ad97d574c3a.html,hint+repo,403,403,,200,200,,OLD_NOT_OK_NEW_OK,,,,
/2015/talk/show/33e44cfe-132f-11e5-9b4c-d9f87d574c3a,wayback-cdx,200,200,,404,404,,LOST,20150615,20150615,1,
/2015/talk/show/3675ed30-3d03-11e5-950c-76d67d574c3a,hint+repo+wayback-cdx,403,403,,200,200,,OLD_NOT_OK_NEW_OK,20151002,20260508,7,
/2015/talk/show/3675ed30-3d03-11e5-950c-76d67d574c3a.html,hint+repo,403,403,,200,200,,OLD_NOT_OK_NEW_OK,,,,
/2015/talk/show/38d1c04a-0766-11e5-bf81-79c97d574c3a,wayback-cdx,200,200,,404,404,,LOST,20150531,20190523,2,
/2015/talk/show/396bbcf4-455f-11e5-8e3e-6ad97d574c3a,hint+repo+wayback-cdx,403,403,,200,200,,OLD_NOT_OK_NEW_OK,20151003,20260508,5,
/2015/talk/show/396bbcf4-455f-11e5-8e3e-6ad97d574c3a.html,hint+repo,403,403,,200,200,,OLD_NOT_OK_NEW_OK,,,,
/2015/talk/show/39a15ad4-0ff5-11e5-a984-d7f07d574c3a,hint+repo+wayback-cdx,200,200,,200,200,,CONTENT_DIFF,20150611,20251018,11,
/2015/talk/show/39a15ad4-0ff5-11e5-a984-d7f07d574c3a.html,hint+repo,200,200,,200,200,,CONTENT_DIFF,,,,
/2015/talk/show/39a72c04-10e3-11e5-b8ab-d7f07d574c3a,hint+repo+wayback-cdx,200,200,,200,200,,CONTENT_DIFF,20150612,20260710,11,
/2015/talk/show/39a72c04-10e3-11e5-b8ab-d7f07d574c3a.html,hint+repo,200,200,,200,200,,CONTENT_DIFF,,,,
/2015/talk/show/39d5cf28-1273-11e5-8540-d9f87d574c3a,wayback-cdx,200,200,,404,404,,LOST,20160902,20161011,2,
/2015/talk/show/3cc6d49c-faa0-11e4-b634-8ab37d574c3a,hint+repo+wayback-cdx,200,200,,200,200,,EXT_LINK_DIFF,20150515,20221208,5,
/2015/talk/show/3cc6d49c-faa0-11e4-b634-8ab37d574c3a.html,hint+repo,200,200,,200,200,,EXT_LINK_DIFF,,,,
/2015/talk/show/3cf2bee2-1358-11e5-b64e-d9f87d574c3a,wayback-cdx,200,200,,404,404,,LOST,20150615,20221205,4,
/2015/talk/show/3d2d946a-0979-11e5-9800-67dc7d574c3a,wayback-cdx,200,200,,404,404,,LOST,20150602,20221206,4,
/2015/talk/show/3d46659a-136e-11e5-b36d-d9f87d574c3a,wayback-cdx,200,200,,404,404,,LOST,20150623,20150623,1,
/2015/talk/show/3ea83132-1352-11e5-9978-d9f87d574c3a,wayback-cdx,200,200,,404,404,,LOST,20150615,20221206,5,
/2015/talk/show/3fe49c10-fa67-11e4-9e02-8ab37d574c3a,hint+repo+wayback-cdx,200,200,,200,200,,CONTENT_DIFF,20150515,20260613,11,
/2015/talk/show/3fe49c10-fa67-11e4-9e02-8ab37d574c3a.html,hint+repo,200,200,,200,200,,CONTENT_DIFF,,,,
/2015/talk/show/441c0b72-036f-11e5-851f-79c97d574c3a,wayback-cdx,200,200,,404,404,,LOST,20150526,20221225,9,
/2015/talk/show/44721562-10e4-11e5-88a0-d7f07d574c3a,hint+repo+wayback-cdx,200,200,,200,200,,CONTENT_DIFF,20150612,20260710,15,
/2015/talk/show/44721562-10e4-11e5-88a0-d7f07d574c3a.html,hint+repo,200,200,,200,200,,CONTENT_DIFF,,,,
/2015/talk/show/4491bfc8-11d6-11e5-ac0f-d7f07d574c3a,wayback-cdx,200,200,,404,404,,LOST,20150618,20150618,1,
/2015/talk/show/452cdc6c-4618-11e5-a274-6ad97d574c3a,hint+repo+wayback-cdx,403,403,,200,200,,OLD_NOT_OK_NEW_OK,20151003,20260831,7,
/2015/talk/show/452cdc6c-4618-11e5-a274-6ad97d574c3a.html,hint+repo,403,403,,200,200,,OLD_NOT_OK_NEW_OK,,,,
/2015/talk/show/45cbb560-46ec-11e5-be42-6ad97d574c3a,hint+repo+wayback-cdx,403,403,,200,200,,OLD_NOT_OK_NEW_OK,20151002,20260508,5,
/2015/talk/show/45cbb560-46ec-11e5-be42-6ad97d574c3a.html,hint+repo,403,403,,200,200,,OLD_NOT_OK_NEW_OK,,,,
/2015/talk/show/46f6e730-0f14-11e5-ac41-43ec7d574c3a,hint+repo+wayback-cdx,200,200,,200,200,,EXT_LINK_DIFF,20150619,20221225,2,
/2015/talk/show/46f6e730-0f14-11e5-ac41-43ec7d574c3a.html,hint+repo,200,200,,200,200,,EXT_LINK_DIFF,,,,
/2015/talk/show/4bab2728-00fa-11e5-9931-79c97d574c3a,hint+repo+wayback-cdx,200,200,,200,200,,CONTENT_DIFF,20150824,20150824,1,
/2015/talk/show/4bab2728-00fa-11e5-9931-79c97d574c3a.html,hint+repo,200,200,,200,200,,CONTENT_DIFF,,,,
/2015/talk/show/4d9157b2-110b-11e5-9b5f-d7f07d574c3a,wayback-cdx,200,200,,404,404,,LOST,20150612,20160307,2,
/2015/talk/show/4e5bf7f2-1362-11e5-8e54-d9f87d574c3a,wayback-cdx,200,200,,404,404,,LOST,20221226,20221226,1,
/2015/talk/show/4f85e87a-f9ec-11e4-8262-8ab37d574c3a,hint+repo+wayback-cdx,200,200,,200,200,,CONTENT_DIFF,20150514,20260710,14,
/2015/talk/show/4f85e87a-f9ec-11e4-8262-8ab37d574c3a.html,hint+repo,200,200,,200,200,,CONTENT_DIFF,,,,
/2015/talk/show/517ee294-47df-11e5-b4f1-b2e17d574c3a,hint+repo+wayback-cdx,403,403,,200,200,,OLD_NOT_OK_NEW_OK,20151003,20260308,5,
/2015/talk/show/517ee294-47df-11e5-b4f1-b2e17d574c3a.html,hint+repo,403,403,,200,200,,OLD_NOT_OK_NEW_OK,,,,
/2015/talk/show/523b9508-0d77-11e5-8174-67dc7d574c3a,hint+repo+wayback-cdx,200,200,,200,200,,CONTENT_DIFF,20150608,20250916,15,
/2015/talk/show/523b9508-0d77-11e5-8174-67dc7d574c3a.html,hint+repo,200,200,,200,200,,CONTENT_DIFF,,,,
/2015/talk/show/53507dd6-1101-11e5-b6f3-d7f07d574c3a,wayback-cdx,200,200,,404,404,,LOST,20160907,20221226,3,
/2015/talk/show/53944d48-09ba-11e5-998a-67dc7d574c3a,hint+repo+wayback-cdx,200,200,,200,200,,CONTENT_DIFF,20150603,20260508,9,
/2015/talk/show/53944d48-09ba-11e5-998a-67dc7d574c3a.html,hint+repo,200,200,,200,200,,CONTENT_DIFF,,,,
/2015/talk/show/53aacc02-faca-11e4-8c2e-8ab37d574c3a,hint+repo+wayback-cdx,200,200,,200,200,,CONTENT_DIFF,20150515,20260308,17,
/2015/talk/show/53aacc02-faca-11e4-8c2e-8ab37d574c3a.html,hint+repo,200,200,,200,200,,CONTENT_DIFF,,,,
/2015/talk/show/5b1cd536-07ed-11e5-9e42-79c97d574c3a,hint+repo+wayback-cdx,200,200,,200,200,,CONTENT_DIFF,20150601,20260602,12,
/2015/talk/show/5b1cd536-07ed-11e5-9e42-79c97d574c3a.html,hint+repo,200,200,,200,200,,CONTENT_DIFF,,,,
/2015/talk/show/5ccd78be-4879-11e5-ad76-8fe87d574c3a,wayback-cdx,403,403,,404,404,,BOTH_NOT_OK_DIFF,20160811,20170426,3,
/2015/talk/show/5ceebdcc-136c-11e5-a014-d9f87d574c3a,hint+repo+wayback-cdx,200,200,,200,200,,CONTENT_DIFF,20150625,20260508,11,
/2015/talk/show/5ceebdcc-136c-11e5-a014-d9f87d574c3a.html,hint+repo,200,200,,200,200,,CONTENT_DIFF,,,,
/2015/talk/show/5d70d0da-1346-11e5-8d94-d9f87d574c3a,wayback-cdx,200,200,,404,404,,LOST,20150615,20221205,3,
/2015/talk/show/5ea2630a-133d-11e5-8cbb-d9f87d574c3a,hint+repo+wayback-cdx,200,200,,200,200,,CONTENT_DIFF,20150817,20250116,6,
/2015/talk/show/5ea2630a-133d-11e5-8cbb-d9f87d574c3a.html,hint+repo,200,200,,200,200,,CONTENT_DIFF,,,,
/2015/talk/show/5f5cad74-004a-11e5-acf4-89c77d574c3a,hint+repo+wayback-cdx,200,200,,200,200,,CONTENT_DIFF,20150522,20260413,17,
/2015/talk/show/5f5cad74-004a-11e5-acf4-89c77d574c3a.html,hint+repo,200,200,,200,200,,CONTENT_DIFF,,,,
/2015/talk/show/607595a2-0df3-11e5-b447-67dc7d574c3a,wayback-cdx,200,200,,404,404,,LOST,20150608,20221128,2,
/2015/talk/show/621948f2-0d46-11e5-a403-67dc7d574c3a,hint+repo+wayback-cdx,200,200,,200,200,,CONTENT_DIFF,20150607,20260831,20,
/2015/talk/show/621948f2-0d46-11e5-a403-67dc7d574c3a.html,hint+repo,200,200,,200,200,,CONTENT_DIFF,,,,
/2015/talk/show/66960c2c-1330-11e5-9c0d-d9f87d574c3a,wayback-cdx,200,200,,404,404,,LOST,20150615,20221225,2,
/2015/talk/show/6964fd88-f5e8-11e4-b323-49b37d574c3a,hint+repo+wayback-cdx,200,200,,200,200,,CONTENT_DIFF,20150517,20250116,10,
/2015/talk/show/6964fd88-f5e8-11e4-b323-49b37d574c3a.html,hint+repo,200,200,,200,200,,CONTENT_DIFF,,,,
/2015/talk/show/69b973e2-0de2-11e5-918e-67dc7d574c3a,wayback-cdx,200,200,,404,404,,LOST,20220117,20220117,1,
/2015/talk/show/69caedbd-1872-11e5-aca1-525412004261,hint+repo+wayback-cdx,200,200,,200,200,,CONTENT_DIFF,20150810,20260112,14,
/2015/talk/show/69caedbd-1872-11e5-aca1-525412004261.html,hint+repo,200,200,,200,200,,CONTENT_DIFF,,,,
/2015/talk/show/6b582f7e-0228-11e5-b3ca-79c97d574c3a,wayback-cdx,200,200,,404,404,,LOST,20150525,20220929,3,
/2015/talk/show/6bde6c69-187a-11e5-aca1-525412004261,hint+repo+wayback-cdx,200,200,,200,200,,CONTENT_DIFF,20150824,20260710,21,
/2015/talk/show/6bde6c69-187a-11e5-aca1-525412004261.html,hint+repo,200,200,,200,200,,CONTENT_DIFF,,,,
/2015/talk/show/70a40bca-4872-11e5-8832-12e87d574c3a,hint+repo+wayback-cdx,403,403,,200,200,,OLD_NOT_OK_NEW_OK,20150928,20260831,9,
/2015/talk/show/70a40bca-4872-11e5-8832-12e87d574c3a.html,hint+repo,403,403,,200,200,,OLD_NOT_OK_NEW_OK,,,,
/2015/talk/show/71d63de6-0e4e-11e5-954d-67dc7d574c3a,wayback-cdx,200,200,,404,404,,LOST,20160109,20221226,3,
/2015/talk/show/724bde16-46e3-11e5-850a-6ad97d574c3a,wayback-cdx,403,403,,404,404,,BOTH_NOT_OK_DIFF,20150820,20190531,2,
/2015/talk/show/76135c88-136a-11e5-bf05-d9f87d574c3a,hint+repo+wayback-cdx,200,200,,200,200,,EXT_LINK_DIFF,20150615,20221225,3,
/2015/talk/show/76135c88-136a-11e5-bf05-d9f87d574c3a.html,hint+repo,200,200,,200,200,,EXT_LINK_DIFF,,,,
/2015/talk/show/788d8594-4432-11e5-a2da-6ad97d574c3a,hint+repo+wayback-cdx,403,403,,200,200,,OLD_NOT_OK_NEW_OK,20151002,20260508,6,
/2015/talk/show/788d8594-4432-11e5-a2da-6ad97d574c3a.html,hint+repo,403,403,,200,200,,OLD_NOT_OK_NEW_OK,,,,
/2015/talk/show/7cdd9012-0fad-11e5-8dfb-43ec7d574c3a,hint+repo,200,200,,200,200,,EXT_LINK_DIFF,,,,
/2015/talk/show/7cdd9012-0fad-11e5-8dfb-43ec7d574c3a.html,hint+repo,200,200,,200,200,,EXT_LINK_DIFF,,,,
/2015/talk/show/7d62caf8-12f4-11e5-881c-d9f87d574c3a,hint+repo+wayback-cdx,200,200,,200,200,,CONTENT_DIFF,20150615,20251204,27,
/2015/talk/show/7d62caf8-12f4-11e5-881c-d9f87d574c3a.html,hint+repo,200,200,,200,200,,CONTENT_DIFF,,,,
/2015/talk/show/7d62caf8-12f4-11e5-881c-d9f87d574c3a?utm_source=dlvr.it&utm_medium=twitter,wayback-cdx,200,200,,200,200,,CONTENT_DIFF,20240102,20240102,1,
/2015/talk/show/7d66b640-0a6b-11e5-b1a0-67dc7d574c3a,hint+repo+wayback-cdx,200,200,,200,200,,CONTENT_DIFF,20150604,20260613,18,
/2015/talk/show/7d66b640-0a6b-11e5-b1a0-67dc7d574c3a.html,hint+repo,200,200,,200,200,,CONTENT_DIFF,,,,
/2015/talk/show/7e6296c4-f95c-11e4-b00c-8ab37d574c3a,wayback-cdx,200,200,,404,404,,LOST,20150516,20150516,1,
/2015/talk/show/81342dae-1351-11e5-ab94-d9f87d574c3a,hint+repo+wayback-cdx,200,200,,200,200,,CONTENT_DIFF,20150615,20250603,12,
/2015/talk/show/81342dae-1351-11e5-ab94-d9f87d574c3a.html,hint+repo,200,200,,200,200,,CONTENT_DIFF,,,,
/2015/talk/show/82e93a96-f60e-11e4-907e-8ab37d574c3a,hint+repo+wayback-cdx,200,200,,200,200,,CONTENT_DIFF,20150512,20251113,24,
/2015/talk/show/82e93a96-f60e-11e4-907e-8ab37d574c3a.html,hint+repo,200,200,,200,200,,CONTENT_DIFF,,,,
/2015/talk/show/82e93a96-f60e-11e4-907e-8ab37d574c3a?utm_source=dlvr.it&utm_medium=twitter,wayback-cdx,200,200,,200,200,,CONTENT_DIFF,20240410,20240410,1,
/2015/talk/show/863b55e8-47f9-11e5-a695-b2e17d574c3a,wayback-cdx,403,403,,404,404,,BOTH_NOT_OK_DIFF,20150824,20150824,1,
/2015/talk/show/86ebd212-fab3-11e4-8f5a-8ab37d574c3a,hint+repo+wayback-cdx,200,200,,200,200,,CONTENT_DIFF,20150515,20260308,27,
/2015/talk/show/86ebd212-fab3-11e4-8f5a-8ab37d574c3a.html,hint+repo,200,200,,200,200,,CONTENT_DIFF,,,,
/2015/talk/show/86fa062e-135a-11e5-a432-d9f87d574c3a,wayback-cdx,200,200,,404,404,,LOST,20150615,20221206,3,
/2015/talk/show/885d66a2-f607-11e4-b5a3-8ab37d574c3a,wayback-cdx,200,200,,404,404,,LOST,20150517,20221205,2,
/2015/talk/show/897abeb2-1007-11e5-a760-d7f07d574c3a,hint+repo+wayback-cdx,200,200,,200,200,,CONTENT_DIFF,20150611,20260613,10,
/2015/talk/show/897abeb2-1007-11e5-a760-d7f07d574c3a.html,hint+repo,200,200,,200,200,,CONTENT_DIFF,,,,
/2015/talk/show/8dea88f8-40e8-11e5-9ae4-6ad97d574c3a,hint+repo+wayback-cdx,403,403,,200,200,,OLD_NOT_OK_NEW_OK,20151003,20260508,7,
/2015/talk/show/8dea88f8-40e8-11e5-9ae4-6ad97d574c3a.html,hint+repo,403,403,,200,200,,OLD_NOT_OK_NEW_OK,,,,
/2015/talk/show/8f1aad32-474d-11e5-a80e-c7de7d574c3a,wayback-cdx,403,403,,404,404,,BOTH_NOT_OK_DIFF,20150824,20160320,4,
/2015/talk/show/909af06e-05ed-11e5-8e9a-79c97d574c3a,wayback-cdx,200,200,,404,404,,LOST,20221226,20221226,1,
/2015/talk/show/92a7bb60-1323-11e5-a252-d9f87d574c3a,hint+repo+wayback-cdx,200,200,,200,200,,CONTENT_DIFF,20150615,20250607,9,
/2015/talk/show/92a7bb60-1323-11e5-a252-d9f87d574c3a.html,hint+repo,200,200,,200,200,,CONTENT_DIFF,,,,
/2015/talk/show/93eaf068-faec-11e4-a8fd-8ab37d574c3a,hint+repo+wayback-cdx,200,200,,200,200,,CONTENT_DIFF,20150515,20251119,18,
/2015/talk/show/93eaf068-faec-11e4-a8fd-8ab37d574c3a.html,hint+repo,200,200,,200,200,,CONTENT_DIFF,,,,
/2015/talk/show/93f39c88-ffa4-11e4-aa4d-66c47d574c3a,wayback-cdx,200,200,,404,404,,LOST,20150521,20190518,2,
/2015/talk/show/94051590-fb11-11e4-a39d-8ab37d574c3a,hint+repo+wayback-cdx,200,200,,200,200,,CONTENT_DIFF,20150516,20260508,18,
/2015/talk/show/94051590-fb11-11e4-a39d-8ab37d574c3a.html,hint+repo,200,200,,200,200,,CONTENT_DIFF,,,,
/2015/talk/show/94359334-0b59-11e5-995a-67dc7d574c3a,wayback-cdx,200,200,,404,404,,LOST,20150614,20150614,1,
/2015/talk/show/94d4e442-0f56-11e5-9049-43ec7d574c3a,wayback-cdx,200,200,,404,404,,LOST,20150620,20160712,3,
/2015/talk/show/9672d326-1344-11e5-8c52-d9f87d574c3a,wayback-cdx,200,200,,404,404,,LOST,20150615,20221206,3,
/2015/talk/show/96a8932c-f62e-11e4-8734-8ab37d574c3a,wayback-cdx,200,200,,404,404,,LOST,20150517,20150517,1,
/2015/talk/show/96ce1990-fa38-11e4-83b7-8ab37d574c3a,hint+repo+wayback-cdx,200,200,,200,200,,EXT_LINK_DIFF,20150517,20181227,2,
/2015/talk/show/96ce1990-fa38-11e4-83b7-8ab37d574c3a.html,hint+repo,200,200,,200,200,,EXT_LINK_DIFF,,,,
/2015/talk/show/992a85e2-f912-11e4-938b-8ab37d574c3a,wayback-cdx,200,200,,404,404,,LOST,20150516,20151023,2,
/2015/talk/show/999175ca-47ac-11e5-9a07-b2e17d574c3a,hint+repo+wayback-cdx,403,403,,200,200,,OLD_NOT_OK_NEW_OK,20151003,20260508,5,
/2015/talk/show/999175ca-47ac-11e5-9a07-b2e17d574c3a.html,hint+repo,403,403,,200,200,,OLD_NOT_OK_NEW_OK,,,,
/2015/talk/show/9a3fdc26-136a-11e5-9b96-d9f87d574c3a,wayback-cdx,200,200,,404,404,,LOST,20150615,20150617,2,
/2015/talk/show/9a9c08cc-0d1e-11e5-b03a-67dc7d574c3a,wayback-cdx,200,200,,404,404,,LOST,20160711,20221226,5,
/2015/talk/show/9c87ba50-3c17-11e5-9f50-22d57d574c3a,hint+repo+wayback-cdx,403,403,,200,200,,OLD_NOT_OK_NEW_OK,20150810,20251231,13,
/2015/talk/show/9c87ba50-3c17-11e5-9f50-22d57d574c3a.html,hint+repo,403,403,,200,200,,OLD_NOT_OK_NEW_OK,,,,
/2015/talk/show/9d2d46c8-0dcd-11e5-b407-67dc7d574c3a,wayback-cdx,200,200,,404,404,,LOST,20150608,20230326,3,
/2015/talk/show/9e9ae188-fb20-11e4-9a97-8ab37d574c3a,hint+repo+wayback-cdx,200,200,,200,200,,CONTENT_DIFF,20150516,20250607,15,
/2015/talk/show/9e9ae188-fb20-11e4-9a97-8ab37d574c3a.html,hint+repo,200,200,,200,200,,CONTENT_DIFF,,,,
/2015/talk/show/9ec2791c-05e5-11e5-81fa-79c97d574c3a,hint+repo+wayback-cdx,200,200,,200,200,,CONTENT_DIFF,20150529,20250321,21,
/2015/talk/show/9ec2791c-05e5-11e5-81fa-79c97d574c3a.html,hint+repo,200,200,,200,200,,CONTENT_DIFF,,,,
/2015/talk/show/9ec2791c-05e5-11e5-81fa-79c97d574c3a?utm_source=dlvr.it&utm_medium=twitter,wayback-cdx,200,200,,200,200,,CONTENT_DIFF,20240712,20240712,1,
/2015/talk/show/9f7059dc-003c-11e5-a00c-89c77d574c3a,hint+repo+wayback-cdx,200,200,,200,200,,CONTENT_DIFF,20150525,20250916,17,
/2015/talk/show/9f7059dc-003c-11e5-a00c-89c77d574c3a.html,hint+repo,200,200,,200,200,,CONTENT_DIFF,,,,
/2015/talk/show/a0044cc4-130a-11e5-b0c6-d9f87d574c3a,wayback-cdx,200,200,,404,404,,LOST,20150615,20221205,2,
/2015/talk/show/a0653184-46f3-11e5-a31f-6ad97d574c3a,hint+repo+wayback-cdx,403,403,,200,200,,OLD_NOT_OK_NEW_OK,20150824,20260508,5,
/2015/talk/show/a0653184-46f3-11e5-a31f-6ad97d574c3a.html,hint+repo,403,403,,200,200,,OLD_NOT_OK_NEW_OK,,,,
/2015/talk/show/a06d9970-0d7b-11e5-aaf9-67dc7d574c3a,hint+repo+wayback-cdx,200,200,,200,200,,CONTENT_DIFF,20150608,20260308,14,
/2015/talk/show/a06d9970-0d7b-11e5-aaf9-67dc7d574c3a.html,hint+repo,200,200,,200,200,,CONTENT_DIFF,,,,
/2015/talk/show/a4318242-f5f2-11e4-afb7-49b37d574c3a,hint+repo+wayback-cdx,200,200,,200,200,,CONTENT_DIFF,20150516,20260216,13,
/2015/talk/show/a4318242-f5f2-11e4-afb7-49b37d574c3a.html,hint+repo,200,200,,200,200,,CONTENT_DIFF,,,,
/2015/talk/show/a4e034cc-1366-11e5-b199-d9f87d574c3a,wayback-cdx,200,200,,404,404,,LOST,20151216,20160923,3,
/2015/talk/show/a636430c-0fbf-11e5-8a02-43ec7d574c3a,hint+repo+wayback-cdx,200,200,,200,200,,CONTENT_DIFF,20150611,20260710,21,
/2015/talk/show/a636430c-0fbf-11e5-8a02-43ec7d574c3a.html,hint+repo,200,200,,200,200,,CONTENT_DIFF,,,,
/2015/talk/show/a668ef3e-080b-11e5-b2b4-79c97d574c3a,hint+repo+wayback-cdx,200,200,,200,200,,CONTENT_DIFF,20150601,20260508,13,
/2015/talk/show/a668ef3e-080b-11e5-b2b4-79c97d574c3a.html,hint+repo,200,200,,200,200,,CONTENT_DIFF,,,,
/2015/talk/show/a7e23d1c-fd42-11e4-ab7e-bdc07d574c3a,wayback-cdx,200,200,,404,404,,LOST,20150518,20221205,3,
/2015/talk/show/a80e57c8-133e-11e5-93ad-d9f87d574c3a,wayback-cdx,200,200,,404,404,,LOST,20150615,20221206,2,
/2015/talk/show/a86f10a6-136e-11e5-8ced-d9f87d574c3a,wayback-cdx,200,200,,404,404,,LOST,20150623,20150623,1,
/2015/talk/show/a9d3d0ba-0d1c-11e5-bb9e-67dc7d574c3a,wayback-cdx,200,200,,404,404,,LOST,20221225,20221225,1,
/2015/talk/show/aa08df46-f7ee-11e4-9737-8ab37d574c3a,hint+repo+wayback-cdx,200,200,,200,200,,EXT_LINK_DIFF,20150516,20220117,5,
/2015/talk/show/aa08df46-f7ee-11e4-9737-8ab37d574c3a.html,hint+repo,200,200,,200,200,,EXT_LINK_DIFF,,,,
/2015/talk/show/ab502452-46e2-11e5-b6a6-6ad97d574c3a,wayback-cdx,403,403,,404,404,,BOTH_NOT_OK_DIFF,20150820,20190609,3,
/2015/talk/show/acf32b5e-135e-11e5-963f-d9f87d574c3a,wayback-cdx,200,200,,404,404,,LOST,20160201,20160306,2,
/2015/talk/show/ad57ca84-13e9-11e5-aca1-525412004261,hint+repo+wayback-cdx,200,200,,200,200,,CONTENT_DIFF,20150812,20250625,15,
/2015/talk/show/ad57ca84-13e9-11e5-aca1-525412004261.html,hint+repo,200,200,,200,200,,CONTENT_DIFF,,,,
/2015/talk/show/ad84b028-136e-11e5-b676-d9f87d574c3a,hint+repo+wayback-cdx,200,200,,200,200,,EXT_LINK_DIFF,20150615,20221226,4,
/2015/talk/show/ad84b028-136e-11e5-b676-d9f87d574c3a.html,hint+repo,200,200,,200,200,,EXT_LINK_DIFF,,,,
/2015/talk/show/ae1cce86-1874-11e5-aca1-525412004261,hint+repo+wayback-cdx,200,200,,200,200,,CONTENT_DIFF,20150814,20250613,10,
/2015/talk/show/ae1cce86-1874-11e5-aca1-525412004261.html,hint+repo,200,200,,200,200,,CONTENT_DIFF,,,,
/2015/talk/show/af3981e4-3c10-11e5-9abd-22d57d574c3a,hint+repo+wayback-cdx,403,403,,200,200,,OLD_NOT_OK_NEW_OK,20151003,20260508,5,
/2015/talk/show/af3981e4-3c10-11e5-9abd-22d57d574c3a.html,hint+repo,403,403,,200,200,,OLD_NOT_OK_NEW_OK,,,,
/2015/talk/show/b03162be-0052-11e5-ba92-89c77d574c3a,hint+repo+wayback-cdx,200,200,,200,200,,CONTENT_DIFF,20150824,20250608,15,
/2015/talk/show/b03162be-0052-11e5-ba92-89c77d574c3a.html,hint+repo,200,200,,200,200,,CONTENT_DIFF,,,,
/2015/talk/show/b31be240-3f97-11e5-baa1-76d67d574c3a,hint+repo+wayback-cdx,403,403,,200,200,,OLD_NOT_OK_NEW_OK,20150826,20260508,8,
/2015/talk/show/b31be240-3f97-11e5-baa1-76d67d574c3a.html,hint+repo,403,403,,200,200,,OLD_NOT_OK_NEW_OK,,,,
/2015/talk/show/b335dee0-09ad-11e5-8d7a-67dc7d574c3a,hint+repo+wayback-cdx,200,200,,200,200,,CONTENT_DIFF,20150603,20260710,26,
/2015/talk/show/b335dee0-09ad-11e5-8d7a-67dc7d574c3a.html,hint+repo,200,200,,200,200,,CONTENT_DIFF,,,,
/2015/talk/show/b355fa20-122e-11e5-8ba5-d9f87d574c3a,hint+repo+wayback-cdx,200,200,,200,200,,CONTENT_DIFF,20150628,20250916,14,
/2015/talk/show/b355fa20-122e-11e5-8ba5-d9f87d574c3a.html,hint+repo,200,200,,200,200,,CONTENT_DIFF,,,,
/2015/talk/show/b396e912-091a-11e5-8d2d-67dc7d574c3a,hint+repo+wayback-cdx,200,200,,200,200,,CONTENT_DIFF,20150602,20260613,11,
/2015/talk/show/b396e912-091a-11e5-8d2d-67dc7d574c3a.html,hint+repo,200,200,,200,200,,CONTENT_DIFF,,,,
/2015/talk/show/b77b07ba-47dc-11e5-9eaf-b2e17d574c3a,wayback-cdx,500,500,,404,404,,BOTH_NOT_OK_DIFF,20150821,20170822,6,
/2015/talk/show/b79672e2-1123-11e5-8f56-d7f07d574c3a,hint+repo+wayback-cdx,200,200,,200,200,,EXT_LINK_DIFF,20221207,20221207,1,
/2015/talk/show/b79672e2-1123-11e5-8f56-d7f07d574c3a.html,hint+repo,200,200,,200,200,,EXT_LINK_DIFF,,,,
/2015/talk/show/b92091fa-47ac-11e5-8db5-b2e17d574c3a,hint+repo+wayback-cdx,403,403,,200,200,,OLD_NOT_OK_NEW_OK,20150826,20260508,6,
/2015/talk/show/b92091fa-47ac-11e5-8db5-b2e17d574c3a.html,hint+repo,403,403,,200,200,,OLD_NOT_OK_NEW_OK,,,,
/2015/talk/show/b9e8b650-135c-11e5-bd7f-d9f87d574c3a,wayback-cdx,200,200,,404,404,,LOST,20150615,20150615,1,
/2015/talk/show/bb82c8fc-12a3-11e5-962e-d9f87d574c3a,hint+repo+wayback-cdx,200,200,,200,200,,CONTENT_DIFF,20150614,20240223,8,
/2015/talk/show/bb82c8fc-12a3-11e5-962e-d9f87d574c3a.html,hint+repo,200,200,,200,200,,CONTENT_DIFF,,,,
/2015/talk/show/bbb0162a-0350-11e5-bb2f-79c97d574c3a,wayback-cdx,200,200,,404,404,,LOST,20150526,20221225,5,
/2015/talk/show/bbc315de-4795-11e5-8fd0-b2e17d574c3a,wayback-cdx,403,403,,404,404,,BOTH_NOT_OK_DIFF,20150824,20150824,1,
/2015/talk/show/bcd7549c-40bc-11e5-ba33-6ad97d574c3a,hint+repo+wayback-cdx,403,403,,200,200,,OLD_NOT_OK_NEW_OK,20150812,20260508,9,
/2015/talk/show/bcd7549c-40bc-11e5-ba33-6ad97d574c3a.html,hint+repo,403,403,,200,200,,OLD_NOT_OK_NEW_OK,,,,
/2015/talk/show/bd04b86c-f9de-11e4-b996-8ab37d574c3a,hint+repo+wayback-cdx,200,200,,200,200,,CONTENT_DIFF,20150517,20250123,15,
/2015/talk/show/bd04b86c-f9de-11e4-b996-8ab37d574c3a.html,hint+repo,200,200,,200,200,,CONTENT_DIFF,,,,
/2015/talk/show/c191c08a-0a98-11e5-be34-67dc7d574c3a,hint+repo+wayback-cdx,200,200,,200,200,,CONTENT_DIFF,20150604,20250116,22,
/2015/talk/show/c191c08a-0a98-11e5-be34-67dc7d574c3a.html,hint+repo,200,200,,200,200,,CONTENT_DIFF,,,,
/2015/talk/show/c191c08a-0a98-11e5-be34-67dc7d574c3a?utm_source=dlvr.it&utm_medium=twitter,wayback-cdx,200,200,,200,200,,CONTENT_DIFF,20240624,20240624,1,
/2015/talk/show/c2c7b8a4-faaa-11e4-a8be-8ab37d574c3a,hint+repo+wayback-cdx,200,200,,200,200,,CONTENT_DIFF,20150515,20251204,18,
/2015/talk/show/c2c7b8a4-faaa-11e4-a8be-8ab37d574c3a.html,hint+repo,200,200,,200,200,,CONTENT_DIFF,,,,
/2015/talk/show/c2f85686-0df5-11e5-9e74-67dc7d574c3a,wayback-cdx,200,200,,404,404,,LOST,20150609,20150613,2,
/2015/talk/show/c495bb3c-1340-11e5-b434-d9f87d574c3a,wayback-cdx,200,200,,404,404,,LOST,20150615,20230527,3,
/2015/talk/show/c5ea5428-fac9-11e4-88c1-8ab37d574c3a,hint+repo+wayback-cdx,200,200,,200,200,,CONTENT_DIFF,20150517,20251119,16,
/2015/talk/show/c5ea5428-fac9-11e4-88c1-8ab37d574c3a.html,hint+repo,200,200,,200,200,,CONTENT_DIFF,,,,
/2015/talk/show/c61a32a4-f797-11e4-bcef-8ab37d574c3a,hint+repo+wayback-cdx,200,200,,200,200,,CONTENT_DIFF,20150511,20260508,19,
/2015/talk/show/c61a32a4-f797-11e4-bcef-8ab37d574c3a.html,hint+repo,200,200,,200,200,,CONTENT_DIFF,,,,
/2015/talk/show/c77d5164-1301-11e5-910c-d9f87d574c3a,old-link,200,200,,404,404,,LOST,,,,
/2015/talk/show/c9546112-1347-11e5-ad02-d9f87d574c3a,wayback-cdx,200,200,,404,404,,LOST,20150828,20221225,2,
/2015/talk/show/cbe92afe-12a5-11e5-8fc1-d9f87d574c3a,wayback-cdx,200,200,,404,404,,LOST,20150623,20180330,2,
/2015/talk/show/cc0ec485-1879-11e5-aca1-525412004261,hint+repo+wayback-cdx,200,200,,200,200,,CONTENT_DIFF,20150814,20250427,15,
/2015/talk/show/cc0ec485-1879-11e5-aca1-525412004261.html,hint+repo,200,200,,200,200,,CONTENT_DIFF,,,,
/2015/talk/show/cc8f1b48-0e32-11e5-9147-67dc7d574c3a,hint+repo+wayback-cdx,200,200,,200,200,,EXT_LINK_DIFF,20221225,20221225,1,
/2015/talk/show/cc8f1b48-0e32-11e5-9147-67dc7d574c3a.html,hint+repo,200,200,,200,200,,EXT_LINK_DIFF,,,,
/2015/talk/show/cd2c903e-1333-11e5-898e-d9f87d574c3a,wayback-cdx,200,200,,404,404,,LOST,20150615,20221226,2,
/2015/talk/show/ce0167b6-10f7-11e5-8178-d7f07d574c3a,wayback-cdx,200,200,,404,404,,LOST,20150612,20221205,4,
/2015/talk/show/cf39f7fc-ff44-11e4-9264-66c47d574c3a,hint+repo+wayback-cdx,200,200,,200,200,,CONTENT_DIFF,20150521,20250413,14,
/2015/talk/show/cf39f7fc-ff44-11e4-9264-66c47d574c3a.html,hint+repo,200,200,,200,200,,CONTENT_DIFF,,,,
/2015/talk/show/d079a84c-09d5-11e5-8169-67dc7d574c3a,hint+repo,200,200,,200,200,,EXT_LINK_DIFF,,,,
/2015/talk/show/d079a84c-09d5-11e5-8169-67dc7d574c3a.html,hint+repo,200,200,,200,200,,EXT_LINK_DIFF,,,,
/2015/talk/show/d09049ce-1369-11e5-a8b5-d9f87d574c3a,wayback-cdx,200,200,,404,404,,LOST,20230130,20230130,1,
/2015/talk/show/d099f154-fd66-11e4-9b2b-bdc07d574c3a,hint+repo+wayback-cdx,200,200,,200,200,,EXT_LINK_DIFF,20150518,20221225,4,
/2015/talk/show/d099f154-fd66-11e4-9b2b-bdc07d574c3a.html,hint+repo,200,200,,200,200,,EXT_LINK_DIFF,,,,
/2015/talk/show/d78f1c60-0814-11e5-b740-79c97d574c3a,wayback-cdx,200,200,,404,404,,LOST,20150601,20161011,6,
/2015/talk/show/d7d148f0-f66d-11e4-8734-8ab37d574c3a,hint+repo+wayback-cdx,200,200,,200,200,,EXT_LINK_DIFF,20150517,20230201,5,
/2015/talk/show/d7d148f0-f66d-11e4-8734-8ab37d574c3a.html,hint+repo,200,200,,200,200,,EXT_LINK_DIFF,,,,
/2015/talk/show/db5917a4-4628-11e5-876c-6ad97d574c3a,hint+repo+wayback-cdx,403,403,,200,200,,OLD_NOT_OK_NEW_OK,20151003,20250218,6,
/2015/talk/show/db5917a4-4628-11e5-876c-6ad97d574c3a.html,hint+repo,403,403,,200,200,,OLD_NOT_OK_NEW_OK,,,,
/2015/talk/show/dd8ce20e-fad2-11e4-b6e7-8ab37d574c3a,hint+repo+wayback-cdx,200,200,,200,200,,CONTENT_DIFF,20150515,20240810,17,
/2015/talk/show/dd8ce20e-fad2-11e4-b6e7-8ab37d574c3a.html,hint+repo,200,200,,200,200,,CONTENT_DIFF,,,,
/2015/talk/show/de9e7a1e-136d-11e5-a9fc-d9f87d574c3a,hint+repo+wayback-cdx,200,200,,200,200,,CONTENT_DIFF,20150615,20260831,24,
/2015/talk/show/de9e7a1e-136d-11e5-a9fc-d9f87d574c3a.html,hint+repo,200,200,,200,200,,CONTENT_DIFF,,,,
/2015/talk/show/dead6890-09b7-11e5-998a-67dc7d574c3a,hint+repo+wayback-cdx,200,200,,200,200,,CONTENT_DIFF,20150603,20260602,25,
/2015/talk/show/dead6890-09b7-11e5-998a-67dc7d574c3a.html,hint+repo,200,200,,200,200,,CONTENT_DIFF,,,,
/2015/talk/show/e14c5ae0-12f7-11e5-a909-d9f87d574c3a,hint+repo+wayback-cdx,200,200,,200,200,,CONTENT_DIFF,20151003,20260710,15,
/2015/talk/show/e14c5ae0-12f7-11e5-a909-d9f87d574c3a.html,hint+repo,200,200,,200,200,,CONTENT_DIFF,,,,
/2015/talk/show/e19fe827-13c1-11e5-aca1-525412004261,hint+repo+wayback-cdx,200,200,,200,200,,CONTENT_DIFF,20150814,20250613,17,
/2015/talk/show/e19fe827-13c1-11e5-aca1-525412004261.html,hint+repo,200,200,,200,200,,CONTENT_DIFF,,,,
/2015/talk/show/e32902e0-44f3-11e5-8ddd-6ad97d574c3a,hint+repo+wayback-cdx,403,403,,200,200,,OLD_NOT_OK_NEW_OK,20151002,20260508,4,
/2015/talk/show/e32902e0-44f3-11e5-8ddd-6ad97d574c3a.html,hint+repo,403,403,,200,200,,OLD_NOT_OK_NEW_OK,,,,
/2015/talk/show/e34fca9d-2ad1-11e5-aca1-525412004261,hint+repo+wayback-cdx,200,200,,200,200,,CONTENT_DIFF,20150824,20250116,6,
/2015/talk/show/e34fca9d-2ad1-11e5-aca1-525412004261.html,hint+repo,200,200,,200,200,,CONTENT_DIFF,,,,
/2015/talk/show/e466d60a-11db-11e5-b07b-d7f07d574c3a,hint+repo+wayback-cdx,200,200,,200,200,,CONTENT_DIFF,20150614,20260602,18,
/2015/talk/show/e466d60a-11db-11e5-b07b-d7f07d574c3a.html,hint+repo,200,200,,200,200,,CONTENT_DIFF,,,,
/2015/talk/show/e46f9d1b-2ad1-11e5-aca1-525412004261,hint+repo+wayback-cdx,200,200,,200,200,,CONTENT_DIFF,20150824,20250524,7,
/2015/talk/show/e46f9d1b-2ad1-11e5-aca1-525412004261.html,hint+repo,200,200,,200,200,,CONTENT_DIFF,,,,
/2015/talk/show/e4791a94-f7ec-11e4-8787-8ab37d574c3a,wayback-cdx,200,200,,404,404,,LOST,20150516,20221225,2,
/2015/talk/show/e537ca5e-46dc-11e5-a4d4-6ad97d574c3a,wayback-cdx,403,403,,404,404,,BOTH_NOT_OK_DIFF,20150820,20190604,5,
/2015/talk/show/e8e1c67a-003f-11e5-8fd5-89c77d574c3a,wayback-cdx,200,200,,404,404,,LOST,20150618,20190523,5,
/2015/talk/show/e8eebd70-f906-11e4-8f91-8ab37d574c3a,hint+repo+wayback-cdx,200,200,,200,200,,CONTENT_DIFF,20150516,20240810,14,
/2015/talk/show/e8eebd70-f906-11e4-8f91-8ab37d574c3a.html,hint+repo,200,200,,200,200,,CONTENT_DIFF,,,,
/2015/talk/show/eb00b7a8-091e-11e5-8224-67dc7d574c3a,wayback-cdx,200,200,,404,404,,LOST,20221206,20221206,1,
/2015/talk/show/ec228764-1329-11e5-953f-d9f87d574c3a,wayback-cdx,200,200,,404,404,,LOST,20150615,20221226,3,
/2015/talk/show/f168bf54-10b3-11e5-b640-d7f07d574c3a,wayback-cdx,200,200,,404,404,,LOST,20150612,20170502,3,
/2015/talk/show/f279d804-0efd-11e5-bc53-43ec7d574c3a,wayback-cdx,200,200,,404,404,,LOST,20150610,20221207,3,
/2015/talk/show/f2816038-10ec-11e5-89bf-d7f07d574c3a,hint+repo+wayback-cdx,200,200,,200,200,,CONTENT_DIFF,20150615,20250607,16,
/2015/talk/show/f2816038-10ec-11e5-89bf-d7f07d574c3a.html,hint+repo,200,200,,200,200,,CONTENT_DIFF,,,,
/2015/talk/show/f283a924-fddc-11e4-90cd-bdc07d574c3a,hint+repo+wayback-cdx,200,200,,200,200,,CONTENT_DIFF,20150731,20231206,14,
/2015/talk/show/f283a924-fddc-11e4-90cd-bdc07d574c3a.html,hint+repo,200,200,,200,200,,CONTENT_DIFF,,,,
/2015/talk/show/f561dd26-1369-11e5-a050-d9f87d574c3a,old-link,200,200,,404,404,,LOST,,,,
/2015/talk/show/f5aa5054-12fd-11e5-b4c9-d9f87d574c3a,hint+repo+wayback-cdx,200,200,,200,200,,CONTENT_DIFF,20150615,20260413,15,
/2015/talk/show/f5aa5054-12fd-11e5-b4c9-d9f87d574c3a.html,hint+repo,200,200,,200,200,,CONTENT_DIFF,,,,
/2015/talk/show/f5b888b2-1344-11e5-b22a-d9f87d574c3a,wayback-cdx,200,200,,404,404,,LOST,20150615,20221206,5,
/2015/talk/show/f887eb70-f7e5-11e4-9737-8ab37d574c3a,wayback-cdx,200,200,,404,404,,LOST,20150517,20151026,3,
/2015/talk/show/f93bc956-1333-11e5-ad76-d9f87d574c3a,wayback-cdx,200,200,,404,404,,LOST,20150615,20150615,1,
/2015/talk/show/f9d63700-0d22-11e5-ae59-67dc7d574c3a,wayback-cdx,200,200,,404,404,,LOST,20221226,20221226,1,
/2015/talk/show/fbb5d464-1000-11e5-8165-d7f07d574c3a,wayback-cdx,200,200,,404,404,,LOST,20150611,20220929,3,
/2015/vote/ballot,hint,302,200,/2015/vote/form,404,404,,LOST,,,,2
/2015/vote/form,hint+repo+wayback-cdx,200,200,,200,200,,CONTENT_DIFF,20150823,20250531,15,
/2015/vote/form.html,hint+repo,200,200,,200,200,,CONTENT_DIFF,,,,
/2016,root,404,404,,404,404,,BOTH_NOT_OK_SAME,,,,
/2016/,root,404,404,,404,404,,BOTH_NOT_OK_SAME,,,,
/2017,root,404,404,,404,404,,BOTH_NOT_OK_SAME,,,,
/2017/,root,404,404,,404,404,,BOTH_NOT_OK_SAME,,,,
/404,repo,404,404,,200,200,,OLD_NOT_OK_NEW_OK,,,,
/404.html,hint+repo,404,404,,200,200,,OLD_NOT_OK_NEW_OK,,,,
/__compare_probe_404__,hint,404,404,,404,404,,BOTH_NOT_OK_SAME,,,,
/__verify_probe_404__,root,404,404,,404,404,,BOTH_NOT_OK_SAME,,,,
/allactivity?privacy_source=activity_log_top_menu,hint,404,404,,404,404,,BOTH_NOT_OK_SAME,,,,2
/apple-touch-icon-114x114.png,hint,404,404,,404,404,,BOTH_NOT_OK_SAME,,,,2
/apple-touch-icon-120x120.png,hint,404,404,,404,404,,BOTH_NOT_OK_SAME,,,,2
/apple-touch-icon-144x144.png,hint,404,404,,404,404,,BOTH_NOT_OK_SAME,,,,2
/apple-touch-icon-152x152.png,hint,404,404,,404,404,,BOTH_NOT_OK_SAME,,,,2
/apple-touch-icon-180x180.png,hint,404,404,,404,404,,BOTH_NOT_OK_SAME,,,,2
/apple-touch-icon-57x57.png,hint,404,404,,404,404,,BOTH_NOT_OK_SAME,,,,2
/apple-touch-icon-60x60.png,hint,404,404,,404,404,,BOTH_NOT_OK_SAME,,,,2
/apple-touch-icon-72x72.png,hint,404,404,,404,404,,BOTH_NOT_OK_SAME,,,,2
/apple-touch-icon-76x76.png,hint,404,404,,404,404,,BOTH_NOT_OK_SAME,,,,2
/apple-touch-icon.png,hint,404,404,,404,404,,BOTH_NOT_OK_SAME,,,,2
/badges/?ref=pf,hint,404,404,,404,404,,BOTH_NOT_OK_SAME,,,,2
/bootstrap/css/bootstrap-responsive.css,old-link,404,404,,404,404,,BOTH_NOT_OK_SAME,,,,
/bootstrap/css/bootstrap.min.css,old-link,404,404,,404,404,,BOTH_NOT_OK_SAME,,,,
/campaign/landing.php?placement=pflo&campaign_id=402047449186&extra_1=auto,hint,404,404,,404,404,,BOTH_NOT_OK_SAME,,,,2
/careers/?ref=pf,hint,404,404,,404,404,,BOTH_NOT_OK_SAME,,,,2
/cdn-cgi/images/browser-bar.png?1376755637,new-link,404,404,,200,200,,OLD_NOT_OK_NEW_OK,,,,
/cdn-cgi/images/cf-icon-browser.png,new-link,404,404,,200,200,,OLD_NOT_OK_NEW_OK,,,,
/cdn-cgi/images/cf-icon-cloud.png,new-link,404,404,,200,200,,OLD_NOT_OK_NEW_OK,,,,
/cdn-cgi/images/cf-icon-error.png,new-link,404,404,,200,200,,OLD_NOT_OK_NEW_OK,,,,
/cdn-cgi/images/cf-icon-horizontal-arrow.png,new-link,404,404,,200,200,,OLD_NOT_OK_NEW_OK,,,,
/cdn-cgi/images/cf-icon-ok.png,new-link,404,404,,200,200,,OLD_NOT_OK_NEW_OK,,,,
/cdn-cgi/images/cf-icon-server.png,new-link,404,404,,200,200,,OLD_NOT_OK_NEW_OK,,,,
/cdn-cgi/images/cf-no-screenshot-error.png,new-link,404,404,,200,200,,OLD_NOT_OK_NEW_OK,,,,
/cdn-cgi/images/cf-no-screenshot-warn.png,new-link,404,404,,200,200,,OLD_NOT_OK_NEW_OK,,,,
/cdn-cgi/images/icon-exclamation.png?1376755637,new-link,404,404,,200,200,,OLD_NOT_OK_NEW_OK,,,,
/cdn-cgi/l/email-protection,hint+wayback-cdx,404,404,,404,404,,BOTH_NOT_OK_SAME,,,,
/cdn-cgi/l/email-protection.html,hint,404,404,,404,404,,BOTH_NOT_OK_SAME,,,,
/cdn-cgi/scripts/cf.common.js,hint,404,404,,404,404,,BOTH_NOT_OK_SAME,,,,
/cdn-cgi/scripts/jquery.min.js,hint,404,404,,404,404,,BOTH_NOT_OK_SAME,,,,
/cdn-cgi/scripts/zepto.min.js,hint,404,404,,404,404,,BOTH_NOT_OK_SAME,,,,
/cdn-cgi/styles/cf.errors.css,hint,404,404,,200,200,,OLD_NOT_OK_NEW_OK,,,,
/cdn-cgi/styles/cf.errors.ie.css,hint,404,404,,200,200,,OLD_NOT_OK_NEW_OK,,,,
/directory/celebrities/,hint,404,404,,404,404,,BOTH_NOT_OK_SAME,,,,2
/directory/groups/,hint,404,404,,404,404,,BOTH_NOT_OK_SAME,,,,2
/directory/pages/,hint,404,404,,404,404,,BOTH_NOT_OK_SAME,,,,2
/directory/people/,hint,404,404,,404,404,,BOTH_NOT_OK_SAME,,,,2
/directory/places/,hint,404,404,,404,404,,BOTH_NOT_OK_SAME,,,,2
/facebook,hint,404,404,,404,404,,BOTH_NOT_OK_SAME,,,,2
/favicon.ico,root,404,404,,404,404,,BOTH_NOT_OK_SAME,,,,
/find-friends?ref=pf,hint,404,404,,404,404,,BOTH_NOT_OK_SAME,,,,2
/games/,hint,404,404,,404,404,,BOTH_NOT_OK_SAME,,,,2
/help/?ref=pf,hint,404,404,,404,404,,BOTH_NOT_OK_SAME,,,,2
/index,repo,404,404,,200,200,,OLD_NOT_OK_NEW_OK,,,,
/index.html,hint+repo+root,200,200,,200,200,,CONTENT_DIFF,,,,
/join?return_to=/login/oauth/authorize?client_id=48b730fce8eb7539f5e4&redirect_uri=http%253A%252F%252Fyapcasia.org%252F2015%252Fauth%252Fauth_github%253Fstate%253De8fa17687c36f0b6e843565196cacccdaf2db79f&state=e8fa17687c36f0b6e843565196cacccdaf2db79f&source=oauth,hint,404,404,,404,404,,BOTH_NOT_OK_SAME,,,,2
/latest/photos,hint+root,302,302,,301,301,,EXT_REDIRECT_SCHEME,,,,
/lite/,hint,404,404,,404,404,,BOTH_NOT_OK_SAME,,,,2
/login/,hint,404,404,,404,404,,BOTH_NOT_OK_SAME,,,,2
/mobile,hint,404,404,,404,404,,BOTH_NOT_OK_SAME,,,,2
/mobile/?ref=pf,hint,404,404,,404,404,,BOTH_NOT_OK_SAME,,,,2
/mt-comments.cgi?__mode=comment_listing&direction=,old-link,404,404,,404,404,,BOTH_NOT_OK_SAME,,,,
/mt-comments.cgi?__mode=edit_profile&return_url=,old-link,404,404,,404,404,,BOTH_NOT_OK_SAME,,,,
/mt-comments.cgi?__mode=session_js&blog_id=3&jsonp=,old-link,404,404,,404,404,,BOTH_NOT_OK_SAME,,,,
/mt-comments.cgi?__mode=session_js&blog_id=4&jsonp=,old-link,404,404,,404,404,,BOTH_NOT_OK_SAME,,,,
/mt-cp.cgi?__mode=login&blog_id=3,old-link,404,404,,404,404,,BOTH_NOT_OK_SAME,,,,
/mt-cp.cgi?__mode=login&blog_id=4,old-link,404,404,,404,404,,BOTH_NOT_OK_SAME,,,,
/mt-cp.cgi?__mode=logout&static=0,old-link,404,404,,404,404,,BOTH_NOT_OK_SAME,,,,
/mt-static/images/indicator.white.gif,old-link,404,404,,404,404,,BOTH_NOT_OK_SAME,,,,
/mt-static/themes-base/blog.css,hint,404,404,,404,404,,BOTH_NOT_OK_SAME,,,,
/mt-static/themes/minimalist-red/screen.css,hint,404,404,,404,404,,BOTH_NOT_OK_SAME,,,,
/opensearch.xml,hint,404,404,,404,404,,BOTH_NOT_OK_SAME,,,,2
/osd.xml,hint,404,404,,404,404,,BOTH_NOT_OK_SAME,,,,2
/pages/create/?ref_type=sitefooter,hint,404,404,,404,404,,BOTH_NOT_OK_SAME,,,,2
/password_reset,hint,404,404,,404,404,,BOTH_NOT_OK_SAME,,,,2
/places/,hint,404,404,,404,404,,BOTH_NOT_OK_SAME,,,,2
/policies/?ref=pf,hint,404,404,,404,404,,BOTH_NOT_OK_SAME,,,,2
/policies/cookies/,hint,404,404,,404,404,,BOTH_NOT_OK_SAME,,,,2
/privacy/explanation,hint,404,404,,404,404,,BOTH_NOT_OK_SAME,,,,2
/r.php,hint,404,404,,404,404,,BOTH_NOT_OK_SAME,,,,2
/robots.txt,root,404,404,,200,200,,OLD_NOT_OK_NEW_OK,,,,
/session,hint,404,404,,404,404,,BOTH_NOT_OK_SAME,,,,2
/settings,hint,404,404,,404,404,,BOTH_NOT_OK_SAME,,,,2
/sitemap.xml,root,404,404,,404,404,,BOTH_NOT_OK_SAME,,,,
/static/css/style.css?lang=ja,hint,404,404,,404,404,,BOTH_NOT_OK_SAME,,,,911
/talk/show/003db6cc-cf45-11e2-9e79-f0896aeab6a4,hint,301,200,/2013/talk/show/003db6cc-cf45-11e2-9e79-f0896aeab6a4,301,200,/2013/talk/show/003db6cc-cf45-11e2-9e79-f0896aeab6a4,SAME_BENIGN,,,,
/u2f/login_fragment,hint,404,404,,404,404,,BOTH_NOT_OK_SAME,,,,
/unsupportedbrowser?_fb_noscript=1,hint,404,404,,404,404,,BOTH_NOT_OK_SAME,,,,
/web/20130627200854/http://yapcasia.org/2013/member/show/42fa605e-b23b-11e2-b224-5e5c6aeab6a4,new-link,404,404,,404,404,,BOTH_NOT_OK_SAME,,,,2
/web/20130627200854/http:/yapcasia.org/2013/member/show/42fa605e-b23b-11e2-b224-5e5c6aeab6a4,hint,404,404,,404,404,,BOTH_NOT_OK_SAME,,,,
/web/20130629065921/http://yapcasia.org/2013/member/show/908b71a6-c69e-11e2-80df-039a6aeab6a4,new-link,404,404,,404,404,,BOTH_NOT_OK_SAME,,,,2
/web/20130629065921/http:/yapcasia.org/2013/member/show/908b71a6-c69e-11e2-80df-039a6aeab6a4,hint,404,404,,404,404,,BOTH_NOT_OK_SAME,,,,
